dong,housing_type,building,building_source,jibun,road_addr,lease_type,area_m2,contract_ym,contract_day,deposit,rent,floor,built_year,lease_period,is_new,renewal_right_used,prev_deposit,prev_rent,cap_seoul_rent,cap_youth_rent_loan
광장동,villa,대종아트빌,ORIGINAL,340-11,아차산로78가길 42-3,RENT,29.51,202609,12,2000,120,2,2017,202609~202809,Y,N,,,N,N
광장동,villa,다우빌라,ORIGINAL,285-4,광장로5길 11-6,RENT,29.84,202609,05,2000,65,2,1994,202612~202812,Y,N,,,N,Y
광장동,officetel,주성아우라 오피스텔,ORIGINAL,120,아차산로78길 33,RENT,29.59,202609,04,1700,40,1,2011,202609~202709,Y,N,,,Y,Y
광장동,villa,바른길villa,ORIGINAL,247-10,아차산로75길 43,RENT,30.0,202608,29,2000,73,2,2002,202609~202809,N,N,2000.0,69.0,N,N
광장동,villa,금탑빌라,ORIGINAL,249-1,아차산로75길 13,RENT,30.46,202608,26,1000,100,4,1996,202608~202708,Y,N,,,N,N
광장동,officetel,효성리버카운티,ORIGINAL,108,아차산로78길 56,RENT,24.04,202608,06,1000,56,2,2003,202608~202708,Y,N,,,Y,Y
광장동,villa,빌딩S존,ORIGINAL,329-1,아차산로 607,RENT,34.68,202607,23,21800,4,3,2013,202609~202809,Y,N,,,N,N
광장동,officetel,효성리버카운티,ORIGINAL,108,아차산로78길 56,RENT,30.44,202607,02,1000,70,11,2003,202607~202807,Y,N,,,N,Y
광장동,villa,다인빌,ORIGINAL,247-2,아차산로73길 41,RENT,38.64,202606,30,2000,70,4,2004,202606~202806,Y,N,,,N,Y
광장동,villa,바른길villa,ORIGINAL,247-10,아차산로75길 43,RENT,24.5,202606,18,500,55,5,2002,202607~202807,Y,N,,,Y,Y
광장동,villa,다인빌,ORIGINAL,247-2,아차산로73길 41,RENT,26.9,202606,03,1000,48,3,2004,202606~202806,Y,N,,,Y,Y
광장동,officetel,효성리버카운티,ORIGINAL,108,아차산로78길 56,RENT,24.04,202605,30,1000,58,5,2003,202606~202706,Y,N,,,Y,Y
광장동,villa,이천아트빌라,ORIGINAL,182-8,아차산로78가길 36-4,RENT,29.96,202605,22,18900,5,3,2016,202606~202806,N,Y,18900.0,0.0,N,N
광장동,villa,다우빌라,ORIGINAL,285-4,광장로5길 11-6,RENT,30.88,202605,20,2000,75,1,1994,202606~202806,N,Y,2000.0,75.0,N,N
광장동,officetel,효성리버카운티,ORIGINAL,108,아차산로78길 56,RENT,27.8,202605,18,1000,65,2,2003,202606~202706,Y,N,,,N,Y
광장동,officetel,효성리버카운티,ORIGINAL,108,아차산로78길 56,RENT,24.04,202605,04,1000,58,9,2003,202605~202705,N,N,1000.0,55.0,Y,Y
광장동,officetel,효성리버카운티,ORIGINAL,108,아차산로78길 56,RENT,28.75,202605,04,1000,65,6,2003,202605~202705,Y,N,,,N,Y
광장동,officetel,효성리버카운티,ORIGINAL,108,아차산로78길 56,RENT,24.04,202605,01,1000,55,7,2003,202605~202705,Y,N,,,Y,Y
광장동,officetel,효성리버카운티,ORIGINAL,108,아차산로78길 56,RENT,30.44,202604,01,300,65,3,2003,202605~202705,Y,N,,,N,Y
광장동,villa,이천아트빌라,ORIGINAL,182-8,아차산로78가길 36-4,RENT,17.76,202603,28,1000,65,5,2016,202603~202703,Y,N,,,N,Y
광장동,officetel,효성리버카운티,ORIGINAL,108,아차산로78길 56,RENT,27.8,202603,14,1000,63,6,2003,202605~202805,N,N,1000.0,60.0,N,Y
광장동,officetel,효성리버카운티,ORIGINAL,108,아차산로78길 56,RENT,27.8,202603,07,10000,20,7,2003,202603~202803,Y,N,,,N,N
광장동,villa,아차산로78가길 30,ROAD_ADDR,148-21,아차산로78가길 30,RENT,26.04,202603,06,1000,70,2,2012,202603~202803,Y,N,,,N,Y
광장동,villa,화인빌리지,ORIGINAL,247-22,천호대로141길 10-7,RENT,20.28,202603,06,1000,30,3,2002,202603~202803,Y,N,,,Y,Y
광장동,officetel,효성리버카운티,ORIGINAL,108,아차산로78길 56,RENT,27.8,202602,23,1000,65,8,2003,202603~202703,Y,N,,,N,Y
광장동,officetel,효성리버카운티,ORIGINAL,108,아차산로78길 56,RENT,30.44,202602,19,1000,63,4,2003,202603~202703,Y,N,,,N,Y
광장동,officetel,효성리버카운티,ORIGINAL,108,아차산로78길 56,RENT,28.75,202602,13,1000,70,10,2003,202602~202702,Y,N,,,N,Y
광장동,officetel,효성리버카운티,ORIGINAL,108,아차산로78길 56,RENT,24.04,202602,10,1000,55,6,2003,202603~202703,Y,N,,,Y,Y
광장동,villa,아차산로78가길 30,ROAD_ADDR,148-21,아차산로78가길 30,RENT,20.16,202602,05,3000,25,3,2012,202603~202703,Y,N,,,Y,Y
광장동,officetel,효성리버카운티,ORIGINAL,108,아차산로78길 56,RENT,30.44,202602,03,1000,65,3,2003,202602~202802,Y,N,,,N,Y
광장동,villa,시원빌라,ORIGINAL,413-15,아차산로69길 14,RENT,32.49,202601,31,200,90,2,1992,202602~202701,Y,N,,,N,N
광장동,officetel,현대골든텔,ORIGINAL,102,아차산로78길 75,RENT,24.71,202601,30,1000,60,6,1991,202602~202702,Y,N,,,Y,Y
광장동,officetel,효성리버카운티,ORIGINAL,108,아차산로78길 56,RENT,26.67,202601,29,1000,65,9,2003,202603~202703,Y,N,,,N,Y
광장동,officetel,효성리버카운티,ORIGINAL,108,아차산로78길 56,RENT,28.75,202601,22,1000,70,10,2003,202602~202702,Y,N,,,N,Y
광장동,officetel,워커힐 팰리스,ORIGINAL,125,아차산로78길 18,RENT,32.37,202601,19,2000,85,2,2005,202602~202702,Y,N,,,N,N
광장동,officetel,효성리버카운티,ORIGINAL,108,아차산로78길 56,RENT,26.63,202601,16,1000,60,2,2003,202601~202701,Y,N,,,Y,Y
광장동,officetel,현대아피스,OTHER_RECORD,396-13,천호대로 796,RENT,31.76,202601,13,1000,85,1,2000,202604~202804,Y,N,,,N,N
광장동,officetel,효성리버카운티,ORIGINAL,108,아차산로78길 56,RENT,24.04,202601,10,10000,20,9,2003,202602~202802,Y,N,,,N,N
광장동,villa,화인빌리지,ORIGINAL,247-22,천호대로141길 10-7,RENT,20.28,202601,09,8500,10,2,2002,202602~202802,Y,N,,,N,N
광장동,officetel,효성리버카운티,ORIGINAL,108,아차산로78길 56,RENT,30.44,202601,02,1000,65,10,2003,202601~202701,Y,N,,,N,Y
광장동,villa,아차산로78가길 30,ROAD_ADDR,148-21,아차산로78가길 30,RENT,26.04,202512,27,1000,64,3,2012,202601~202701,Y,N,,,N,Y
광장동,villa,광장로5길 12-6,ROAD_ADDR,272-10,광장로5길 12-6,RENT,29.34,202512,27,1000,48,-1,1988,202602~202702,Y,N,,,Y,Y
광장동,officetel,효성리버카운티,ORIGINAL,108,아차산로78길 56,RENT,27.8,202512,26,1000,60,8,2003,202601~202701,Y,N,,,Y,Y
광장동,officetel,현대골든텔,ORIGINAL,102,아차산로78길 75,RENT,25.89,202512,26,500,64,10,1991,202512~202612,Y,N,,,N,Y
광장동,villa,이천아트빌라,ORIGINAL,182-8,아차산로78가길 36-4,RENT,29.96,202512,26,17000,20,3,2016,202602~202802,Y,N,,,N,N
광장동,officetel,주성아우라 오피스텔,ORIGINAL,120,아차산로78길 33,RENT,29.83,202512,22,1000,68,3,2011,202512~202612,Y,N,,,N,Y
광장동,villa,다우빌라,ORIGINAL,285-4,광장로5길 11-6,RENT,29.84,202512,12,10000,26,3,1994,202602~202802,N,N,12000.0,0.0,N,N
광장동,villa,다우빌라,ORIGINAL,285-4,광장로5길 11-6,RENT,29.84,202512,12,10000,26,3,1994,202602~202802,N,N,12000.0,0.0,N,N
광장동,officetel,효성리버카운티,ORIGINAL,108,아차산로78길 56,RENT,27.8,202512,02,500,57,3,2003,202601~202701,Y,N,,,Y,Y
광장동,officetel,효성리버카운티,ORIGINAL,108,아차산로78길 56,RENT,28.51,202511,27,1000,70,4,2003,202601~202701,Y,N,,,N,Y
광장동,officetel,효성리버카운티,ORIGINAL,108,아차산로78길 56,RENT,24.04,202511,21,1000,55,7,2003,202512~202612,Y,N,,,Y,Y
광장동,villa,다우빌라,ORIGINAL,285-4,광장로5길 11-6,RENT,36.01,202511,18,2000,70,1,1994,202512~202712,Y,N,,,N,Y
광장동,villa,아차산로78가길 36-13,ROAD_ADDR,340-6,아차산로78가길 36-13,RENT,29.93,202511,08,10000,50,3,2013,202602~202802,Y,N,,,N,N
광장동,officetel,주성아우라 오피스텔,ORIGINAL,120,아차산로78길 33,RENT,29.83,202511,04,1000,68,3,2011,202511~202611,Y,N,,,N,Y
광장동,officetel,효성리버카운티,ORIGINAL,108,아차산로78길 56,RENT,24.04,202510,18,1000,55,4,2003,202510~202610,Y,N,,,Y,Y
광장동,officetel,효성리버카운티,ORIGINAL,108,아차산로78길 56,RENT,24.04,202510,18,1000,60,3,2003,202511~202611,Y,N,,,Y,Y
광장동,officetel,주성아우라 오피스텔,ORIGINAL,120,아차산로78길 33,RENT,29.83,202510,17,1000,68,1,2011,202510~202610,Y,N,,,N,Y
광장동,villa,빌딩S존,ORIGINAL,329-1,아차산로 607,RENT,34.23,202510,13,22000,9,4,2013,202511~202711,Y,N,,,N,N
광장동,villa,바른길villa,ORIGINAL,247-10,아차산로75길 43,RENT,30.0,202510,11,1000,74,2,2002,202512~202712,Y,N,,,N,N
광장동,villa,바른길villa,ORIGINAL,247-10,아차산로75길 43,RENT,24.5,202510,11,500,66,3,2002,202511~202711,N,N,500.0,63.0,N,Y
구의동,officetel,웰츠타워,ORIGINAL,252-16,자양로 116,RENT,24.82,202609,21,1000,93,16,2015,202610~202710,Y,N,,,N,N
구의동,villa,덕원빌라,ORIGINAL,227-38,구의로12길 5,RENT,17.7,202609,21,5500,28,5,2016,202611~202811,Y,N,,,Y,Y
구의동,villa,크로마하우스7,ORIGINAL,227-34,구의로14길 6,RENT,22.51,202609,21,20000,22,2,2020,202611~202811,Y,N,,,N,N
구의동,villa,정안빌,ORIGINAL,240-8,광나루로38길 79,RENT,28.65,202609,20,14000,50,3,2019,202611~202811,N,N,14000.0,45.0,N,N
구의동,villa,광나루로52길 62,ROAD_ADDR,210-8,광나루로52길 62,RENT,22.76,202609,19,10000,40,2,2013,202611~202811,N,N,10000.0,30.0,N,N
구의동,villa,자양로26길 92-13,ROAD_ADDR,221-75,자양로26길 92-13,RENT,22.63,202609,17,10000,23,2,2017,202611~202811,Y,N,,,N,N
구의동,villa,돌체,ORIGINAL,257-13,아차산로53길 24,RENT,21.24,202609,17,2500,43,3,2011,202610~202810,Y,N,,,Y,Y
구의동,villa,자양로26길 92-13,ROAD_ADDR,221-75,자양로26길 92-13,RENT,22.63,202609,17,10000,23,2,2017,202611~202811,Y,N,,,N,N
구의동,officetel,베스트 트레드빌,ORIGINAL,243-2,자양로18길 96,RENT,26.84,202609,16,1000,75,12,2004,202610~202810,Y,N,,,N,N
구의동,villa,두진빌,ORIGINAL,248-8,자양로22길 45,RENT,24.89,202609,16,18000,16,2,2019,202611~202811,Y,N,,,N,N
구의동,villa,상그릴라빌,ORIGINAL,212-11,광나루로52길 37,RENT,18.85,202609,16,10000,20,3,2018,202610~202810,Y,N,,,N,N
구의동,villa,구의에스하임1,ORIGINAL,638-5,광나루로30나길 15,RENT,32.23,202609,16,3646,8,2,2015,202610~202809,N,N,1519.0,20.0,Y,Y
구의동,officetel,아차산로 480,ROAD_ADDR,199-8,아차산로 480,RENT,27.66,202609,15,1000,95,5,2017,202611~202711,Y,N,,,N,N
구의동,officetel,웰츠타워,ORIGINAL,252-16,자양로 116,RENT,24.82,202609,15,1000,91,16,2015,202610~202710,N,N,1000.0,90.0,N,N
구의동,villa,구의로 47-6,ROAD_ADDR,225-43,구의로 47-6,RENT,27.3,202609,15,22050,20,2,2017,202610~202710,N,Y,22050.0,15.0,N,N
구의동,villa,사랑빌,ORIGINAL,225-1,구의로 53-1,RENT,16.65,202609,15,15000,60,6,2018,202611~202811,Y,N,,,N,N
구의동,villa,지선재,ORIGINAL,75-22,자양로41길 26-4,RENT,35.95,202609,15,29000,37,2,2021,202610~202810,N,Y,29000.0,30.0,N,N
구의동,officetel,리버 비스타 구의,ORIGINAL,243-13,아차산로 417,RENT,21.0,202609,14,1000,87,9,2019,202611~202711,Y,N,,,N,N
구의동,officetel,웰츠타워,ORIGINAL,252-16,자양로 116,RENT,24.82,202609,14,1000,89,10,2015,202609~202709,Y,N,,,N,N
구의동,officetel,구의동 벨라로사 오피스텔,ORIGINAL,243-71,아차산로 405,RENT,20.94,202609,14,20500,15,15,2019,202610~202810,Y,N,,,N,N
구의동,villa,금강,ORIGINAL,208-11,광나루로44길 39,RENT,29.73,202609,14,10000,50,2,2011,202610~202810,Y,N,,,N,N
구의동,villa,테라펠리스건대3차,ORIGINAL,246-1,아차산로55길 11,RENT,12.47,202609,13,1000,100,2,2021,202610~202810,Y,N,,,N,N
구의동,officetel,아차산로 480,ROAD_ADDR,199-8,아차산로 480,RENT,27.03,202609,12,3000,100,9,2017,202610~202810,Y,N,,,N,N
구의동,villa,지음스토리,ORIGINAL,224-35,구의로10길 13,RENT,28.39,202609,12,25700,33,4,2020,202611~202811,N,Y,25700.0,27.0,N,N
구의동,villa,HBenest,ORIGINAL,223-60,구의로4길 7-4,RENT,23.25,202609,12,15000,22,2,2018,202610~202810,Y,N,,,N,N
구의동,villa,힐링아트(72-1),ORIGINAL,72-1,천호대로136길 16,RENT,33.49,202609,12,20900,17,4,2013,202609~202809,N,N,20900.0,10.0,N,N
구의동,officetel,구의동 벨라로사 오피스텔,ORIGINAL,243-71,아차산로 405,RENT,20.94,202609,11,19500,3,7,2019,202610~202810,N,N,19500.0,0.0,N,N
구의동,villa,케이비시티4,ORIGINAL,239-52,자양로28길 73-9,RENT,23.01,202609,11,19000,8,2,2019,202611~202811,Y,N,,,N,N
구의동,villa,아차산로65길 38,ROAD_ADDR,206-3,아차산로65길 38,RENT,34.86,202609,11,10000,30,5,2012,202611~202811,N,N,10000.0,27.0,N,N
구의동,villa,현대하이츠빌라(591-4),ORIGINAL,591-4,아차산로58나길 7-7,RENT,30.75,202609,11,1000,70,1,1996,202610~202810,N,N,1000.0,60.0,N,Y
구의동,villa,케이비시티4,ORIGINAL,239-52,자양로28길 73-9,RENT,23.01,202609,10,19000,4,3,2019,202609~202805,N,N,19000.0,4.0,N,N
구의동,villa,구의강변로7길 14,ROAD_ADDR,217-17,구의강변로7길 14,RENT,16.56,202609,10,13400,33,2,2015,202610~202810,Y,N,,,N,N
구의동,officetel,베스트 트레드빌,ORIGINAL,243-2,자양로18길 96,RENT,26.84,202609,09,5000,35,10,2004,202610~202710,Y,N,,,Y,Y
구의동,villa,로젠스톤,ORIGINAL,251-31,자양로 144,RENT,25.95,202609,09,21000,25,8,2017,202610~202810,N,N,21000.0,20.0,N,N
구의동,officetel,웰츠타워,ORIGINAL,252-16,자양로 116,RENT,24.75,202609,08,1000,89,18,2015,202609~202709,Y,N,,,N,N
구의동,officetel,광나루로54길 20,ROAD_ADDR,199-14,광나루로54길 20,RENT,32.25,202609,08,1000,75,5,2001,202611~202811,N,Y,1000.0,70.0,N,N
구의동,officetel,베스트 트레드빌,ORIGINAL,243-2,자양로18길 96,RENT,26.84,202609,08,1000,75,6,2004,202609~202709,N,N,1000.0,70.0,N,N
구의동,villa,자양로40길 28,ROAD_ADDR,63-20,자양로40길 28,RENT,32.48,202609,08,7800,3,1,1997,202610~202810,Y,N,,,Y,N
구의동,officetel,구의동 벨라로사 오피스텔,ORIGINAL,243-71,아차산로 405,RENT,20.94,202609,07,20000,13,11,2019,202610~202810,N,N,20000.0,10.0,N,N
구의동,villa,플러스빌,ORIGINAL,655-3,자양로23길 21,RENT,21.9,202609,07,9000,50,5,2013,202610~202810,N,N,9000.0,46.0,N,N
구의동,villa,그린빌라,ORIGINAL,239-112,광나루로38길 59,RENT,19.8,202609,07,1000,39,1,1995,202610~202810,Y,N,,,Y,Y
구의동,villa,진연빌(217-29),ORIGINAL,217-29,구의강변로7길 11,RENT,17.52,202609,05,3000,42,2,2013,202609~202809,Y,N,,,Y,Y
구의동,villa,아차산로55길 62-16,ROAD_ADDR,241-10,아차산로55길 62-16,RENT,21.15,202609,05,22700,12,2,2021,202609~202809,N,N,24300.0,0.0,N,N
구의동,officetel,웰츠타워,ORIGINAL,252-16,자양로 116,RENT,24.82,202609,04,1000,86,8,2015,202609~202709,Y,N,,,N,N
구의동,villa,자양로26길 20,ROAD_ADDR,251-140,자양로26길 20,RENT,15.12,202609,04,500,58,4,2013,202609~202809,Y,N,,,Y,Y
구의동,villa,크로마하우스11,ORIGINAL,634-11,자양로23길 83-5,RENT,23.84,202609,04,16000,23,2,2020,202610~202810,Y,N,,,N,N
구의동,villa,욱현하이브(23-32),ORIGINAL,23-32,영화사로16나길 7,RENT,25.44,202609,03,5000,100,4,2019,202610~202810,Y,N,,,N,N
구의동,officetel,센트럴빌,ORIGINAL,253-19,광나루로 486,RENT,32.19,202609,02,2000,70,9,2003,202610~202810,Y,N,,,N,Y
구의동,officetel,아차산로 443,ROAD_ADDR,219-17,아차산로 443,RENT,32.34,202609,01,2000,80,5,2000,202611~202811,Y,N,,,N,N
구의동,villa,더엘,ORIGINAL,638-3,광나루로30가길 16-6,RENT,26.27,202609,01,100,30,3,2023,202609~202811,Y,N,,,Y,Y
구의동,officetel,다성리버텔,ORIGINAL,218-12,아차산로 452,RENT,33.97,202608,31,1000,85,3,2002,202609~202809,Y,N,,,N,N
구의동,villa,구의동연리지,ORIGINAL,78-48,자양로41길 7-9,RENT,35.59,202608,31,12000,50,5,2016,202610~202810,Y,N,,,N,N
구의동,villa,힐카운티11,ORIGINAL,596-11,구의강변로 31-14,RENT,26.55,202608,31,25000,10,6,2017,202610~202810,Y,N,,,N,N
구의동,villa,자양로42길 32,ROAD_ADDR,60-67,자양로42길 32,RENT,29.99,202608,31,10000,85,3,2016,202610~202810,Y,N,,,N,N
구의동,officetel,베스트 트레드빌,ORIGINAL,243-2,자양로18길 96,RENT,26.84,202608,29,1000,75,6,2004,202608~202808,Y,N,,,N,N
구의동,villa,우림아트빌,ORIGINAL,251-64,아차산로49길 68-2,RENT,16.15,202608,29,1100,58,2,2012,202609~202809,Y,N,,,Y,Y
구의동,villa,크로마하우스VIII,ORIGINAL,210-69,아차산로59길 24,RENT,21.95,202608,29,19400,27,3,2020,202611~202811,N,Y,19400.0,22.0,N,N
구의동,villa,강변리버빌,ORIGINAL,591-22,뚝섬로67길 35,RENT,29.03,202608,29,23000,20,2,2016,202611~202811,Y,N,,,N,N
구의동,officetel,웰츠타워,ORIGINAL,252-16,자양로 116,RENT,29.71,202608,27,1000,103,5,2015,202609~202709,Y,N,,,N,N
구의동,villa,더엘,ORIGINAL,638-3,광나루로30가길 16-6,RENT,26.23,202608,26,2205,23,3,2023,202609~202808,N,N,2205.0,23.0,Y,Y
구의동,villa,힐알펜시아,ORIGINAL,207-9,광나루로46길 47,RENT,20.64,202608,26,2000,75,4,2020,202611~202711,N,Y,2000.0,72.0,N,N
구의동,officetel,웰츠타워,ORIGINAL,252-16,자양로 116,RENT,24.82,202608,24,1000,89,17,2015,202609~202709,Y,N,,,N,N
구의동,officetel,크레신타워3차,ORIGINAL,246-14,아차산로 375,RENT,26.91,202608,24,1000,77,15,2006,202609~202709,N,Y,1000.0,74.0,N,N
구의동,villa,성광빌라,ORIGINAL,650-5,자양로23가길 35,RENT,33.31,202608,24,7000,70,4,2004,202609~202809,Y,N,,,N,N
구의동,officetel,아차산로 443,ROAD_ADDR,219-17,아차산로 443,RENT,27.6,202608,22,12000,20,4,2000,202609~202809,Y,N,,,N,N
구의동,officetel,신도브래뉴오피스텔,ORIGINAL,251-34,자양로 138,RENT,20.08,202608,22,1000,60,2,2003,202608~202708,Y,N,,,Y,Y
구의동,officetel,크레신타워3차,ORIGINAL,246-14,아차산로 375,RENT,25.35,202608,22,1000,80,9,2006,202609~202809,Y,N,,,N,N
구의동,villa,아차산로65길 38,ROAD_ADDR,206-3,아차산로65길 38,RENT,16.8,202608,22,1000,61,4,2012,202609~202809,Y,N,,,N,Y
구의동,villa,자양로18길 67-7,ROAD_ADDR,242-137,자양로18길 67-7,RENT,29.94,202608,22,11000,42,2,2013,202611~202811,Y,N,,,N,N
구의동,villa,승지,ORIGINAL,29-20,자양로49길 16-7,RENT,29.31,202608,22,4000,78,4,2020,202608~202808,Y,N,,,N,N
구의동,villa,아리아하우스,ORIGINAL,230-17,자양로32길 61,RENT,27.33,202608,20,27900,6,7,2016,202608~202808,N,N,27900.0,0.0,N,N
구의동,villa,드림하우젠2,ORIGINAL,614-11,천호대로130길 59-11,RENT,14.85,202608,20,14860,16,3,2019,202609~202809,Y,N,,,N,N
구의동,villa,자양로18길 97-10,ROAD_ADDR,221-39,자양로18길 97-10,RENT,33.84,202608,20,1000,70,2,2003,202608~202808,Y,N,,,N,Y
구의동,officetel,리버 비스타 구의,ORIGINAL,243-13,아차산로 417,RENT,19.79,202608,19,16000,30,8,2019,202608~202810,Y,N,,,N,N
구의동,officetel,다성리버텔,ORIGINAL,218-12,아차산로 452,RENT,33.97,202608,19,1000,85,9,2002,202609~202809,Y,N,,,N,N
구의동,villa,자양로23길 63,ROAD_ADDR,646-8,자양로23길 63,RENT,29.24,202608,19,27500,20,3,2019,202609~202809,N,N,24500.0,20.0,N,N
구의동,officetel,테라펠리스 건대 3차,ORIGINAL,246-1,아차산로55길 11,RENT,17.05,202608,18,60,44,8,2021,202608~202812,Y,N,,,Y,Y
구의동,villa,"우리House,태형타운",ORIGINAL,227-26,구의로12길 16,RENT,36.4,202608,18,3000,110,5,2016,202609~202809,Y,N,,,N,N
구의동,villa,더엘,ORIGINAL,638-3,광나루로30가길 16-6,RENT,26.71,202608,18,100,28,5,2023,202609~202808,N,N,100.0,28.0,Y,Y
구의동,villa,채움하우스(257-28),ORIGINAL,257-28,아차산로53길 38-14,RENT,25.62,202608,17,14000,23,3,2018,202609~202809,N,Y,17000.0,7.0,N,N
구의동,villa,에버그린,ORIGINAL,669,자양로46길 6,RENT,26.06,202608,15,27800,5,4,2019,202610~202810,Y,N,,,N,N
구의동,officetel,웰츠타워,ORIGINAL,252-16,자양로 116,RENT,24.75,202608,14,1000,85,11,2015,202608~202708,Y,N,,,N,N
구의동,villa,크로마하우스VIII,ORIGINAL,210-69,아차산로59길 24,RENT,39.64,202608,14,28500,29,2,2020,202610~202810,Y,N,,,N,N
구의동,villa,에버그린,ORIGINAL,669,자양로46길 8,RENT,21.36,202608,14,23600,20,2,2019,202610~202810,Y,N,,,N,N
구의동,villa,구의리베르떼,ORIGINAL,77-5,자양로41길 21,RENT,17.61,202608,13,25000,13,5,2026,202609~202809,Y,N,,,N,N
구의동,officetel,웰츠타워,ORIGINAL,252-16,자양로 116,RENT,25.16,202608,12,1000,86,11,2015,202609~202709,Y,N,,,N,N
구의동,villa,자양로23길 63,ROAD_ADDR,646-8,자양로23길 63,RENT,19.6,202608,12,15900,15,3,2019,202609~202809,N,N,15000.0,15.0,N,N
구의동,villa,돌체,ORIGINAL,257-13,아차산로53길 24,RENT,21.0,202608,12,2000,44,5,2011,202608~202808,Y,N,,,Y,Y
구의동,officetel,그랜드파크 오피스텔,ORIGINAL,76-1,천호대로 666,RENT,19.4,202608,11,1000,78,7,2017,202608~202708,Y,N,,,N,N
구의동,officetel,센트럴빌,ORIGINAL,253-19,광나루로 486,RENT,32.19,202608,11,1000,73,3,2003,202608~202808,Y,N,,,N,N
구의동,officetel,아델리아 구의타워,ORIGINAL,251-157,자양로 156,RENT,18.74,202608,10,1000,67,2,2010,202609~202709,Y,N,,,N,Y
구의동,officetel,아델리아 구의타워,ORIGINAL,251-157,자양로 156,RENT,18.74,202608,10,1000,67,6,2010,202610~202710,N,N,1000.0,65.0,N,Y
구의동,officetel,테라펠리스 건대 3차,ORIGINAL,246-1,아차산로55길 11,RENT,17.19,202608,10,60,44,8,2021,202608~202812,Y,N,,,Y,Y
구의동,officetel,강변에스케이뷰,ORIGINAL,667,아차산로 431,RENT,28.76,202608,10,1000,84,3,2017,202609~202709,N,N,1000.0,80.0,N,N
구의동,officetel,아델리아 구의타워,ORIGINAL,251-157,자양로 156,RENT,18.74,202608,10,1000,67,7,2010,202610~202709,N,N,1000.0,65.0,N,Y
구의동,officetel,아델리아 구의타워,ORIGINAL,251-157,자양로 156,RENT,18.74,202608,10,1000,67,2,2010,202609~202709,N,N,1000.0,65.0,N,Y
구의동,officetel,아델리아 구의타워,ORIGINAL,251-157,자양로 156,RENT,36.41,202608,10,1000,80,9,2010,202609~202709,N,N,1000.0,78.0,N,N
구의동,officetel,광진팰리스,ORIGINAL,251-26,자양로 144-1,RENT,17.18,202608,10,60,34,3,2019,202608~202812,Y,N,,,Y,Y
구의동,officetel,웰츠타워,ORIGINAL,252-16,자양로 116,RENT,26.33,202608,10,1000,95,13,2015,202608~202708,Y,N,,,N,N
구의동,officetel,웰츠타워,ORIGINAL,252-16,자양로 116,RENT,24.82,202608,10,1000,92,16,2015,202608~202708,Y,N,,,N,N
구의동,villa,자양로18길 67-9,ROAD_ADDR,242-120,자양로18길 67-9,RENT,17.44,202608,10,2000,48,2,2013,202608~202808,Y,N,,,Y,Y
구의동,villa,광진팰리스,ORIGINAL,251-26,자양로 144-1,RENT,15.19,202608,10,60,31,9,2019,202608~202812,Y,N,,,Y,Y
구의동,officetel,크레신타워3차,ORIGINAL,246-14,아차산로 375,RENT,25.35,202608,08,1000,80,13,2006,202609~202709,Y,N,,,N,N
구의동,officetel,크레신타워3차,ORIGINAL,246-14,아차산로 375,RENT,25.35,202608,08,1000,80,13,2006,202609~202709,Y,N,,,N,N
구의동,officetel,평강오피스텔,ORIGINAL,598-2,구의강변로 27,RENT,25.5,202608,08,1000,70,1,2003,202608~202808,Y,N,,,N,Y
구의동,officetel,아델리아 구의타워,ORIGINAL,251-157,자양로 156,RENT,18.74,202608,08,1000,67,3,2010,202609~202709,Y,N,,,N,Y
구의동,officetel,센트럴빌,ORIGINAL,253-19,광나루로 486,RENT,32.19,202608,07,1000,75,7,2003,202610~202810,Y,N,,,N,N
구의동,officetel,크레신타워3차,ORIGINAL,246-14,아차산로 375,RENT,25.35,202608,06,1000,78,12,2006,202609~202709,Y,N,,,N,N
구의동,officetel,구의동 벨라로사 오피스텔,ORIGINAL,243-71,아차산로 405,RENT,20.94,202608,06,20000,20,15,2019,202608~202808,N,N,20000.0,17.0,N,N
구의동,villa,자양로46길 7,ROAD_ADDR,47-20,자양로46길 7,RENT,24.94,202608,06,2000,44,2,2002,202610~202810,Y,N,,,Y,Y
구의동,villa,구의동에코하임,ORIGINAL,642-3,광나루로30다길 7,RENT,28.07,202608,05,3000,105,4,2023,202608~202808,Y,N,,,N,N
구의동,officetel,구의역 에떼르넬 비욘드,ORIGINAL,246-38,아차산로 391,RENT,23.76,202608,04,3000,145,15,2024,202609~202709,Y,N,,,N,N
구의동,officetel,그랜드파크 오피스텔,ORIGINAL,76-1,천호대로 666,RENT,21.56,202608,04,1000,80,6,2017,202608~202708,Y,N,,,N,N
구의동,villa,엘하우스,ORIGINAL,251-37,자양로22길 3-1,RENT,28.65,202608,04,25000,10,6,2018,202609~202809,Y,N,,,N,N
구의동,villa,자연S,ORIGINAL,257-40,아차산로53길 51-10,RENT,13.84,202608,04,2500,38,3,2013,202608~202808,Y,N,,,Y,Y
구의동,villa,아차산로65길 38,ROAD_ADDR,206-3,아차산로65길 38,RENT,20.38,202608,04,940,64,3,2012,202608~202808,N,N,1000.0,61.0,N,Y
구의동,officetel,구의동 홀가하우스,ORIGINAL,80-29,자양로 211,RENT,21.37,202608,03,2000,110,4,2020,202608~202808,Y,N,,,N,N
구의동,villa,세광빌라,ORIGINAL,60-48,천호대로136길 41,RENT,37.8,202608,02,2000,60,1,2001,202608~202808,N,N,1000.0,70.0,Y,Y
구의동,officetel,아델리아 구의타워,ORIGINAL,251-157,자양로 156,RENT,18.74,202608,01,1000,66,6,2010,202608~202708,N,N,1000.0,63.0,N,Y
구의동,officetel,아델리아 구의타워,ORIGINAL,251-157,자양로 156,RENT,18.74,202608,01,1000,67,8,2010,202608~202708,Y,N,,,N,Y
구의동,officetel,센트럴빌,ORIGINAL,253-19,광나루로 486,RENT,32.19,202608,01,2000,70,6,2003,202608~202808,Y,N,,,N,Y
구의동,villa,아차산로53길 71-4,ROAD_ADDR,248-104,아차산로53길 71-4,RENT,16.19,202608,01,12000,5,3,2012,202609~202809,N,N,12000.0,5.0,N,N
구의동,villa,크로마하우스7,ORIGINAL,227-34,구의로14길 6,RENT,22.51,202608,01,22650,3,3,2020,202608~202808,N,N,22650.0,3.0,N,N
구의동,villa,아차산로49길 38,ROAD_ADDR,252-84,아차산로49길 38,RENT,27.62,202608,01,17500,45,3,2015,202610~202810,Y,N,,,N,N
구의동,officetel,베스트 트레드빌,ORIGINAL,243-2,자양로18길 96,RENT,26.84,202607,31,1000,75,7,2004,202608~202808,Y,N,,,N,N
구의동,villa,빌라드리치,ORIGINAL,204-15,광나루로46길 24-9,RENT,27.53,202607,31,5000,120,6,2020,202608~202808,Y,N,,,N,N
구의동,villa,테라펠리스건대3차,ORIGINAL,246-1,아차산로55길 11,RENT,12.47,202607,31,1000,110,4,2021,202608~202708,Y,N,,,N,N
구의동,villa,한미주택,ORIGINAL,72-41,천호대로134길 13,RENT,29.88,202607,31,15000,97,5,2018,202608~202808,N,N,10000.0,120.0,N,N
구의동,villa,사랑빌,ORIGINAL,225-1,구의로 53-1,RENT,21.78,202607,30,16000,50,5,2018,202610~202810,Y,N,,,N,N
구의동,villa,힐카운티11,ORIGINAL,596-11,구의강변로 31-14,RENT,27.66,202607,30,26900,4,2,2017,202609~202809,Y,N,,,N,N
구의동,officetel,크레신타워3차,ORIGINAL,246-14,아차산로 375,RENT,26.91,202607,29,1000,80,14,2006,202610~202810,Y,N,,,N,N
구의동,villa,아스하임(232-75),ORIGINAL,232-75,자양로32길 42,RENT,15.89,202607,29,18000,19,2,2021,202607~202807,N,N,18000.0,15.0,N,N
구의동,villa,명진빌(239-6),ORIGINAL,239-6,자양로30길 72,RENT,17.54,202607,28,1000,50,4,2013,202608~202807,Y,N,,,Y,Y
구의동,villa,구의빌라나동,ORIGINAL,650-2,광나루로30길 47,RENT,34.81,202607,28,13000,60,1,1986,202608~202808,Y,N,,,N,N
구의동,villa,구의빌라나동,ORIGINAL,650-2,광나루로30길 47,RENT,34.81,202607,28,13000,60,1,1986,202608~202808,Y,N,,,N,N
구의동,officetel,크레신타워3차,ORIGINAL,246-14,아차산로 375,RENT,26.91,202607,27,1000,75,15,2006,202609~202709,Y,N,,,N,N
구의동,officetel,구의아크로리버,ORIGINAL,589-10,구의강변로 64,RENT,33.08,202607,27,1000,85,3,2004,202609~202709,Y,N,,,N,N
구의동,villa,아차산로53길 71-4,ROAD_ADDR,248-104,아차산로53길 71-4,RENT,16.57,202607,27,2500,50,4,2012,202608~202808,Y,N,,,Y,Y
구의동,villa,삼익빌라,ORIGINAL,587-55,강변역로2길 33,RENT,37.02,202607,27,3000,100,2,1991,202607~202807,Y,N,,,N,N
구의동,villa,자양로22길 9-12,ROAD_ADDR,251-120,자양로22길 9-12,RENT,20.16,202607,26,1000,63,4,2018,202608~202808,Y,N,,,N,Y
구의동,villa,스톤빌,ORIGINAL,78-47,천호대로132길 15-1,RENT,27.88,202607,26,1000,42,3,2003,202607~202707,Y,N,,,Y,Y
구의동,villa,스톤빌,ORIGINAL,78-47,천호대로132길 15-1,RENT,28.43,202607,26,5000,35,3,2003,202607~202707,N,N,5000.0,32.0,Y,Y
구의동,villa,자양로26길 93,ROAD_ADDR,222-45,자양로26길 93,RENT,12.63,202607,26,9000,14,3,2012,202609~202809,N,N,9000.0,12.0,N,N
구의동,officetel,신도브래뉴오피스텔,ORIGINAL,251-34,자양로 138,RENT,31.2,202607,25,1000,80,6,2003,202608~202708,Y,N,,,N,N
구의동,officetel,아델리아 구의타워,ORIGINAL,251-157,자양로 156,RENT,18.74,202607,25,1000,67,5,2010,202607~202707,N,N,1000.0,65.0,N,Y
구의동,villa,정수아트빌(63-16),ORIGINAL,63-16,자양로40길 32,RENT,29.96,202607,25,28000,20,2,2021,202609~202809,Y,N,,,N,N
구의동,villa,자양로18길 67-7,ROAD_ADDR,242-137,자양로18길 67-7,RENT,29.59,202607,25,12000,43,1,2013,202608~202808,Y,N,,,N,N
구의동,villa,아차산로57길 20-5,ROAD_ADDR,221-11,아차산로57길 20-5,RENT,29.65,202607,25,21200,18,3,2018,202610~202810,N,N,21200.0,18.0,N,N
구의동,villa,광나루로40길 43,ROAD_ADDR,225-18,광나루로40길 43,RENT,18.4,202607,25,3000,135,4,2015,202607~202807,N,Y,3000.0,130.0,N,N
구의동,villa,아차산로57길 20-5,ROAD_ADDR,221-11,아차산로57길 20-5,RENT,23.1,202607,25,1000,73,5,2018,202609~202709,N,N,1000.0,70.0,N,N
구의동,officetel,아차산로 480,ROAD_ADDR,199-8,아차산로 480,RENT,27.03,202607,24,2000,95,9,2017,202607~202801,Y,N,,,N,N
구의동,villa,장원캐슬,ORIGINAL,248-7,아차산로55길 57-3,RENT,29.94,202607,24,16000,60,5,2018,202609~202809,Y,N,,,N,N
구의동,officetel,자양로 260,ROAD_ADDR,71-5,자양로 260,RENT,36.59,202607,23,2000,130,7,2025,202608~202808,Y,N,,,N,N
구의동,officetel,웰츠타워,ORIGINAL,252-16,자양로 116,RENT,24.82,202607,23,1000,88,16,2015,202607~202707,Y,N,,,N,N
구의동,villa,아스하임,ORIGINAL,243-56,자양로18길 84,RENT,15.44,202607,23,1000,85,7,2014,202609~202809,Y,N,,,N,N
구의동,villa,천호대로136길 17-7,ROAD_ADDR,60-66,천호대로136길 17-7,RENT,22.28,202607,23,1000,50,5,2015,202607~202807,Y,N,,,Y,Y
구의동,officetel,광나루로54길 20,ROAD_ADDR,199-14,광나루로54길 20,RENT,32.25,202607,22,2000,68,4,2001,202610~202810,N,N,2000.0,63.0,N,Y
구의동,officetel,다성리버텔,ORIGINAL,218-12,아차산로 452,RENT,33.97,202607,22,1000,85,9,2002,202608~202808,N,N,1000.0,70.0,N,N
구의동,officetel,신도브래뉴오피스텔,ORIGINAL,251-34,자양로 138,RENT,32.17,202607,22,1000,85,9,2003,202607~202707,Y,N,,,N,N
구의동,villa,자양로28길 70,ROAD_ADDR,240-34,자양로28길 70,RENT,16.91,202607,21,8000,5,3,2012,202608~202808,Y,N,,,Y,N
구의동,villa,천호대로132길 6-8,ROAD_ADDR,75-18,천호대로132길 6-8,RENT,34.2,202607,21,14000,44,2,1991,202609~202809,Y,N,,,N,N
구의동,officetel,강변에스케이뷰,ORIGINAL,667,아차산로 431,RENT,28.01,202607,20,20500,4,3,2017,202607~202807,N,Y,20500.0,0.0,N,N
구의동,officetel,강변에스케이뷰,ORIGINAL,667,아차산로 431,RENT,28.01,202607,20,500,50,4,2017,202607~203007,Y,N,,,Y,Y
구의동,officetel,구의아크로리버,ORIGINAL,589-10,구의강변로 64,RENT,29.79,202607,20,1000,80,4,2004,202608~202708,Y,N,,,N,N
구의동,officetel,테라펠리스 건대 3차,ORIGINAL,246-1,아차산로55길 11,RENT,17.19,202607,20,60,44,8,2021,202607~202809,Y,N,,,Y,Y
구의동,officetel,테라펠리스 건대 3차,ORIGINAL,246-1,아차산로55길 11,RENT,17.05,202607,20,60,44,8,2021,202607~202809,Y,N,,,Y,Y
구의동,villa,자양로32길 38-1,ROAD_ADDR,232-27,자양로32길 38-1,RENT,17.06,202607,20,13000,10,2,2016,202608~202808,Y,N,,,N,N
구의동,villa,자양로32길 38-1,ROAD_ADDR,232-27,자양로32길 38-1,RENT,17.06,202607,20,13000,10,2,2016,202608~202808,Y,N,,,N,N
구의동,villa,광진팰리스,ORIGINAL,251-26,자양로 144-1,RENT,14.13,202607,20,60,32,9,2019,202607~202809,Y,N,,,Y,Y
구의동,villa,광진팰리스,ORIGINAL,251-26,자양로 144-1,RENT,14.85,202607,20,60,32,10,2019,202607~202809,Y,N,,,Y,Y
구의동,villa,자양로32길 38-1,ROAD_ADDR,232-27,자양로32길 38-1,RENT,17.06,202607,20,13000,10,2,2016,202608~202808,Y,N,,,N,N
구의동,villa,한울타운,ORIGINAL,239-48,자양로28길 73-10,RENT,24.09,202607,20,15000,40,6,2016,202609~202809,Y,N,,,N,N
구의동,villa,아차산로65길 38,ROAD_ADDR,206-3,아차산로65길 38,RENT,16.8,202607,20,1000,61,3,2012,202608~202808,Y,N,,,N,Y
구의동,villa,HBenest,ORIGINAL,223-60,구의로4길 7-4,RENT,22.5,202607,18,17850,11,2,2018,202608~202808,Y,N,,,N,N
구의동,villa,빌라드리치,ORIGINAL,204-15,광나루로46길 24-10,RENT,26.14,202607,18,5000,90,2,2020,202607~202807,Y,N,,,N,N
구의동,villa,엘리제빌,ORIGINAL,241-40,구의로3길 14,RENT,28.52,202607,18,16000,11,2,2017,202608~202808,N,N,16000.0,7.0,N,N
구의동,villa,다성그린빌(48-14),ORIGINAL,48-14,천호대로137길 65,RENT,32.89,202607,18,2000,80,4,2011,202608~202808,Y,N,,,N,N
구의동,villa,힐카운티11,ORIGINAL,596-11,구의강변로 31-14,RENT,27.66,202607,18,24000,10,2,2017,202610~202810,Y,N,,,N,N
구의동,villa,자양로23나길 24,ROAD_ADDR,649-4,자양로23나길 24,RENT,29.16,202607,18,12970,12,1,2002,202608~202808,Y,N,,,N,N
구의동,officetel,강변에스케이뷰,ORIGINAL,667,아차산로 431,RENT,28.76,202607,17,20700,20,3,2017,202608~202808,Y,N,,,N,N
구의동,officetel,리버 비스타 구의,ORIGINAL,243-13,아차산로 417,RENT,21.0,202607,17,1000,85,5,2019,202608~202708,Y,N,,,N,N
구의동,villa,드림힐7차,ORIGINAL,251-45,자양로22길 21-4,RENT,25.68,202607,17,15000,30,2,2018,202607~202807,Y,N,,,N,N
구의동,villa,뉴그린빌리지,ORIGINAL,591-15,아차산로58가길 18,RENT,22.31,202607,17,10000,50,5,2017,202608~202808,Y,N,,,N,N
구의동,villa,빌라드리치,ORIGINAL,204-15,광나루로46길 24-9,RENT,27.93,202607,16,22800,20,5,2020,202608~202808,N,Y,22800.0,15.0,N,N
구의동,villa,누리안스카이,ORIGINAL,251-160,자양로 154-5,RENT,29.53,202607,16,3000,130,7,2016,202608~202808,Y,N,,,N,N
구의동,villa,源源s,ORIGINAL,251-165,자양로 154-16,RENT,12.15,202607,16,2000,55,5,2015,202609~202808,Y,N,,,Y,Y
구의동,officetel,와이엔 오피스텔,ORIGINAL,218-15,아차산로 444,RENT,25.16,202607,15,1000,55,5,2003,202607~202807,Y,N,,,Y,Y
구의동,officetel,신도브래뉴오피스텔,ORIGINAL,251-34,자양로 138,RENT,33.15,202607,15,1000,80,8,2003,202608~202708,Y,N,,,N,N
구의동,villa,팔라티노,ORIGINAL,252-98,아차산로49길 41-7,RENT,28.55,202607,15,29000,5,6,2020,202607~202807,N,N,29000.0,0.0,N,N
구의동,villa,파크플레이스(71-4),ORIGINAL,71-4,천호대로134길 12,RENT,24.0,202607,15,7000,35,3,2012,202608~202808,Y,N,,,Y,N
구의동,officetel,신도브래뉴오피스텔,ORIGINAL,251-34,자양로 138,RENT,33.15,202607,14,1000,80,6,2003,202610~202809,Y,N,,,N,N
구의동,villa,한우리(223-33),ORIGINAL,223-33,구의로6길 12,RENT,12.8,202607,13,2000,45,3,2012,202608~202808,Y,N,,,Y,Y
구의동,villa,크로마하우스VI,ORIGINAL,227-21,구의로14길 5,RENT,29.99,202607,13,2000,110,3,2020,202608~202808,Y,N,,,N,N
구의동,villa,아스하임(232-75),ORIGINAL,232-75,자양로32길 42,RENT,16.93,202607,12,20000,35,5,2021,202607~202807,N,N,20000.0,30.0,N,N
구의동,villa,자양로 176,ROAD_ADDR,236-47,자양로 176,RENT,39.89,202607,12,15000,8,6,2015,202609~202809,Y,N,,,N,N
구의동,officetel,아델리아 구의타워,ORIGINAL,251-157,자양로 156,RENT,18.74,202607,11,1000,67,3,2010,202607~202707,Y,N,,,N,Y
구의동,villa,힐카운티10,ORIGINAL,596-10,구의강변로 31-16,RENT,26.55,202607,11,24000,15,3,2017,202609~202809,Y,N,,,N,N
구의동,villa,에덴빌19차,ORIGINAL,226-17,광나루로40길 35,RENT,14.19,202607,11,3000,67,4,2019,202608~202707,N,N,3000.0,64.0,N,Y
구의동,villa,에버그린,ORIGINAL,669,자양로46길 8,RENT,25.98,202607,11,25000,30,2,2019,202608~202808,N,Y,25000.0,25.0,N,N
구의동,villa,자양로18길 97-9,ROAD_ADDR,221-24,자양로18길 97-9,RENT,25.22,202607,11,1000,65,1,2003,202607~202807,Y,N,,,N,Y
구의동,officetel,크레신타워3차,ORIGINAL,246-14,아차산로 375,RENT,25.35,202607,10,1000,80,7,2006,202609~202709,Y,N,,,N,N
구의동,villa,SK크로마하우스,ORIGINAL,227-42,구의로 62-1,RENT,25.04,202607,10,3000,98,4,2018,202608~202809,Y,N,,,N,N
구의동,villa,DS(252-45),ORIGINAL,252-45,아차산로49길 55,RENT,26.46,202607,09,13100,17,2,2011,202608~202808,Y,N,,,N,N
구의동,villa,아차산로65길 36,ROAD_ADDR,206-44,아차산로65길 36,RENT,21.81,202607,09,12000,17,2,2001,202608~202808,Y,N,,,N,N
구의동,officetel,베스트 트레드빌,ORIGINAL,243-2,자양로18길 96,RENT,26.84,202607,08,1000,75,5,2004,202607~202707,Y,N,,,N,N
구의동,officetel,아차산로 443,ROAD_ADDR,219-17,아차산로 443,RENT,26.46,202607,08,12000,30,6,2000,202608~202808,Y,N,,,N,N
구의동,officetel,그랜드파크 오피스텔,ORIGINAL,76-1,천호대로 666,RENT,19.4,202607,08,1000,75,5,2017,202608~202808,Y,N,,,N,N
구의동,villa,자양로26길 20,ROAD_ADDR,251-140,자양로26길 20,RENT,12.41,202607,08,500,58,4,2013,202607~202807,Y,N,,,Y,Y
구의동,villa,성광빌라,ORIGINAL,650-5,자양로23가길 35,RENT,33.31,202607,08,7000,70,4,2004,202609~202809,Y,N,,,N,N
구의동,villa,화인하우스,ORIGINAL,76-15,천호대로130길 30,RENT,37.56,202607,08,4000,89,2,2015,202609~202809,Y,N,,,N,N
구의동,villa,노블,ORIGINAL,227-6,구의로 66,RENT,13.32,202607,08,9000,3,2,2014,202609~202709,N,N,9000.0,2.0,N,N
구의동,officetel,테라펠리스 건대 3차,ORIGINAL,246-1,아차산로55길 11,RENT,17.05,202607,07,1000,103,9,2021,202609~202709,Y,N,,,N,N
구의동,villa,해바라기빌라,ORIGINAL,47-25,자양로46길 19,RENT,28.67,202607,07,11000,20,1,2002,202608~202808,Y,N,,,N,N
구의동,officetel,신도브래뉴오피스텔,ORIGINAL,251-34,자양로 138,RENT,32.17,202607,06,1000,80,8,2003,202608~202708,Y,N,,,N,N
구의동,villa,구의향기빌,ORIGINAL,239-41,구의로9길 5,RENT,29.82,202607,05,1000,57,2,2016,202608~202808,Y,N,,,Y,Y
구의동,villa,반석빌라트,ORIGINAL,222-26,자양로26길 97-17,RENT,23.4,202607,04,2000,55,1,2003,202607~202807,Y,N,,,Y,Y
구의동,villa,승지,ORIGINAL,29-20,자양로49길 16-7,RENT,13.92,202607,04,3000,71,4,2020,202609~202809,N,Y,3000.0,68.0,N,N
구의동,villa,아차산로55길 29,ROAD_ADDR,257-104,아차산로55길 29,RENT,27.4,202607,03,1000,72,3,2010,202608~202808,Y,N,,,N,N
구의동,villa,아차산로59길 23,ROAD_ADDR,220-51,아차산로59길 23,RENT,19.6,202607,02,1000,66,3,2011,202607~202807,Y,N,,,N,Y
구의동,villa,청송주택,ORIGINAL,241-11,자양로22길 67,RENT,27.63,202607,02,1000,60,2,2002,202607~202807,Y,N,,,Y,Y
구의동,officetel,리버 비스타 구의,ORIGINAL,243-13,아차산로 417,RENT,20.87,202607,01,1000,94,11,2019,202608~202708,Y,N,,,N,N
구의동,villa,비바체,ORIGINAL,221-10,아차산로57길 14-5,RENT,17.36,202607,01,11000,10,2,2012,202607~202807,N,N,11000.0,8.0,N,N
구의동,villa,현진빌라(45-23),ORIGINAL,45-23,자양로44나길 29,RENT,22.08,202607,01,1500,40,5,2017,202607~202806,Y,N,,,Y,Y
구의동,villa,빌라드리치,ORIGINAL,204-15,광나루로46길 24-10,RENT,26.14,202607,01,15000,40,2,2020,202607~202807,Y,N,,,N,N
구의동,officetel,아델리아 구의타워,ORIGINAL,251-157,자양로 156,RENT,18.74,202606,30,1000,68,4,2010,202608~202708,N,N,1000.0,65.0,N,Y
구의동,officetel,크레신타워3차,ORIGINAL,246-14,아차산로 375,RENT,26.91,202606,30,1000,80,12,2006,202607~202707,Y,N,,,N,N
구의동,officetel,아델리아 구의타워,ORIGINAL,251-157,자양로 156,RENT,30.83,202606,30,1000,79,6,2010,202608~202708,N,N,1000.0,75.0,N,N
구의동,officetel,리버 비스타 구의,ORIGINAL,243-13,아차산로 417,RENT,18.46,202606,30,10000,50,8,2019,202607~202807,Y,N,,,N,N
구의동,villa,센츄리,ORIGINAL,206-11,광나루로52길 20,RENT,30.6,202606,30,1000,63,4,2002,202606~202806,Y,N,,,N,Y
구의동,officetel,아스하임,ORIGINAL,243-56,자양로18길 84,RENT,23.73,202606,29,1000,80,3,2014,202606~202806,Y,N,,,N,N
구의동,villa,크로마하우스10,ORIGINAL,239-11,광나루로40길 48-5,RENT,21.99,202606,29,5000,53,2,2021,202607~202807,N,N,5000.0,50.0,Y,Y
구의동,villa,두진빌,ORIGINAL,248-8,자양로22길 45,RENT,29.36,202606,29,2000,78,4,2019,202607~202807,Y,N,,,N,N
구의동,villa,HBenest,ORIGINAL,223-60,구의로4길 7-4,RENT,24.96,202606,29,18500,11,2,2018,202609~202709,N,N,18500.0,8.0,N,N
구의동,officetel,아델리아 구의타워,ORIGINAL,251-157,자양로 156,RENT,30.83,202606,28,1000,80,4,2010,202607~202707,N,N,1000.0,78.0,N,N
구의동,officetel,아델리아 구의타워,ORIGINAL,251-157,자양로 156,RENT,36.41,202606,27,1000,84,5,2010,202609~202701,N,N,1000.0,80.0,N,N
구의동,officetel,크레신타워3차,ORIGINAL,246-14,아차산로 375,RENT,25.35,202606,27,1000,77,9,2006,202607~202707,N,N,1000.0,74.0,N,N
구의동,officetel,리버 비스타 구의,ORIGINAL,243-13,아차산로 417,RENT,19.79,202606,27,1000,90,13,2019,202608~202808,Y,N,,,N,N
구의동,officetel,크레신타워3차,ORIGINAL,246-14,아차산로 375,RENT,25.35,202606,26,1000,80,12,2006,202608~202708,Y,N,,,N,N
구의동,officetel,리버 비스타 구의,ORIGINAL,243-13,아차산로 417,RENT,19.79,202606,26,10000,50,6,2019,202608~202707,Y,N,,,N,N
구의동,officetel,구의아크로리버,ORIGINAL,589-10,구의강변로 64,RENT,20.06,202606,26,1000,60,4,2004,202607~202707,Y,N,,,Y,Y
구의동,officetel,아스하임,ORIGINAL,243-56,자양로18길 84,RENT,23.73,202606,26,1000,80,4,2014,202606~202806,Y,N,,,N,N
구의동,villa,케이비씨티,ORIGINAL,653-8,자양로23나길 7-8,RENT,27.15,202606,24,17000,2,3,2017,202607~202807,Y,N,,,N,N
구의동,villa,노블,ORIGINAL,227-6,구의로 66,RENT,13.32,202606,24,9260,4,5,2014,202608~202708,N,Y,9260.0,2.0,N,N
구의동,officetel,광나루로54길 20,ROAD_ADDR,199-14,광나루로54길 20,RENT,27.63,202606,23,12500,18,6,2001,202608~202808,Y,N,,,N,N
구의동,officetel,신도브래뉴오피스텔,ORIGINAL,251-34,자양로 138,RENT,31.2,202606,23,1000,80,5,2003,202607~202707,Y,N,,,N,N
구의동,villa,아스하임,ORIGINAL,243-56,자양로18길 84,RENT,15.44,202606,23,1000,75,6,2014,202607~202807,Y,N,,,N,N
구의동,villa,해송빌,ORIGINAL,211-29,구의로4길 74,RENT,22.7,202606,23,15000,8,3,2009,202608~202808,Y,N,,,N,N
구의동,officetel,베스트 트레드빌,ORIGINAL,243-2,자양로18길 96,RENT,26.84,202606,22,1000,78,9,2004,202607~202707,Y,N,,,N,N
구의동,villa,영화사로16길 10,ROAD_ADDR,22-1,영화사로16길 10,RENT,33.0,202606,22,15000,17,1,2011,202608~202808,Y,N,,,N,N
구의동,villa,샤인빌,ORIGINAL,236-49,자양로 178-14,RENT,16.73,202606,22,10000,17,7,2018,202607~202807,N,N,9600.0,16.0,N,N
구의동,villa,노블,ORIGINAL,227-6,구의로 66,RENT,13.69,202606,21,8820,3,4,2014,202607~202707,N,N,8820.0,2.0,N,N
구의동,officetel,와이엔 오피스텔,ORIGINAL,218-15,아차산로 444,RENT,26.83,202606,20,12000,8,4,2003,202607~202807,N,N,12000.0,5.0,N,N
구의동,villa,광나루로30나길 18-7,ROAD_ADDR,644-3,광나루로30나길 18-7,RENT,35.82,202606,20,15000,38,2,2016,202609~202809,Y,N,,,N,N
구의동,villa,에덴빌19차,ORIGINAL,226-17,광나루로40길 35,RENT,14.19,202606,20,1000,73,4,2019,202606~202806,Y,N,,,N,N
구의동,villa,천호대로136길 17-7,ROAD_ADDR,60-66,천호대로136길 17-7,RENT,14.52,202606,20,5000,90,4,2015,202607~202807,Y,N,,,N,N
구의동,officetel,다성리버텔,ORIGINAL,218-12,아차산로 452,RENT,29.97,202606,19,2000,75,2,2002,202609~202809,Y,N,,,N,N
구의동,villa,현대캐슬,ORIGINAL,35-35,자양로44길 131,RENT,39.89,202606,19,6496,19,3,2024,202610~202809,N,N,0.0,17.0,Y,Y
구의동,villa,해송빌,ORIGINAL,211-29,구의로4길 74,RENT,17.46,202606,19,5000,27,2,2009,202606~202806,Y,N,,,Y,Y
구의동,villa,힐카운티8,ORIGINAL,596-8,뚝섬로 732,RENT,38.98,202606,19,34000,15,2,2017,202608~202808,Y,N,,,N,N
구의동,officetel,센트럴빌,ORIGINAL,253-19,광나루로 486,RENT,32.19,202606,18,1000,74,8,2003,202607~202807,Y,N,,,N,N
구의동,villa,자양로18길 67-9,ROAD_ADDR,242-120,자양로18길 67-9,RENT,17.44,202606,18,11880,2,2,2013,202607~202807,N,Y,11880.0,0.0,N,N
구의동,villa,자양로18길 67-9,ROAD_ADDR,242-120,자양로18길 67-9,RENT,18.6816,202606,18,13000,3,2,2013,202607~202807,N,N,13000.0,3.0,N,N
구의동,villa,지은아트빌(617-3),ORIGINAL,617-3,자양로37길 33,RENT,28.95,202606,18,5000,110,2,2015,202608~202808,Y,N,,,N,N
구의동,officetel,광나루로54길 20,ROAD_ADDR,199-14,광나루로54길 20,RENT,35.34,202606,17,6000,54,5,2001,202608~202808,N,Y,6000.0,50.0,Y,Y
구의동,villa,자양로26길 93,ROAD_ADDR,222-45,자양로26길 93,RENT,30.09,202606,17,5000,64,3,2012,202607~202807,Y,N,,,N,Y
구의동,villa,노블,ORIGINAL,227-6,구의로 66,RENT,15.54,202606,17,9260,4,4,2014,202608~202708,N,N,9260.0,2.0,N,N
구의동,villa,힐카운티8,ORIGINAL,596-8,뚝섬로 732,RENT,29.82,202606,17,27000,10,4,2017,202608~202808,Y,N,,,N,N
구의동,villa,노블,ORIGINAL,227-6,구의로 66,RENT,15.54,202606,17,9260,4,4,2014,202608~202708,N,N,9260.0,2.0,N,N
구의동,villa,자양로22길 9-12,ROAD_ADDR,251-120,자양로22길 9-12,RENT,20.16,202606,17,1000,63,4,2018,202607~202807,Y,N,,,N,Y
구의동,officetel,아델리아 구의타워,ORIGINAL,251-157,자양로 156,RENT,36.41,202606,16,1000,77,7,2010,202606~202706,Y,N,,,N,N
구의동,villa,더프라임(640-1),ORIGINAL,640-1,광나루로30가길 6,RENT,29.37,202606,16,3000,83,5,2015,202607~202710,N,N,3000.0,90.0,N,N
구의동,officetel,웰츠타워,ORIGINAL,252-16,자양로 116,RENT,24.82,202606,15,1000,87,12,2015,202607~202707,Y,N,,,N,N
구의동,villa,자양로22길 60,ROAD_ADDR,242-103,자양로22길 60,RENT,25.04,202606,15,1000,70,3,2002,202606~202806,Y,N,,,N,Y
구의동,villa,명진센트라임3,ORIGINAL,251-176,아차산로49길 87-3,RENT,26.04,202606,14,29000,15,2,2020,202606~202706,N,N,30000.0,5.0,N,N
구의동,villa,구의로 47-6,ROAD_ADDR,225-43,구의로 47-6,RENT,27.95,202606,13,22400,2,4,2017,202607~202807,Y,N,,,N,N
구의동,villa,누리안스카이,ORIGINAL,251-160,자양로 154-5,RENT,29.53,202606,13,8000,85,4,2016,202606~202709,Y,N,,,N,N
구의동,officetel,리버 비스타 구의,ORIGINAL,243-13,아차산로 417,RENT,22.06,202606,12,1000,87,17,2019,202608~202708,Y,N,,,N,N
구의동,officetel,웰츠타워,ORIGINAL,252-16,자양로 116,RENT,24.82,202606,12,1000,89,15,2015,202606~202706,Y,N,,,N,N
구의동,officetel,테라펠리스 건대 3차,ORIGINAL,246-1,아차산로55길 11,RENT,17.05,202606,12,4936,19,6,2021,202607~202806,N,N,4500.0,17.0,Y,Y
구의동,officetel,진성파크뷰,ORIGINAL,633-4,광나루로30길 3,RENT,34.38,202606,11,5000,155,2,2022,202607~202707,Y,N,,,N,N
구의동,officetel,구의동 벨라로사 오피스텔,ORIGINAL,243-71,아차산로 405,RENT,20.94,202606,11,3000,88,15,2019,202606~202806,N,Y,3000.0,85.0,N,N
구의동,villa,구의에스하임1,ORIGINAL,638-5,광나루로30나길 15,RENT,29.52,202606,11,1407,18,2,2015,202606~202808,Y,N,,,Y,Y
구의동,villa,구의에스하임1,ORIGINAL,638-5,광나루로30나길 15,RENT,29.52,202606,11,3378,7,2,2015,202606~202808,Y,N,,,Y,Y
구의동,officetel,아델리아 구의타워,ORIGINAL,251-157,자양로 156,RENT,18.74,202606,10,1000,66,2,2010,202607~202707,N,N,1000.0,65.0,N,Y
구의동,villa,자양로23길 59,ROAD_ADDR,646-7,자양로23길 59,RENT,22.11,202606,10,18000,5,3,2019,202608~202808,Y,N,,,N,N
구의동,officetel,크레신타워3차,ORIGINAL,246-14,아차산로 375,RENT,25.35,202606,09,1000,77,9,2006,202607~202707,Y,N,,,N,N
구의동,officetel,웰츠타워,ORIGINAL,252-16,자양로 116,RENT,24.82,202606,09,1000,92,14,2015,202608~202707,Y,N,,,N,N
구의동,villa,팔라티노,ORIGINAL,252-98,아차산로49길 41-7,RENT,28.55,202606,09,29300,4,8,2020,202608~202808,Y,N,,,N,N
구의동,villa,힐카운티11,ORIGINAL,596-11,구의강변로 31-14,RENT,26.55,202606,09,25900,10,2,2017,202607~202807,Y,N,,,N,N
구의동,villa,진우빌,ORIGINAL,239-126,자양로30길 70,RENT,24.56,202606,09,4000,32,2,2004,202607~202807,N,Y,4000.0,30.0,Y,Y
구의동,villa,구의에스하임1,ORIGINAL,638-5,광나루로30나길 15,RENT,37.14,202606,09,1682,22,5,2015,202606~202808,Y,N,,,Y,Y
구의동,villa,자연S,ORIGINAL,257-40,아차산로53길 51-10,RENT,14.47,202606,09,9975,4,3,2013,202608~202807,N,N,9975.0,2.0,N,N
구의동,villa,구의에스하임1,ORIGINAL,638-5,광나루로30나길 15,RENT,37.14,202606,09,672,24,5,2015,202606~202808,Y,N,,,Y,Y
구의동,villa,XOresidences,ORIGINAL,80-53,자양로37가길 18,RENT,35.13,202606,08,2000,100,3,2019,202606~202806,N,N,2000.0,95.0,N,N
구의동,villa,아하바(AHABA)하우스,ORIGINAL,251-170,아차산로49길 95,RENT,29.99,202606,08,21500,30,6,2016,202606~202812,N,Y,26500.0,0.0,N,N
구의동,villa,플러스빌,ORIGINAL,655-3,자양로23길 21,RENT,19.28,202606,08,3000,76,2,2013,202608~202808,Y,N,,,N,N
구의동,villa,XOresidences,ORIGINAL,80-53,자양로37가길 18,RENT,29.72,202606,07,6000,80,4,2019,202607~202807,N,N,6000.0,70.0,N,N
구의동,villa,한가림빌,ORIGINAL,248-39,아차산로51길 68-7,RENT,22.08,202606,06,1000,77,4,2013,202606~202705,Y,N,,,N,N
구의동,villa,힐카운티8,ORIGINAL,596-8,뚝섬로 732,RENT,38.99,202606,06,34000,15,4,2017,202607~202807,Y,N,,,N,N
구의동,villa,자양로26길 92-14,ROAD_ADDR,221-67,자양로26길 92-14,RENT,25.11,202606,06,1000,75,4,2019,202607~202807,Y,N,,,N,N
구의동,officetel,웰츠타워,ORIGINAL,252-16,자양로 116,RENT,24.82,202606,05,1000,87,6,2015,202607~202707,N,Y,1000.0,85.0,N,N
구의동,officetel,웰츠타워,ORIGINAL,252-16,자양로 116,RENT,24.82,202606,05,1000,92,14,2015,202607~202707,N,N,1000.0,91.0,N,N
구의동,officetel,와이엔 오피스텔,ORIGINAL,218-15,아차산로 444,RENT,25.16,202606,05,3000,47,2,2003,202606~202806,Y,N,,,Y,Y
구의동,villa,어반클래식,ORIGINAL,251-88,아차산로49길 75,RENT,25.85,202606,05,15000,21,3,2015,202607~202807,N,Y,15000.0,18.0,N,N
구의동,officetel,광나루로54길 20,ROAD_ADDR,199-14,광나루로54길 20,RENT,32.85,202606,04,12000,20,3,2001,202608~202808,Y,N,,,N,N
구의동,villa,그레이스빌(60-83),ORIGINAL,60-83,자양로42길 42-12,RENT,34.04,202606,04,17000,30,3,2013,202607~202807,Y,N,,,N,N
구의동,villa,엘리제빌,ORIGINAL,241-40,구의로3길 14,RENT,24.22,202606,04,2000,71,4,2017,202607~202807,Y,N,,,N,N
구의동,villa,힐카운티11,ORIGINAL,596-11,구의강변로 31-14,RENT,26.55,202606,04,25900,10,2,2017,202607~202807,Y,N,,,N,N
구의동,villa,양지빌라,ORIGINAL,225-51,구의로 45-6,RENT,34.37,202606,03,13000,20,1,1993,202607~202807,Y,N,,,N,N
구의동,villa,모던빌212,ORIGINAL,212-31,광나루로52길 41-6,RENT,18.38,202606,03,1000,65,3,2020,202606~202806,Y,N,,,N,Y
구의동,villa,아차산로65길 22,ROAD_ADDR,206-42,아차산로65길 22,RENT,14.34,202606,03,1000,45,2,2012,202607~202707,Y,N,,,Y,Y
구의동,officetel,신도브래뉴오피스텔,ORIGINAL,251-34,자양로 138,RENT,31.2,202606,02,1000,73,4,2003,202606~202706,Y,N,,,N,N
구의동,villa,아차산로65길 36,ROAD_ADDR,206-44,아차산로65길 36,RENT,26.17,202606,02,13000,45,3,2001,202607~202807,Y,N,,,N,N
구의동,villa,사랑빌,ORIGINAL,225-1,구의로 53-1,RENT,36.28,202606,02,30700,30,3,2018,202609~202809,Y,N,,,N,N
구의동,villa,자양로32길 91-7,ROAD_ADDR,229-39,자양로32길 91-7,RENT,23.03,202606,01,5000,60,2,2013,202606~202806,Y,N,,,Y,Y
구의동,officetel,베스트 트레드빌,ORIGINAL,243-2,자양로18길 96,RENT,26.84,202605,30,4000,70,4,2004,202606~202806,Y,N,,,N,Y
구의동,villa,자양로26길 92-14,ROAD_ADDR,221-67,자양로26길 92-14,RENT,29.89,202605,30,2000,74,2,2019,202606~202806,N,Y,2000.0,72.0,N,N
구의동,villa,자양로23길 63,ROAD_ADDR,646-8,자양로23길 63,RENT,19.6,202605,30,12000,35,2,2019,202606~202805,Y,N,,,N,N
구의동,officetel,크레신타워3차,ORIGINAL,246-14,아차산로 375,RENT,25.35,202605,29,1000,80,15,2006,202607~202707,Y,N,,,N,N
구의동,villa,에버그린,ORIGINAL,669,자양로46길 8,RENT,26.41,202605,29,25950,25,4,2019,202606~202806,N,Y,25950.0,20.0,N,N
구의동,officetel,센트럴빌,ORIGINAL,253-19,광나루로 486,RENT,32.19,202605,28,1000,78,7,2003,202606~202706,Y,N,,,N,N
구의동,officetel,웰츠타워,ORIGINAL,252-16,자양로 116,RENT,24.82,202605,28,1000,89,10,2015,202606~202706,Y,N,,,N,N
구의동,villa,키스톤하우스Ⅴ,ORIGINAL,60-7,자양로42길 48,RENT,38.78,202605,28,16000,74,3,2016,202608~202808,Y,N,,,N,N
구의동,villa,아하바(AHABA)하우스,ORIGINAL,251-170,아차산로49길 95,RENT,29.98,202605,28,26000,25,7,2016,202607~202707,Y,N,,,N,N
구의동,villa,엘리제빌,ORIGINAL,241-40,구의로3길 14,RENT,29.72,202605,28,2000,74,4,2017,202607~202807,Y,N,,,N,N
구의동,officetel,자양로 146,ROAD_ADDR,251-25,자양로 146,RENT,29.58,202605,27,1000,90,2,2017,202606~202806,Y,N,,,N,N
구의동,villa,크로마하우스35,ORIGINAL,239-32,광나루로40길 64,RENT,25.53,202605,27,20000,25,2,2026,202606~202806,Y,N,,,N,N
구의동,villa,모던빌212,ORIGINAL,212-31,광나루로52길 41-6,RENT,25.08,202605,27,1000,70,3,2020,202606~202806,Y,N,,,N,Y
구의동,officetel,아차산로 480,ROAD_ADDR,199-8,아차산로 480,RENT,27.03,202605,26,1000,95,5,2017,202606~202806,Y,N,,,N,N
구의동,officetel,아델리아 구의타워,ORIGINAL,251-157,자양로 156,RENT,18.74,202605,26,1000,65,4,2010,202607~202707,Y,N,,,N,Y
구의동,villa,모던빌212,ORIGINAL,212-31,광나루로52길 41-6,RENT,18.38,202605,26,1000,66,2,2020,202607~202807,Y,N,,,N,Y
구의동,villa,자양로26길 92-14,ROAD_ADDR,221-67,자양로26길 92-14,RENT,29.91,202605,26,12000,40,2,2019,202606~202806,Y,N,,,N,N
구의동,villa,PhilHeim,ORIGINAL,76-14,천호대로130길 22,RENT,19.5,202605,26,1000,64,3,2011,202606~202806,Y,N,,,N,Y
구의동,villa,엠에스빌,ORIGINAL,221-49,구의로 19-2,RENT,30.51,202605,25,3000,59,3,2012,202607~202807,Y,N,,,Y,Y
구의동,villa,승연하우스,ORIGINAL,220-26,광나루로52길 110-5,RENT,23.96,202605,25,10000,75,5,2016,202608~202808,Y,N,,,N,N
구의동,officetel,자양로 146,ROAD_ADDR,251-25,자양로 146,RENT,29.98,202605,23,5000,85,3,2017,202606~202806,Y,N,,,N,N
구의동,villa,욱현하이브(23-32),ORIGINAL,23-32,영화사로16나길 7,RENT,25.44,202605,23,5000,100,4,2019,202605~202805,Y,N,,,N,N
구의동,villa,에버그린,ORIGINAL,669,자양로46길 6,RENT,23.8,202605,23,24300,20,6,2019,202609~202809,Y,N,,,N,N
구의동,villa,하임빌라,ORIGINAL,257-38,아차산로53길 51-4,RENT,37.56,202605,23,5000,68,3,1996,202607~202807,Y,N,,,N,Y
구의동,villa,선진빌딩,ORIGINAL,215-1,광나루로54길 83,RENT,30.09,202605,23,7000,24,6,2001,202606~202806,Y,N,,,Y,N
구의동,villa,에버그린,ORIGINAL,669,자양로46길 6,RENT,23.8,202605,23,24300,20,6,2019,202608~202808,Y,N,,,N,N
구의동,villa,에버그린,ORIGINAL,669,자양로46길 6,RENT,23.8,202605,23,24300,20,6,2019,202608~202808,Y,N,,,N,N
구의동,officetel,아차산로 443,ROAD_ADDR,219-17,아차산로 443,RENT,26.46,202605,22,12000,30,6,2000,202607~202807,Y,N,,,N,N
구의동,officetel,썬-타워빌딩,ORIGINAL,75-1,천호대로 670,RENT,27.25,202605,22,1100,60,5,2007,202606~202806,Y,N,,,Y,Y
구의동,villa,우성타워빌라(72-2),ORIGINAL,72-2,자양로42길 14,RENT,37.37,202605,22,3000,60,-1,1996,202606~202806,Y,N,,,Y,Y
구의동,villa,정운빌라,ORIGINAL,210-62,아차산로61길 26,RENT,35.23,202605,22,20000,30,2,2013,202606~202806,N,Y,20000.0,25.0,N,N
구의동,officetel,크레신타워3차,ORIGINAL,246-14,아차산로 375,RENT,26.91,202605,21,1000,80,15,2006,202607~202707,Y,N,,,N,N
구의동,villa,크로마하우스,ORIGINAL,209-66,구의로6길 24-10,RENT,29.26,202605,21,16000,116,4,2019,202605~202805,Y,N,,,N,N
구의동,villa,아차산로55길 62-16,ROAD_ADDR,241-10,아차산로55길 62-16,RENT,21.15,202605,20,21924,18,4,2021,202607~202806,Y,N,,,N,N
구의동,villa,호박하우스,ORIGINAL,67-19,광나루로 517-11,RENT,21.73,202605,20,4000,35,6,2016,202605~202805,Y,N,,,Y,Y
구의동,villa,어반클래식,ORIGINAL,251-88,아차산로49길 75,RENT,13.9,202605,20,8500,2,3,2015,202606~202806,N,N,8500.0,0.0,N,N
구의동,villa,아차산로55길 62-16,ROAD_ADDR,241-10,아차산로55길 62-16,RENT,21.15,202605,20,21924,13,4,2021,202607~202806,Y,N,,,N,N
구의동,officetel,그랜드파크 오피스텔,ORIGINAL,76-1,천호대로 666,RENT,32.64,202605,19,3000,115,5,2017,202607~202806,Y,N,,,N,N
구의동,officetel,크레신타워3차,ORIGINAL,246-14,아차산로 375,RENT,25.35,202605,19,1000,78,9,2006,202607~202807,Y,N,,,N,N
구의동,officetel,센트럴빌,ORIGINAL,253-19,광나루로 486,RENT,32.19,202605,19,1500,75,5,2003,202605~202805,Y,N,,,N,N
구의동,officetel,웰츠타워,ORIGINAL,252-16,자양로 116,RENT,24.82,202605,19,1000,88,10,2015,202606~202705,Y,N,,,N,N
구의동,officetel,테라펠리스 건대 3차,ORIGINAL,246-1,아차산로55길 11,RENT,17.05,202605,19,5016,19,6,2021,202607~202806,N,N,4783.0,18.0,Y,Y
구의동,villa,광진빌,ORIGINAL,240-13,자양로26길 61-7,RENT,12.41,202605,19,500,44,3,2015,202606~202807,Y,N,,,Y,Y
구의동,villa,해송빌,ORIGINAL,211-29,구의로4길 74,RENT,23.79,202605,19,11000,14,5,2009,202606~202806,N,N,11000.0,11.0,N,N
구의동,officetel,크레신타워3차,ORIGINAL,246-14,아차산로 375,RENT,25.35,202605,18,1100,73,9,2006,202606~202806,N,Y,1100.0,70.0,N,N
구의동,officetel,썬-타워빌딩,ORIGINAL,75-1,천호대로 670,RENT,25.69,202605,18,1100,57,6,2007,202605~202705,Y,N,,,Y,Y
구의동,villa,제이드빌,ORIGINAL,236-9,자양로 178-18,RENT,29.73,202605,17,23000,14,4,2017,202605~202705,N,N,23000.0,10.0,N,N
구의동,officetel,테라펠리스 건대 3차,ORIGINAL,246-1,아차산로55길 11,RENT,17.19,202605,16,1000,100,5,2021,202606~202806,Y,N,,,N,N
구의동,officetel,구의아크로리버,ORIGINAL,589-10,구의강변로 64,RENT,26.0,202605,16,1000,70,3,2004,202606~202706,Y,N,,,N,Y
구의동,villa,지음스토리,ORIGINAL,224-35,구의로10길 13,RENT,27.96,202605,16,26440,9,3,2020,202607~202807,Y,N,,,N,N
구의동,villa,자양로30길 88,ROAD_ADDR,225-8,자양로30길 88,RENT,16.4,202605,16,2000,43,2,2005,202606~202806,Y,N,,,Y,Y
구의동,villa,자양로22길 76,ROAD_ADDR,242-5,자양로22길 76,RENT,19.8,202605,16,2000,95,5,2019,202605~202805,Y,N,,,N,N
구의동,villa,진우빌,ORIGINAL,239-126,자양로30길 70,RENT,16.65,202605,16,1000,51,4,2004,202606~202806,Y,N,,,Y,Y
구의동,villa,休-나비,ORIGINAL,220-20,광나루로52길 110-8,RENT,21.52,202605,16,14000,40,3,2016,202607~202807,Y,N,,,N,N
구의동,villa,제이드빌,ORIGINAL,236-9,자양로 178-18,RENT,26.4,202605,16,15000,40,4,2017,202606~202806,N,N,15000.0,36.0,N,N
구의동,officetel,센트럴빌,ORIGINAL,253-19,광나루로 486,RENT,32.19,202605,15,1000,72,4,2003,202606~202702,Y,N,,,N,N
구의동,villa,더하이스트.ck,ORIGINAL,67-3,광나루로37길 13,RENT,27.95,202605,15,10000,60,5,2018,202606~202806,Y,N,,,N,N
구의동,villa,광나루로52길 34-3,ROAD_ADDR,211-9,광나루로52길 34-3,RENT,29.82,202605,15,23000,15,4,2012,202605~202805,N,N,20400.0,21.0,N,N
구의동,officetel,리버 비스타 구의,ORIGINAL,243-13,아차산로 417,RENT,19.79,202605,14,10000,50,15,2019,202606~202806,Y,N,,,N,N
구의동,officetel,라퓨타 빌딩,ORIGINAL,246-68,자양로18길 34-5,RENT,12.4,202605,14,3000,55,7,2019,202606~202806,N,N,3000.0,55.0,Y,Y
구의동,officetel,광나루로54길 20,ROAD_ADDR,199-14,광나루로54길 20,RENT,37.26,202605,14,15600,5,6,2001,202608~202808,N,N,15600.0,5.0,N,N
구의동,officetel,센트럴빌,ORIGINAL,253-19,광나루로 486,RENT,32.19,202605,14,1000,73,3,2003,202606~202806,Y,N,,,N,N
구의동,villa,우림아트빌,ORIGINAL,251-64,아차산로49길 68-2,RENT,19.11,202605,14,500,58,2,2012,202605~202805,N,N,500.0,55.0,Y,Y
구의동,officetel,아델리아 구의타워,ORIGINAL,251-157,자양로 156,RENT,18.74,202605,13,1000,65,8,2010,202606~202706,Y,N,,,N,Y
구의동,villa,에버그린,ORIGINAL,669,자양로46길 6,RENT,23.8,202605,13,24000,20,2,2019,202607~202805,N,N,27000.0,0.0,N,N
구의동,villa,해성빌라(60-75),ORIGINAL,60-75,자양로42길 48-10,RENT,27.24,202605,13,10000,90,4,2016,202607~202807,Y,N,,,N,N
구의동,villa,엘리시아,ORIGINAL,200-12,광나루로52길 19,RENT,29.82,202605,13,20000,25,3,2016,202607~202807,Y,N,,,N,N
구의동,villa,제이드빌,ORIGINAL,236-9,자양로 178-18,RENT,24.69,202605,13,3000,95,6,2017,202607~202807,Y,N,,,N,N
구의동,villa,청암(206-2),ORIGINAL,206-2,광나루로50길 17,RENT,24.95,202605,12,13000,20,3,2001,202606~202806,Y,N,,,N,N
구의동,villa,샤인빌,ORIGINAL,236-49,자양로 178-14,RENT,22.12,202605,12,22000,12,5,2018,202606~202802,N,N,22000.0,12.0,N,N
구의동,villa,어반클래식,ORIGINAL,251-88,아차산로49길 75,RENT,25.85,202605,12,16000,15,2,2015,202606~202806,N,Y,16000.0,12.0,N,N
구의동,villa,아스하임(232-75),ORIGINAL,232-75,자양로32길 42,RENT,19.93,202605,11,18000,33,2,2021,202606~202806,Y,N,,,N,N
구의동,villa,퍼시픽하이츠,ORIGINAL,230-32,광나루로38길 5,RENT,37.35,202605,11,16200,3,2,2013,202606~202806,Y,N,,,N,N
구의동,villa,해송빌,ORIGINAL,211-29,구의로4길 74,RENT,17.46,202605,11,11000,7,3,2009,202605~202805,N,Y,11000.0,5.0,N,N
구의동,villa,시선A,ORIGINAL,231-4,구의로11길 36,RENT,34.08,202605,11,500,40,5,2013,202605~202805,Y,N,,,Y,Y
구의동,officetel,센트럴빌,ORIGINAL,253-19,광나루로 486,RENT,32.19,202605,10,5000,65,8,2003,202607~202807,Y,N,,,N,Y
구의동,officetel,리버 비스타 구의,ORIGINAL,243-13,아차산로 417,RENT,21.0,202605,10,8000,60,11,2019,202606~202806,Y,N,,,Y,N
구의동,villa,자양로36길 17-26,ROAD_ADDR,65-47,자양로36길 17-26,RENT,17.29,202605,09,1000,40,3,2009,202605~202805,Y,N,,,Y,Y
구의동,villa,힐카운티8,ORIGINAL,596-8,뚝섬로 732,RENT,29.33,202605,09,28000,10,3,2017,202608~202808,Y,N,,,N,N
구의동,officetel,강변에스케이뷰,ORIGINAL,667,아차산로 431,RENT,28.01,202605,08,1000,82,3,2017,202606~202706,Y,N,,,N,N
구의동,villa,두진빌,ORIGINAL,248-8,자양로22길 45,RENT,26.82,202605,08,3000,70,2,2019,202607~202807,Y,N,,,N,Y
구의동,villa,팔라티노(235-34),ORIGINAL,235-34,자양로30길 5-5,RENT,28.64,202605,08,22000,15,5,2019,202607~202807,N,N,22000.0,12.0,N,N
구의동,villa,한서타운,ORIGINAL,211-22,아차산로63길 24,RENT,31.2,202605,07,1000,68,4,2001,202606~202806,Y,N,,,N,Y
구의동,villa,성은빌,ORIGINAL,31-20,자양로52길 4-5,RENT,18.33,202605,07,1000,46,2,2011,202606~202806,Y,N,,,Y,Y
구의동,villa,PhilHeim,ORIGINAL,76-14,천호대로130길 22,RENT,20.45,202605,07,1000,65,3,2011,202605~202805,Y,N,,,N,Y
구의동,officetel,센트럴빌,ORIGINAL,253-19,광나루로 486,RENT,32.19,202605,06,1000,75,10,2003,202606~202806,Y,N,,,N,N
구의동,villa,크로마하우스35,ORIGINAL,239-32,광나루로40길 64,RENT,25.38,202605,06,15000,50,3,2026,202606~202806,Y,N,,,N,N
구의동,villa,MUCHHOUSE,ORIGINAL,210-21,광나루로52길 68,RENT,18.18,202605,06,0,72,3,2020,202605~202805,Y,N,,,N,N
구의동,officetel,센트럴빌,ORIGINAL,253-19,광나루로 486,RENT,32.19,202605,05,1000,75,5,2003,202606~202806,Y,N,,,N,N
구의동,villa,HBenest,ORIGINAL,223-60,구의로4길 7-4,RENT,17.78,202605,05,1000,70,3,2018,202605~202805,N,Y,1000.0,66.0,N,Y
구의동,villa,자양로26길 20,ROAD_ADDR,251-140,자양로26길 20,RENT,13.32,202605,05,300,60,3,2013,202605~202705,Y,N,,,Y,Y
구의동,villa,샤인빌,ORIGINAL,236-49,자양로 178-14,RENT,16.4,202605,05,14500,14,6,2018,202606~202806,N,N,15000.0,9.0,N,N
구의동,villa,한가림빌,ORIGINAL,248-39,아차산로51길 68-7,RENT,19.89,202605,05,1000,55,3,2013,202607~202806,Y,N,,,Y,Y
구의동,villa,두진빌,ORIGINAL,248-8,자양로22길 45,RENT,26.82,202605,05,16000,30,3,2019,202607~202807,Y,N,,,N,N
구의동,villa,아차산로57길 37,ROAD_ADDR,241-72,아차산로57길 37,RENT,23.14,202605,05,1000,60,2,2002,202606~202806,N,N,1000.0,51.0,Y,Y
구의동,officetel,다성리버텔,ORIGINAL,218-12,아차산로 452,RENT,33.97,202605,04,2000,90,7,2002,202605~202805,Y,N,,,N,N
구의동,officetel,센트럴빌,ORIGINAL,253-19,광나루로 486,RENT,32.19,202605,03,1000,75,4,2003,202606~202806,Y,N,,,N,N
구의동,officetel,광나루로54길 20,ROAD_ADDR,199-14,광나루로54길 20,RENT,35.22,202605,02,2000,73,2,2001,202608~202808,N,Y,2000.0,70.0,N,N
구의동,villa,뉴그린빌리지,ORIGINAL,591-15,아차산로58가길 18,RENT,22.81,202605,02,17000,27,2,2017,202606~202806,N,Y,17000.0,27.0,N,N
구의동,villa,아차산로65길 38,ROAD_ADDR,206-3,아차산로65길 38,RENT,16.8,202605,02,1000,61,2,2012,202605~202805,Y,N,,,N,Y
구의동,villa,은선빌,ORIGINAL,77-30,자양로41길 25-19,RENT,18.45,202605,02,3000,77,4,2019,202606~202806,Y,N,,,N,N
구의동,officetel,리버 비스타 구의,ORIGINAL,243-13,아차산로 417,RENT,19.79,202605,01,19000,10,7,2019,202607~202806,Y,N,,,N,N
구의동,officetel,베스트 트레드빌,ORIGINAL,243-2,자양로18길 96,RENT,26.84,202605,01,1000,67,4,2004,202606~202806,N,N,1000.0,65.0,N,Y
구의동,villa,늘푸르른날,ORIGINAL,201-18,구의로16길 81,RENT,19.41,202605,01,7490,12,3,2009,202607~202807,Y,N,,,Y,N
구의동,villa,아차산로55길 62-16,ROAD_ADDR,241-10,아차산로55길 62-16,RENT,22.75,202605,01,23000,10,3,2021,202607~202807,Y,N,,,N,N
구의동,villa,광나루로30나길 18-7,ROAD_ADDR,644-3,광나루로30나길 18-7,RENT,35.82,202605,01,15000,33,3,2016,202606~202806,Y,N,,,N,N
구의동,villa,늘푸르른날,ORIGINAL,201-18,구의로16길 81,RENT,20.79,202605,01,11000,25,4,2009,202606~202806,Y,N,,,N,N
구의동,villa,늘푸르른날,ORIGINAL,201-18,구의로16길 81,RENT,20.79,202605,01,13000,15,4,2009,202606~202806,Y,N,,,N,N
구의동,officetel,리버 비스타 구의,ORIGINAL,243-13,아차산로 417,RENT,20.87,202604,30,500,70,15,2019,202605~202805,Y,N,,,N,Y
구의동,officetel,신도브래뉴오피스텔,ORIGINAL,251-34,자양로 138,RENT,20.08,202604,30,3000,45,9,2003,202605~202705,N,N,3000.0,40.0,Y,Y
구의동,villa,힐카운티7,ORIGINAL,596,뚝섬로66길 3,RENT,26.18,202604,30,3000,109,5,2017,202605~202805,Y,N,,,N,N
구의동,villa,아차산로65길 36,ROAD_ADDR,206-44,아차산로65길 36,RENT,21.39,202604,30,9700,19,2,2001,202605~202805,Y,N,,,N,N
구의동,villa,누리안스카이,ORIGINAL,251-160,자양로 154-5,RENT,29.53,202604,30,5000,115,6,2016,202605~202805,Y,N,,,N,N
구의동,villa,에덴빌23차,ORIGINAL,226-63,자양로30길 91,RENT,29.33,202604,29,26000,6,2,2020,202606~202806,Y,N,,,N,N
구의동,villa,MY(251-1),ORIGINAL,251-1,자양로26길 16,RENT,15.29,202604,29,5000,36,2,2013,202605~202805,Y,N,,,Y,Y
구의동,officetel,자양로 260,ROAD_ADDR,71-5,자양로 260,RENT,26.38,202604,28,1000,110,8,2025,202606~202805,Y,N,,,N,N
구의동,officetel,웰츠타워,ORIGINAL,252-16,자양로 116,RENT,24.82,202604,28,1000,88,15,2015,202605~202705,Y,N,,,N,N
구의동,villa,파크빌(249-14),ORIGINAL,249-14,자양로26길 39-7,RENT,29.74,202604,28,1000,60,5,2014,202605~202805,Y,N,,,Y,Y
구의동,villa,아차산로53길 71-4,ROAD_ADDR,248-104,아차산로53길 71-4,RENT,16.19,202604,28,1000,63,2,2012,202605~202805,Y,N,,,N,Y
구의동,officetel,와이엔 오피스텔,ORIGINAL,218-15,아차산로 444,RENT,25.16,202604,27,11000,10,5,2003,202605~202805,Y,N,,,N,N
구의동,officetel,센트럴빌,ORIGINAL,253-19,광나루로 486,RENT,32.19,202604,27,13400,13,4,2003,202605~202805,N,Y,13400.0,0.0,N,N
구의동,villa,프라임빌(251-68),ORIGINAL,251-68,아차산로49길 68-3,RENT,25.2,202604,27,3000,110,4,2019,202605~202805,Y,N,,,N,N
구의동,villa,자양로 176,ROAD_ADDR,236-47,자양로 176,RENT,35.63,202604,27,10000,100,7,2015,202606~202806,Y,N,,,N,N
구의동,villa,동진하우스,ORIGINAL,221-66,자양로26길 92-16,RENT,28.95,202604,27,15000,45,2,2018,202605~202805,Y,N,,,N,N
구의동,villa,아스하임(232-75),ORIGINAL,232-75,자양로32길 42,RENT,14.35,202604,25,5000,57,3,2021,202605~202805,Y,N,,,Y,Y
구의동,villa,정안빌,ORIGINAL,240-8,광나루로38길 79,RENT,26.4,202604,25,2000,100,4,2019,202605~202805,Y,N,,,N,N
구의동,villa,두진빌,ORIGINAL,248-8,자양로22길 45,RENT,29.36,202604,25,3000,75,4,2019,202607~202807,Y,N,,,N,N
구의동,villa,천호대로129길 16-5,ROAD_ADDR,52-14,천호대로129길 16-5,RENT,27.18,202604,25,9495,23,2,2012,202605~202805,Y,N,,,N,N
구의동,villa,구의로4길 7-5,ROAD_ADDR,223-63,구의로4길 7-5,RENT,24.64,202604,25,10000,11,3,2012,202605~202805,N,N,10000.0,9.0,N,N
구의동,officetel,웰츠타워,ORIGINAL,252-16,자양로 116,RENT,24.75,202604,24,1000,87,11,2015,202605~202705,Y,N,,,N,N
구의동,villa,한미주택,ORIGINAL,72-41,천호대로134길 13,RENT,29.92,202604,24,5000,64,2,2018,202606~202806,Y,N,,,N,Y
구의동,villa,명상빌라,ORIGINAL,72-9,천호대로134길 23,RENT,21.45,202604,24,16700,15,3,2016,202605~202705,N,N,16700.0,15.0,N,N
구의동,villa,태림마이빌,ORIGINAL,222-30,구의로 27,RENT,27.82,202604,24,8000,65,4,2017,202605~202705,N,Y,8000.0,65.0,N,N
구의동,officetel,다성리버텔,ORIGINAL,218-12,아차산로 452,RENT,33.97,202604,23,1000,90,6,2002,202605~202705,Y,N,,,N,N
구의동,villa,구의향기빌,ORIGINAL,239-41,구의로9길 5,RENT,29.82,202604,23,25500,10,2,2016,202604~202804,Y,N,,,N,N
구의동,officetel,웰츠타워,ORIGINAL,252-16,자양로 116,RENT,24.82,202604,22,1000,91,13,2015,202605~202705,Y,N,,,N,N
구의동,officetel,웰츠타워,ORIGINAL,252-16,자양로 116,RENT,24.82,202604,22,1000,87,12,2015,202605~202705,Y,N,,,N,N
구의동,villa,희망,ORIGINAL,57-17,천호대로135길 16,RENT,36.44,202604,22,4190,17,1,2023,202605~202804,N,N,4187.0,15.0,Y,Y
구의동,villa,광나루로52길 62,ROAD_ADDR,210-8,광나루로52길 62,RENT,37.94,202604,22,10000,70,4,2013,202604~202804,N,N,15000.0,40.0,N,N
구의동,villa,MY,ORIGINAL,653-10,자양로23나길 7,RENT,16.13,202604,22,10000,18,2,2013,202605~202805,Y,N,,,N,N
구의동,villa,삼원펠릭스,ORIGINAL,210-10,광나루로52길 64-3,RENT,28.81,202604,22,14000,45,5,2017,202605~202805,N,N,14000.0,40.0,N,N
구의동,villa,하이안,ORIGINAL,222-42,자양로26길 91-8,RENT,13.65,202604,22,1000,65,5,2016,202605~202805,Y,N,,,N,Y
구의동,officetel,광나루로54길 20,ROAD_ADDR,199-14,광나루로54길 20,RENT,30.78,202604,21,11000,28,6,2001,202607~202806,N,Y,11000.0,25.0,N,N
구의동,officetel,테라펠리스 건대 3차,ORIGINAL,246-1,아차산로55길 11,RENT,17.19,202604,21,60,44,7,2021,202604~202806,Y,N,,,Y,Y
구의동,villa,세림하우스,ORIGINAL,226-64,구의로 57-1,RENT,34.35,202604,21,27000,30,3,2015,202606~202806,N,N,27000.0,20.0,N,N
구의동,villa,한우리(223-33),ORIGINAL,223-33,구의로6길 12,RENT,12.2,202604,21,2000,50,2,2012,202604~202804,Y,N,,,Y,Y
구의동,villa,광진빌,ORIGINAL,240-13,자양로26길 61-7,RENT,12.41,202604,21,500,45,4,2015,202605~202805,Y,N,,,Y,Y
구의동,villa,구의빌라트,ORIGINAL,60-79,자양로42길 42-9,RENT,28.53,202604,21,1000,75,1,1996,202605~202805,Y,N,,,N,N
구의동,officetel,아차산로 480,ROAD_ADDR,199-8,아차산로 480,RENT,33.08,202604,20,3000,105,9,2017,202606~202806,Y,N,,,N,N
구의동,villa,아스하임(232-75),ORIGINAL,232-75,자양로32길 42,RENT,21.89,202604,20,23000,16,4,2021,202604~202804,N,N,26000.0,0.0,N,N
구의동,villa,자양로18길 67-7,ROAD_ADDR,242-137,자양로18길 67-7,RENT,29.59,202604,20,12000,43,1,2013,202607~202608,N,N,12000.0,39.0,N,N
구의동,officetel,다성리버텔,ORIGINAL,218-12,아차산로 452,RENT,33.97,202604,18,1000,85,5,2002,202605~202805,Y,N,,,N,N
구의동,officetel,신도브래뉴오피스텔,ORIGINAL,251-34,자양로 138,RENT,36.86,202604,18,1000,85,10,2003,202605~202705,Y,N,,,N,N
구의동,villa,예현타운,ORIGINAL,49-3,자양로 295,RENT,34.8,202604,18,17500,62,5,2017,202605~202805,N,N,17500.0,56.0,N,N
구의동,villa,힐카운티8,ORIGINAL,596-8,뚝섬로 732,RENT,38.98,202604,18,32000,17,5,2017,202605~202705,N,N,32000.0,17.0,N,N
구의동,villa,제이드빌,ORIGINAL,236-9,자양로 178-18,RENT,20.79,202604,17,1000,82,7,2017,202607~202807,Y,N,,,N,N
구의동,villa,SK크로마하우스,ORIGINAL,227-42,구의로 62-1,RENT,25.72,202604,17,1000,78,3,2018,202606~202806,Y,N,,,N,N
구의동,villa,XOresidences,ORIGINAL,80-53,자양로37가길 18,RENT,22.91,202604,17,10000,70,5,2019,202605~202805,Y,N,,,N,N
구의동,officetel,웰츠타워,ORIGINAL,252-16,자양로 116,RENT,29.89,202604,16,1000,105,11,2015,202605~202705,Y,N,,,N,N
구의동,officetel,리버 비스타 구의,ORIGINAL,243-13,아차산로 417,RENT,18.46,202604,16,19000,7,11,2019,202606~202806,Y,N,,,N,N
구의동,villa,힐하우스(239-60),ORIGINAL,239-60,자양로28길 65,RENT,36.0,202604,16,10000,110,3,2015,202605~202805,Y,N,,,N,N
구의동,officetel,신도브래뉴오피스텔,ORIGINAL,251-34,자양로 138,RENT,32.17,202604,14,1000,78,7,2003,202604~202704,Y,N,,,N,N
구의동,officetel,구의아크로리버,ORIGINAL,589-10,구의강변로 64,RENT,38.32,202604,14,1000,100,3,2004,202604~202704,Y,N,,,N,N
구의동,villa,에버그린,ORIGINAL,669,자양로46길 6,RENT,26.06,202604,14,26400,15,2,2019,202605~202805,Y,N,,,N,N
구의동,villa,에버그린,ORIGINAL,669,자양로46길 6,RENT,26.06,202604,14,26400,15,2,2019,202605~202805,Y,N,,,N,N
구의동,villa,광나루로30나길 30-5,ROAD_ADDR,646-2,광나루로30나길 30-5,RENT,12.6,202604,14,20000,50,5,2016,202604~202804,N,N,30000.0,0.0,N,N
구의동,villa,한우리(223-33),ORIGINAL,223-33,구의로6길 12,RENT,12.2,202604,14,1000,55,2,2012,202604~202804,Y,N,,,Y,Y
구의동,villa,자양로23길 63,ROAD_ADDR,646-8,자양로23길 63,RENT,29.24,202604,14,22000,30,2,2019,202604~202804,N,N,22000.0,25.0,N,N
구의동,villa,자양로44길 45,ROAD_ADDR,46-42,자양로44길 45,RENT,26.38,202604,14,20000,55,4,2015,202605~202805,N,Y,20000.0,50.0,N,N
구의동,officetel,자양로 260,ROAD_ADDR,71-5,자양로 260,RENT,24.21,202604,13,1000,100,9,2025,202605~202805,Y,N,,,N,N
구의동,villa,자양로28길 70,ROAD_ADDR,240-34,자양로28길 70,RENT,16.91,202604,13,1000,53,2,2012,202604~202804,Y,N,,,Y,Y
구의동,villa,성민빌,ORIGINAL,231-59,구의로11길 24,RENT,34.25,202604,13,2000,82,4,2016,202605~202805,N,Y,2000.0,80.0,N,N
구의동,officetel,썬-타워빌딩,ORIGINAL,75-1,천호대로 670,RENT,25.69,202604,11,1100,60,7,2007,202604~202711,Y,N,,,Y,Y
구의동,villa,광나루로30나길 30-5,ROAD_ADDR,646-2,광나루로30나길 30-5,RENT,23.76,202604,11,12000,22,2,2016,202605~202805,N,N,12000.0,18.0,N,N
구의동,villa,삼화빌딩,ORIGINAL,53-3,천호대로131길 7,RENT,38.55,202604,11,5000,125,7,2017,202604~202804,Y,N,,,N,N
구의동,villa,자양로30길 92,ROAD_ADDR,225-6,자양로30길 92,RENT,39.55,202604,11,3000,66,4,2004,202605~202805,N,Y,3000.0,63.0,N,Y
구의동,villa,HOYOUNG,ORIGINAL,252-129,아차산로49길 34-6,RENT,25.82,202604,11,2000,58,2,2013,202605~202805,Y,N,,,Y,Y
구의동,officetel,웰츠타워,ORIGINAL,252-16,자양로 116,RENT,24.82,202604,10,1000,87,13,2015,202605~202705,Y,N,,,N,N
구의동,villa,구의로 20-1,ROAD_ADDR,220-7,구의로 20-1,RENT,16.2,202604,10,1000,56,3,2012,202604~202804,Y,N,,,Y,Y
구의동,villa,광나루로40길 43,ROAD_ADDR,225-18,광나루로40길 43,RENT,29.89,202604,10,10000,75,3,2015,202605~202805,Y,N,,,N,N
구의동,villa,광나루로40길 43,ROAD_ADDR,225-18,광나루로40길 43,RENT,29.89,202604,10,5000,100,3,2015,202605~202805,Y,N,,,N,N
구의동,officetel,자양로 260,ROAD_ADDR,71-5,자양로 260,RENT,24.21,202604,09,1000,100,10,2025,202604~202804,Y,N,,,N,N
구의동,villa,광나루로40길 43,ROAD_ADDR,225-18,광나루로40길 43,RENT,28.83,202604,09,2000,80,2,2015,202608~202808,N,N,2000.0,70.0,N,N
구의동,villa,아차산로62길 14-17,ROAD_ADDR,217-13,아차산로62길 14-17,RENT,13.5,202604,08,500,52,2,2012,202604~202804,Y,N,,,Y,Y
구의동,villa,알토하우스,ORIGINAL,643-2,광나루로30나길 12-3,RENT,28.9,202604,08,100,28,5,2024,202604~202806,Y,N,,,Y,Y
구의동,villa,구의로9길 4,ROAD_ADDR,239-39,구의로9길 4,RENT,25.77,202604,07,2000,60,5,2004,202605~202805,Y,N,,,Y,Y
구의동,villa,테라펠리스건대3차,ORIGINAL,246-1,아차산로55길 11,RENT,12.47,202604,07,1000,84,2,2021,202605~202805,Y,N,,,N,N
구의동,villa,하이안,ORIGINAL,222-42,자양로26길 91-8,RENT,29.07,202604,07,14000,35,3,2016,202604~202804,Y,N,,,N,N
구의동,villa,광나루로37길 10-9,ROAD_ADDR,66-78,광나루로37길 10-9,RENT,23.53,202604,07,11000,75,4,2016,202604~202804,N,N,10000.0,75.0,N,N
구의동,officetel,구의아크로리버,ORIGINAL,589-10,구의강변로 64,RENT,25.34,202604,06,15000,25,3,2004,202604~202804,N,N,16000.0,10.0,N,N
구의동,villa,천호대로132길 27-3,ROAD_ADDR,78-37,천호대로132길 27-3,RENT,29.75,202604,06,21000,14,3,2018,202605~202805,N,N,21000.0,10.0,N,N
구의동,villa,천호대로132길 27-3,ROAD_ADDR,78-37,천호대로132길 27-3,RENT,29.56,202604,06,12000,50,2,2018,202604~202804,N,N,12000.0,49.0,N,N
구의동,villa,힐카운티10,ORIGINAL,596-10,구의강변로 31-16,RENT,26.55,202604,05,5000,100,2,2017,202605~202805,Y,N,,,N,N
구의동,officetel,다성리버텔,ORIGINAL,218-12,아차산로 452,RENT,34.88,202604,04,1000,90,4,2002,202604~202804,Y,N,,,N,N
구의동,officetel,베스트 트레드빌,ORIGINAL,243-2,자양로18길 96,RENT,26.84,202604,04,1000,75,11,2004,202604~202804,Y,N,,,N,N
구의동,officetel,광나루로54길 20,ROAD_ADDR,199-14,광나루로54길 20,RENT,32.85,202604,04,5000,55,4,2001,202606~202806,Y,N,,,Y,Y
구의동,villa,구의로4길 7-5,ROAD_ADDR,223-63,구의로4길 7-5,RENT,20.97,202604,04,1000,57,3,2012,202604~202804,N,N,1000.0,54.0,Y,Y
구의동,villa,해피니스,ORIGINAL,217-28,구의강변로7길 9,RENT,32.82,202604,04,12000,60,3,2018,-,,N,,,N,N
구의동,villa,해피니스,ORIGINAL,217-28,구의강변로7길 9,RENT,27.26,202604,04,5000,60,3,2018,202606~202805,N,N,5000.0,56.0,Y,Y
구의동,villa,센츄리,ORIGINAL,206-11,광나루로52길 20,RENT,30.6,202604,04,1000,63,3,2002,202604~202804,Y,N,,,N,Y
구의동,villa,광나루로52길 44-3,ROAD_ADDR,211-16,광나루로52길 44-3,RENT,19.74,202604,04,1000,60,2,2011,202605~202805,Y,N,,,Y,Y
구의동,villa,크로마하우스VI,ORIGINAL,227-21,구의로14길 5,RENT,29.65,202604,04,5000,88,3,2020,202605~202805,Y,N,,,N,N
구의동,officetel,웰츠타워,ORIGINAL,252-16,자양로 116,RENT,24.75,202604,03,1000,90,15,2015,202604~202704,Y,N,,,N,N
구의동,officetel,아델리아 구의타워,ORIGINAL,251-157,자양로 156,RENT,18.74,202604,03,1000,65,7,2010,202604~202704,Y,N,,,N,Y
구의동,officetel,웰츠타워,ORIGINAL,252-16,자양로 116,RENT,24.82,202604,03,1000,89,17,2015,202604~202704,Y,N,,,N,N
구의동,villa,休-나비,ORIGINAL,220-20,광나루로52길 110-8,RENT,15.73,202604,03,12000,45,3,2016,202605~202805,Y,N,,,N,N
구의동,villa,광나루로52길 34-3,ROAD_ADDR,211-9,광나루로52길 34-3,RENT,25.4,202604,03,14500,16,2,2012,202605~202805,Y,N,,,N,N
구의동,villa,드림스카이빌,ORIGINAL,633-16,광나루로30가길 9,RENT,29.94,202604,03,2000,130,2,2015,202606~202806,Y,N,,,N,N
구의동,villa,크로마하우스15,ORIGINAL,241-52,자양로22길 79,RENT,19.91,202604,02,5000,80,4,2021,202606~202806,N,N,5000.0,75.0,N,N
구의동,officetel,리버 비스타 구의,ORIGINAL,243-13,아차산로 417,RENT,19.79,202604,01,1000,85,5,2019,202604~202704,N,Y,1000.0,82.0,N,N
구의동,officetel,센트럴빌,ORIGINAL,253-19,광나루로 486,RENT,32.19,202604,01,300,50,8,2003,202604~202903,Y,N,,,Y,Y
구의동,villa,크로마하우스VIII,ORIGINAL,210-69,아차산로59길 24,RENT,21.95,202604,01,16270,39,2,2020,202605~202805,N,N,15000.0,39.0,N,N
구의동,villa,자양로22길 76,ROAD_ADDR,242-5,자양로22길 76,RENT,18.93,202604,01,17000,20,3,2019,202604~202804,Y,N,,,N,N
구의동,villa,노블,ORIGINAL,227-6,구의로 66,RENT,13.69,202604,01,9260,4,3,2014,202606~202806,N,N,9260.0,4.0,N,N
구의동,villa,노블,ORIGINAL,227-6,구의로 66,RENT,13.69,202604,01,9260,4,3,2014,202606~202706,N,N,9260.0,2.0,N,N
구의동,villa,아차산로53길 37,ROAD_ADDR,257-56,아차산로53길 37,RENT,27.25,202604,01,11800,23,5,2002,202604~202804,Y,N,,,N,N
구의동,villa,노블,ORIGINAL,227-6,구의로 66,RENT,13.69,202604,01,9260,4,3,2014,202606~202706,N,N,9260.0,2.0,N,N
구의동,officetel,리버 비스타 구의,ORIGINAL,243-13,아차산로 417,RENT,18.46,202603,31,10000,55,15,2019,202606~202806,Y,N,,,N,N
구의동,villa,리치팰리스,ORIGINAL,35-22,자양로44길 141-12,RENT,23.76,202603,31,21850,25,3,2022,202604~202804,N,N,20500.0,25.0,N,N
구의동,villa,광나루로40길 43,ROAD_ADDR,225-18,광나루로40길 43,RENT,36.75,202603,30,2000,85,1,2015,202604~202804,Y,N,,,N,N
구의동,villa,크로마하우스10,ORIGINAL,239-11,광나루로40길 48-5,RENT,21.99,202603,28,13000,21,3,2021,202606~202806,Y,N,,,N,N
구의동,villa,광나루로52길 34-3,ROAD_ADDR,211-9,광나루로52길 34-3,RENT,28.72,202603,28,16380,10,3,2012,202605~202805,Y,N,,,N,N
구의동,villa,힐카운티10,ORIGINAL,596-10,구의강변로 31-16,RENT,26.55,202603,28,25400,10,4,2017,202605~202805,Y,N,,,N,N
구의동,villa,源源s,ORIGINAL,251-165,자양로 154-16,RENT,29.95,202603,28,20000,8,4,2015,202605~202805,Y,N,,,N,N
구의동,officetel,리버 비스타 구의,ORIGINAL,243-13,아차산로 417,RENT,18.46,202603,26,1000,90,5,2019,202604~202804,Y,N,,,N,N
구의동,villa,동산캐슬,ORIGINAL,257-3,아차산로55길 47,RENT,16.56,202603,26,10000,80,5,2018,202605~202805,Y,N,,,N,N
구의동,officetel,웰츠타워,ORIGINAL,252-16,자양로 116,RENT,25.16,202603,24,1000,86,11,2015,202604~202704,Y,N,,,N,N
구의동,officetel,웰츠타워,ORIGINAL,252-16,자양로 116,RENT,29.71,202603,24,1000,105,7,2015,202604~202704,Y,N,,,N,N
구의동,villa,강변파크빌,ORIGINAL,596-3,뚝섬로 736,RENT,28.53,202603,24,18760,12,4,2008,202604~202804,N,N,17760.0,12.0,N,N
구의동,villa,HBenest,ORIGINAL,223-60,구의로4길 7-4,RENT,17.7,202603,24,14000,24,2,2018,202605~202805,Y,N,,,N,N
구의동,officetel,신도브래뉴오피스텔,ORIGINAL,251-34,자양로 138,RENT,30.71,202603,23,1000,77,6,2003,202605~202705,Y,N,,,N,N
구의동,villa,자양로18길 67-9,ROAD_ADDR,242-120,자양로18길 67-9,RENT,17.0292,202603,23,9000,10,1,2013,202605~202805,Y,N,,,N,N
구의동,villa,청송주택,ORIGINAL,241-11,자양로22길 67,RENT,27.63,202603,23,1000,65,4,2002,202604~202804,Y,N,,,N,Y
구의동,officetel,와이엔 오피스텔,ORIGINAL,218-15,아차산로 444,RENT,26.83,202603,22,1000,70,7,2003,202604~202804,Y,N,,,N,Y
구의동,officetel,센트럴빌,ORIGINAL,253-19,광나루로 486,RENT,32.19,202603,22,15000,10,10,2003,202604~202804,Y,N,,,N,N
구의동,villa,K-타워,ORIGINAL,214-10,구의강변로 92,RENT,13.99,202603,22,1000,78,6,2018,202604~202803,Y,N,,,N,N
구의동,officetel,구의아크로리버,ORIGINAL,589-10,구의강변로 64,RENT,39.34,202603,21,1000,90,4,2004,202604~202704,Y,N,,,N,N
구의동,villa,자양로26길 92-13,ROAD_ADDR,221-75,자양로26길 92-13,RENT,29.13,202603,21,13200,45,4,2017,202603~202803,N,N,12000.0,45.0,N,N
구의동,villa,동진하우스,ORIGINAL,221-66,자양로26길 92-16,RENT,25.32,202603,21,2000,80,3,2018,202605~202805,Y,N,,,N,N
구의동,villa,아차산로49길 28-6,ROAD_ADDR,252-121,아차산로49길 28-6,RENT,29.77,202603,21,5000,65,5,2013,202603~202803,Y,N,,,N,Y
구의동,officetel,자양로 260,ROAD_ADDR,71-5,자양로 260,RENT,24.21,202603,20,1000,100,7,2025,202603~202803,Y,N,,,N,N
구의동,villa,진연빌(217-29),ORIGINAL,217-29,구의강변로7길 11,RENT,28.66,202603,20,10000,50,5,2013,202603~202803,N,N,10000.0,46.0,N,N
구의동,villa,리버빌,ORIGINAL,587-63,구의강변로3가길 4,RENT,26.97,202603,20,15000,30,2,2016,202605~202805,Y,N,,,N,N
구의동,villa,자양로52길 25-9,ROAD_ADDR,24-8,자양로52길 25-9,RENT,27.27,202603,20,11000,25,2,1986,202604~202804,Y,N,,,N,N
구의동,villa,시선A,ORIGINAL,231-4,구의로11길 36,RENT,29.98,202603,19,10000,55,4,2013,202605~202805,Y,N,,,N,N
구의동,officetel,웰츠타워,ORIGINAL,252-16,자양로 116,RENT,29.89,202603,18,1000,104,8,2015,202604~202704,Y,N,,,N,N
구의동,officetel,리버 비스타 구의,ORIGINAL,243-13,아차산로 417,RENT,21.0,202603,18,1000,85,12,2019,202603~202610,Y,N,,,N,N
구의동,officetel,테라펠리스 건대 3차,ORIGINAL,246-1,아차산로55길 11,RENT,17.19,202603,17,60,44,7,2021,202603~202806,Y,N,,,Y,Y
구의동,villa,아너스빌(231-8),ORIGINAL,231-8,구의로11길 23,RENT,29.3,202603,17,21500,28,2,2017,202604~202804,Y,N,,,N,N
구의동,villa,동산아트빌A,ORIGINAL,239-119,광나루로40길 54-6,RENT,34.44,202603,17,2000,70,5,2002,202604~202804,N,Y,2000.0,70.0,N,Y
구의동,officetel,베스트 트레드빌,ORIGINAL,243-2,자양로18길 96,RENT,26.84,202603,16,1000,70,12,2004,202604~202804,Y,N,,,N,Y
구의동,officetel,다성리버텔,ORIGINAL,218-12,아차산로 452,RENT,33.97,202603,16,1000,80,6,2002,202604~202804,Y,N,,,N,N
구의동,villa,힐카운티9,ORIGINAL,596-9,뚝섬로 734,RENT,29.27,202603,16,10000,69,5,2017,202604~202804,N,N,10000.0,64.0,N,N
구의동,villa,크로마하우스15,ORIGINAL,241-52,자양로22길 79,RENT,21.81,202603,16,19700,13,3,2021,202605~202805,Y,N,,,N,N
구의동,villa,삼환그린빌,ORIGINAL,553-6,영화사로13길 20,RENT,37.6,202603,16,300,42,1,2010,202603~202703,Y,N,,,Y,Y
구의동,villa,힐카운티9,ORIGINAL,596-9,뚝섬로 734,RENT,29.27,202603,16,10000,69,5,2017,202604~202804,N,N,10000.0,64.0,N,N
구의동,officetel,다성리버텔,ORIGINAL,218-12,아차산로 452,RENT,33.97,202603,14,2000,80,8,2002,202603~202803,N,N,2000.0,70.0,N,N
구의동,villa,休-나비,ORIGINAL,220-20,광나루로52길 110-8,RENT,29.08,202603,14,10000,70,4,2016,202605~202805,Y,N,,,N,N
구의동,villa,더집,ORIGINAL,251-169,자양로 154-30,RENT,29.93,202603,14,32000,6,8,2021,202604~202804,Y,N,,,N,N
구의동,villa,세림하우스,ORIGINAL,226-64,구의로 57-1,RENT,29.89,202603,14,21400,50,3,2015,202604~202804,Y,N,,,N,N
구의동,villa,아델리오,ORIGINAL,243-48,자양로18길 90-3,RENT,22.13,202603,14,24150,10,8,2019,202606~202806,N,N,24150.0,6.0,N,N
구의동,officetel,크레신타워3차,ORIGINAL,246-14,아차산로 375,RENT,25.35,202603,13,1000,77,11,2006,202603~202703,Y,N,,,N,N
구의동,villa,써미트빌,ORIGINAL,43-4,자양로44나길 16,RENT,35.07,202603,13,23000,35,3,2017,202604~202804,N,Y,23000.0,30.0,N,N
구의동,villa,명진아트빌,ORIGINAL,252-13,아차산로49길 49,RENT,39.2,202603,13,15000,60,7,2014,202605~202805,Y,N,,,N,N
구의동,villa,구의로4길 68-12,ROAD_ADDR,211-37,구의로4길 68-12,RENT,39.88,202603,13,20000,6,3,2015,202605~202805,Y,N,,,N,N
구의동,villa,자양로18길 67-7,ROAD_ADDR,242-137,자양로18길 67-7,RENT,28.17,202603,13,12000,19,3,2013,202606~202806,N,N,12000.0,16.0,N,N
구의동,villa,지음스토리,ORIGINAL,224-35,구의로10길 13,RENT,28.33,202603,13,7000,110,4,2020,202604~202704,Y,N,,,N,N
구의동,villa,삼성하이츠빌(20-9),ORIGINAL,20-9,영화사로16길 15,RENT,33.84,202603,13,10000,60,3,2016,202605~202805,Y,N,,,N,N
구의동,villa,더하이스트.ck,ORIGINAL,67-3,광나루로37길 13,RENT,25.42,202603,12,12000,30,4,2018,202603~202803,N,Y,12000.0,26.0,N,N
구의동,villa,에덴빌26차,ORIGINAL,239-5,광나루로40길 48-8,RENT,14.46,202603,12,10000,38,4,2020,202604~202804,Y,N,,,N,N
구의동,officetel,웰츠타워,ORIGINAL,252-16,자양로 116,RENT,24.82,202603,11,1000,90,15,2015,202603~202703,Y,N,,,N,N
구의동,officetel,리버 비스타 구의,ORIGINAL,243-13,아차산로 417,RENT,20.87,202603,11,1000,95,10,2019,202604~202704,Y,N,,,N,N
구의동,officetel,센트럴빌,ORIGINAL,253-19,광나루로 486,RENT,32.19,202603,11,6000,60,9,2003,202604~202704,N,N,6000.0,55.0,Y,Y
구의동,officetel,아스하임,ORIGINAL,243-56,자양로18길 84,RENT,30.18,202603,11,18000,20,3,2014,202605~202805,Y,N,,,N,N
구의동,villa,테라펠리스건대3차,ORIGINAL,246-1,아차산로55길 11,RENT,12.47,202603,11,1000,100,3,2021,202603~202803,Y,N,,,N,N
구의동,villa,첨단포레스트,ORIGINAL,241-62,자양로22길 71,RENT,26.0,202603,11,300,29,4,2021,202603~202805,Y,N,,,Y,Y
구의동,villa,대영파크빌,ORIGINAL,240-10,자양로26길 57,RENT,28.39,202603,11,300,34,2,2022,202603~202805,Y,N,,,Y,Y
구의동,villa,자양로28가길 21,ROAD_ADDR,236-5,자양로28가길 21,RENT,27.55,202603,11,1000,70,3,2003,202604~202804,Y,N,,,N,Y
구의동,villa,광나루로40길 51-6,ROAD_ADDR,225-73,광나루로40길 51-6,RENT,25.53,202603,11,12000,40,3,2004,202604~202804,Y,N,,,N,N
구의동,officetel,테라펠리스 건대 3차,ORIGINAL,246-1,아차산로55길 11,RENT,17.19,202603,10,4926,20,8,2021,202607~202806,N,N,4923.0,18.0,Y,Y
구의동,officetel,광나루로54길 20,ROAD_ADDR,199-14,광나루로54길 20,RENT,32.85,202603,10,12800,15,8,2001,202605~202805,N,N,12000.0,15.0,N,N
구의동,officetel,웰츠타워,ORIGINAL,252-16,자양로 116,RENT,24.82,202603,10,1000,90,14,2015,202604~202704,Y,N,,,N,N
구의동,villa,구의로 20-1,ROAD_ADDR,220-7,구의로 20-1,RENT,20.475,202603,10,1000,63,4,2012,202604~202804,Y,N,,,N,Y
구의동,villa,케이비시티4,ORIGINAL,239-52,자양로28길 73-9,RENT,23.01,202603,10,19000,4,3,2019,202605~202805,Y,N,,,N,N
구의동,villa,한울타운,ORIGINAL,239-48,자양로28길 73-10,RENT,29.39,202603,10,22000,20,5,2016,202605~202805,Y,N,,,N,N
구의동,villa,금용빌라,ORIGINAL,251-91,자양로22길 9-14,RENT,36.54,202603,10,5000,90,2,1991,202605~202805,Y,N,,,N,N
구의동,villa,금용빌라,ORIGINAL,251-91,자양로22길 9-14,RENT,36.54,202603,10,5000,90,2,1991,202605~202805,Y,N,,,N,N
구의동,officetel,베스트 트레드빌,ORIGINAL,243-2,자양로18길 96,RENT,26.84,202603,09,1000,70,6,2004,202604~202804,Y,N,,,N,Y
구의동,officetel,진성파크뷰,ORIGINAL,633-4,광나루로30길 3,RENT,31.65,202603,09,5000,150,5,2022,202603~202803,Y,N,,,N,N
구의동,officetel,구의동 벨라로사 오피스텔,ORIGINAL,243-71,아차산로 405,RENT,20.94,202603,09,20000,13,12,2019,202603~202803,N,Y,20000.0,10.0,N,N
구의동,villa,아차산로59길 64,ROAD_ADDR,209-57,아차산로59길 64,RENT,36.0,202603,09,12000,30,1,2004,202605~202805,Y,N,,,N,N
구의동,villa,크로마하우스15,ORIGINAL,241-52,자양로22길 79,RENT,29.02,202603,09,18360,135,4,2021,202604~202803,N,Y,25000.0,100.0,N,N
구의동,villa,자양로46길 7,ROAD_ADDR,47-20,자양로46길 7,RENT,29.14,202603,08,12000,21,3,2002,202603~202803,N,Y,12000.0,18.0,N,N
구의동,officetel,리버 비스타 구의,ORIGINAL,243-13,아차산로 417,RENT,22.06,202603,07,10000,51,14,2019,202604~202704,Y,N,,,N,N
구의동,villa,DSVILLAGE,ORIGINAL,77-13,자양로41길 25-7,RENT,32.93,202603,07,30000,5,3,2026,202604~202804,Y,N,,,N,N
구의동,villa,CA헤쎄드빌,ORIGINAL,21-4,영화사로16가길 11,RENT,17.79,202603,07,3000,130,4,2014,202603~202803,Y,N,,,N,N
구의동,villa,더집,ORIGINAL,251-169,자양로 154-30,RENT,29.92,202603,07,32000,6,8,2021,202604~202804,N,Y,32000.0,0.0,N,N
구의동,villa,한강빌,ORIGINAL,248-148,자양로22길 49,RENT,28.17,202603,07,15000,39,2,2020,202603~202803,Y,N,,,N,N
구의동,villa,크로마하우스VI,ORIGINAL,227-21,구의로14길 5,RENT,21.32,202603,07,2000,82,3,2020,202604~202804,Y,N,,,N,N
구의동,villa,광나루로37길 10-9,ROAD_ADDR,66-78,광나루로37길 10-9,RENT,16.4,202603,07,3400,50,5,2016,202603~202803,Y,N,,,Y,Y
구의동,officetel,강변에스케이뷰,ORIGINAL,667,아차산로 431,RENT,28.01,202603,06,20700,5,2,2017,202605~202805,Y,N,,,N,N
구의동,officetel,구의역 에떼르넬 비욘드,ORIGINAL,246-38,아차산로 391,RENT,23.76,202603,05,1000,130,7,2024,202603~202703,Y,N,,,N,N
구의동,officetel,센트럴빌,ORIGINAL,253-19,광나루로 486,RENT,32.19,202603,05,4000,58,2,2003,202603~202803,Y,N,,,Y,Y
구의동,officetel,웰츠타워,ORIGINAL,252-16,자양로 116,RENT,24.82,202603,05,1000,86,6,2015,202603~202703,Y,N,,,N,N
구의동,villa,자양로28가길 21,ROAD_ADDR,236-5,자양로28가길 21,RENT,28.56,202603,04,1000,70,2,2003,202603~202803,Y,N,,,N,Y
구의동,villa,해송빌,ORIGINAL,211-29,구의로4길 74,RENT,22.7,202603,04,11000,23,3,2009,202604~202804,Y,N,,,N,N
구의동,villa,광나루로38길 65-7,ROAD_ADDR,239-92,광나루로38길 65-7,RENT,23.83,202603,03,2000,62,3,2017,202603~202803,Y,N,,,N,Y
구의동,villa,새움캐슬,ORIGINAL,210-22,광나루로52길 70,RENT,29.19,202603,03,1500,46,3,2001,202603~202803,Y,N,,,Y,Y
구의동,villa,두진빌,ORIGINAL,248-8,자양로22길 45,RENT,29.81,202603,03,7000,78,4,2019,202605~202805,Y,N,,,N,N
구의동,officetel,크레신타워3차,ORIGINAL,246-14,아차산로 375,RENT,25.35,202603,02,1000,77,15,2006,202603~202703,Y,N,,,N,N
구의동,officetel,테라펠리스 건대 3차,ORIGINAL,246-1,아차산로55길 11,RENT,17.05,202603,02,3000,81,5,2021,202603~202703,Y,N,,,N,N
구의동,officetel,신도브래뉴오피스텔,ORIGINAL,251-34,자양로 138,RENT,33.15,202603,02,1000,75,8,2003,202604~202704,Y,N,,,N,N
구의동,villa,대한하이츠빌,ORIGINAL,21-2,영화사로16가길 5,RENT,30.81,202603,02,20000,10,2,2019,202604~202804,Y,N,,,N,N
구의동,villa,아델리오,ORIGINAL,243-48,자양로18길 90-3,RENT,29.36,202603,02,30000,5,9,2019,202603~202803,N,Y,29900.0,0.0,N,N
구의동,villa,새움캐슬,ORIGINAL,210-22,광나루로52길 70,RENT,27.3,202603,02,2000,37,2,2001,202604~202804,Y,N,,,Y,Y
구의동,villa,엘리제빌,ORIGINAL,241-40,구의로3길 14,RENT,24.22,202603,02,3000,110,4,2017,202605~202805,Y,N,,,N,N
구의동,officetel,로젠스톤,ORIGINAL,251-31,자양로 144,RENT,19.71,202602,28,12000,25,5,2017,202604~202804,Y,N,,,N,N
구의동,officetel,센트럴빌,ORIGINAL,253-19,광나루로 486,RENT,32.19,202602,28,3000,65,5,2003,202604~202804,Y,N,,,N,Y
구의동,officetel,아차산로 480,ROAD_ADDR,199-8,아차산로 480,RENT,27.03,202602,28,3000,90,9,2017,202603~202803,N,Y,3000.0,85.0,N,N
구의동,villa,정안빌,ORIGINAL,240-8,광나루로38길 79,RENT,28.65,202602,28,23000,15,2,2019,202604~202804,Y,N,,,N,N
구의동,villa,광나루로40길 48-10,ROAD_ADDR,239-8,광나루로40길 48-10,RENT,17.55,202602,28,1000,50,2,2014,202605~202805,Y,N,,,Y,Y
구의동,villa,정안빌,ORIGINAL,240-8,광나루로38길 79,RENT,28.65,202602,28,23000,15,2,2019,202604~202804,Y,N,,,N,N
구의동,villa,현대빌라(248-1),ORIGINAL,248-1,자양로26길 44,RENT,38.64,202602,28,3000,100,4,1994,202604~202804,Y,N,,,N,N
구의동,officetel,평강오피스텔,ORIGINAL,598-2,구의강변로 27,RENT,26.52,202602,27,2000,70,3,2003,202603~202703,Y,N,,,N,Y
구의동,officetel,구의동 벨라로사 오피스텔,ORIGINAL,243-71,아차산로 405,RENT,20.94,202602,27,20000,4,11,2019,202603~202803,N,N,20000.0,2.0,N,N
구의동,villa,자양로22길 9-12,ROAD_ADDR,251-120,자양로22길 9-12,RENT,14.81,202602,27,1000,75,5,2018,202603~202803,Y,N,,,N,N
구의동,villa,파크플레이스(71-4),ORIGINAL,71-4,천호대로134길 12,RENT,29.89,202602,27,20000,6,2,2012,202602~202801,N,Y,20000.0,3.0,N,N
구의동,villa,자연S,ORIGINAL,257-40,아차산로53길 51-10,RENT,13.84,202602,27,2500,34,4,2013,202602~202802,Y,N,,,Y,Y
구의동,villa,부광아인스빌,ORIGINAL,204-42,광나루로46길 24-7,RENT,28.68,202602,27,23000,20,5,2019,202604~202804,Y,N,,,N,N
구의동,officetel,웰츠타워,ORIGINAL,252-16,자양로 116,RENT,24.82,202602,26,1000,90,17,2015,202603~202703,Y,N,,,N,N
구의동,villa,아차산로55길 31,ROAD_ADDR,257-8,아차산로55길 31,RENT,29.97,202602,26,1000,66,3,2012,202603~202803,Y,N,,,N,Y
구의동,villa,자양로28길 70,ROAD_ADDR,240-34,자양로28길 70,RENT,15.2,202602,26,1000,56,2,2012,202602~202802,Y,N,,,Y,Y
구의동,officetel,신도브래뉴오피스텔,ORIGINAL,251-34,자양로 138,RENT,30.71,202602,25,1000,75,5,2003,202604~202704,Y,N,,,N,N
구의동,villa,T&K구의,ORIGINAL,65-24,자양로36길 17-17,RENT,33.14,202602,25,4389,6,2,2024,202603~202805,Y,N,,,Y,Y
구의동,villa,T&K구의,ORIGINAL,65-24,자양로36길 17-17,RENT,33.14,202602,25,100,30,2,2024,202603~202805,Y,N,,,Y,Y
구의동,villa,아너스빌(231-8),ORIGINAL,231-8,구의로11길 23,RENT,29.3,202602,25,23000,10,2,2017,202603~202803,Y,N,,,N,N
구의동,villa,구의동에코하임,ORIGINAL,642-3,광나루로30다길 7,RENT,29.96,202602,25,29200,9,3,2023,202603~202803,N,Y,30000.0,0.0,N,N
구의동,villa,엘리시아,ORIGINAL,200-12,광나루로52길 19,RENT,22.5,202602,25,1000,103,6,2016,202602~202802,N,Y,1000.0,95.0,N,N
구의동,villa,샤인빌,ORIGINAL,236-49,자양로 178-14,RENT,18.06,202602,25,13100,13,7,2018,202604~202804,Y,N,,,N,N
구의동,villa,샤인빌,ORIGINAL,236-49,자양로 178-14,RENT,18.06,202602,25,13100,13,7,2018,202604~202804,Y,N,,,N,N
구의동,villa,한우리(223-33),ORIGINAL,223-33,구의로6길 12,RENT,12.8,202602,24,1000,43,4,2012,202603~202803,Y,N,,,Y,Y
구의동,villa,크로마하우스VI,ORIGINAL,227-21,구의로14길 5,RENT,21.32,202602,24,2000,72,4,2020,202602~202802,Y,N,,,N,N
구의동,officetel,아델리아 구의타워,ORIGINAL,251-157,자양로 156,RENT,18.74,202602,23,1000,65,6,2010,202604~202704,Y,N,,,N,Y
구의동,officetel,구의동 홀가하우스,ORIGINAL,80-29,자양로 211,RENT,21.37,202602,23,2000,120,4,2020,202603~202703,Y,N,,,N,N
구의동,villa,동산캐슬,ORIGINAL,257-3,아차산로55길 47,RENT,29.94,202602,23,22000,27,3,2018,202603~202803,N,N,22000.0,27.0,N,N
구의동,villa,상그릴라빌,ORIGINAL,212-11,광나루로52길 37,RENT,29.47,202602,23,15000,40,3,2018,202603~202803,N,N,16000.0,31.0,N,N
구의동,villa,광나루로52길 44-3,ROAD_ADDR,211-16,광나루로52길 44-3,RENT,14.25,202602,23,1000,60,3,2011,202603~202803,Y,N,,,Y,Y
구의동,officetel,센트럴빌,ORIGINAL,253-19,광나루로 486,RENT,32.19,202602,21,15000,10,3,2003,202604~202804,Y,N,,,N,N
구의동,villa,파크플레이스(71-4),ORIGINAL,71-4,천호대로134길 12,RENT,29.89,202602,21,5000,75,4,2012,202604~202804,Y,N,,,N,N
구의동,villa,아차산로59길 57,ROAD_ADDR,223-25,아차산로59길 57,RENT,34.71,202602,21,13000,40,4,2004,202605~202805,Y,N,,,N,N
구의동,villa,리치빌(50-29),ORIGINAL,50-29,자양로45길 18-1,RENT,16.89,202602,21,2000,53,5,2019,202603~202803,Y,N,,,Y,Y
구의동,villa,반석빌라트,ORIGINAL,222-26,자양로26길 97-17,RENT,27.03,202602,21,2000,65,2,2003,202602~202802,Y,N,,,N,Y
구의동,officetel,아델리아 구의타워,ORIGINAL,251-157,자양로 156,RENT,18.74,202602,20,1000,65,5,2010,202602~202702,N,N,1000.0,65.0,N,Y
구의동,officetel,아델리아 구의타워,ORIGINAL,251-157,자양로 156,RENT,18.74,202602,20,1000,65,7,2010,202603~202702,N,N,1000.0,65.0,N,Y
구의동,officetel,아델리아 구의타워,ORIGINAL,251-157,자양로 156,RENT,18.74,202602,20,1000,65,7,2010,202603~202702,N,N,1000.0,65.0,N,Y
구의동,villa,부광빌(60-23),ORIGINAL,60-23,자양로42길 42-24,RENT,22.69,202602,20,16000,16,4,2016,202604~202804,N,N,19000.0,5.0,N,N
구의동,villa,자양로22길 21-6,ROAD_ADDR,251-63,자양로22길 21-6,RENT,24.3,202602,20,2000,61,3,2014,202604~202804,N,Y,2000.0,58.0,N,Y
구의동,villa,영화드포레,ORIGINAL,23-43,영화사로16가길 21-12,RENT,33.56,202602,20,13000,45,1,2020,202604~202804,Y,N,,,N,N
구의동,villa,부광빌,ORIGINAL,225-56,구의로 41,RENT,29.8,202602,20,10000,53,2,2018,202603~202803,Y,N,,,N,N
구의동,officetel,아델리아 구의타워,ORIGINAL,251-157,자양로 156,RENT,18.74,202602,19,1000,65,8,2010,202603~202703,Y,N,,,N,Y
구의동,villa,노블3,ORIGINAL,248-94,아차산로51길 82,RENT,29.98,202602,19,18650,60,3,2021,202605~202805,Y,N,,,N,N
구의동,villa,구의로10길 16,ROAD_ADDR,224-53,구의로10길 16,RENT,18.4,202602,19,9000,14,2,2012,202602~202802,N,N,9000.0,25.0,N,N
구의동,villa,노블3,ORIGINAL,248-94,아차산로51길 82,RENT,29.98,202602,19,18650,60,3,2021,202605~202805,Y,N,,,N,N
구의동,villa,아차산로55길 62-16,ROAD_ADDR,241-10,아차산로55길 62-16,RENT,25.83,202602,19,25000,10,2,2021,202603~202803,N,N,25000.0,5.0,N,N
구의동,villa,노블3,ORIGINAL,248-94,아차산로51길 82,RENT,29.98,202602,19,18650,60,3,2021,202605~202805,Y,N,,,N,N
구의동,villa,더집,ORIGINAL,251-169,자양로 154-30,RENT,29.93,202602,19,32000,6,6,2021,202603~202803,N,N,32000.0,0.0,N,N
구의동,villa,우영하우스,ORIGINAL,239-87,자양로30길 58-13,RENT,27.86,202602,18,23900,30,4,2020,202602~202802,N,N,21000.0,30.0,N,N
구의동,officetel,아델리아 구의타워,ORIGINAL,251-157,자양로 156,RENT,18.74,202602,16,1000,65,8,2010,202602~202702,N,N,1000.0,65.0,N,Y
구의동,officetel,다성리버텔,ORIGINAL,218-12,아차산로 452,RENT,33.97,202602,16,1000,80,9,2002,202602~202802,Y,N,,,N,N
구의동,officetel,진성파크뷰,ORIGINAL,633-4,광나루로30길 3,RENT,34.38,202602,14,5000,155,3,2022,202602~202702,Y,N,,,N,N
구의동,villa,아리아하우스,ORIGINAL,230-17,자양로32길 61,RENT,18.87,202602,14,5000,75,5,2016,202602~202808,N,N,5000.0,75.0,N,N
구의동,villa,희망빌,ORIGINAL,208-43,구의로6길 25,RENT,18.92,202602,14,12000,20,2,2018,202603~202803,Y,N,,,N,N
구의동,villa,크로마하우스15,ORIGINAL,241-52,자양로22길 79,RENT,21.81,202602,14,23000,5,2,2021,202603~202803,Y,N,,,N,N
구의동,villa,대한하이츠빌,ORIGINAL,21-2,영화사로16가길 5,RENT,29.87,202602,14,19750,10,2,2019,202604~202804,Y,N,,,N,N
구의동,villa,돌체,ORIGINAL,257-13,아차산로53길 24,RENT,22.61,202602,14,9000,22,2,2011,202603~202803,Y,N,,,N,N
구의동,villa,힐카운티9,ORIGINAL,596-9,뚝섬로 734,RENT,29.27,202602,14,12600,68,2,2017,202602~202802,N,N,12000.0,65.0,N,N
구의동,villa,비바체,ORIGINAL,221-10,아차산로57길 14-5,RENT,12.78,202602,14,1000,33,5,2012,202603~202803,Y,N,,,Y,Y
구의동,villa,MY,ORIGINAL,653-10,자양로23나길 7,RENT,16.13,202602,14,3000,40,3,2013,202602~202802,Y,N,,,Y,Y
구의동,officetel,구의동 벨라로사 오피스텔,ORIGINAL,243-71,아차산로 405,RENT,20.94,202602,13,19300,2,5,2019,202602~202802,N,N,19300.0,0.0,N,N
구의동,officetel,크레신타워3차,ORIGINAL,246-14,아차산로 375,RENT,25.35,202602,13,1000,74,8,2006,202602~202702,Y,N,,,N,N
구의동,officetel,리버 비스타 구의,ORIGINAL,243-13,아차산로 417,RENT,22.06,202602,13,19000,10,16,2019,202603~202803,Y,N,,,N,N
구의동,villa,블루스카이,ORIGINAL,251-167,아차산로49길 87-4,RENT,29.99,202602,13,28800,30,4,2021,202603~202803,Y,N,,,N,N
구의동,villa,청송주택,ORIGINAL,241-11,자양로22길 67,RENT,23.4,202602,13,1000,50,2,2002,202603~202803,Y,N,,,Y,Y
구의동,villa,자양로22길 74-13,ROAD_ADDR,242-108,자양로22길 74-13,RENT,26.32,202602,13,16000,14,3,2015,202603~202803,Y,N,,,N,N
구의동,villa,자양로22길 74-13,ROAD_ADDR,242-108,자양로22길 74-13,RENT,26.32,202602,13,16000,11,3,2015,202603~202803,Y,N,,,N,N
구의동,officetel,센트럴빌,ORIGINAL,253-19,광나루로 486,RENT,32.19,202602,12,1000,74,2,2003,202602~202802,Y,N,,,N,N
구의동,officetel,평강오피스텔,ORIGINAL,598-2,구의강변로 27,RENT,25.5,202602,12,4000,60,2,2003,202602~202802,Y,N,,,Y,Y
구의동,officetel,웰츠타워,ORIGINAL,252-16,자양로 116,RENT,29.89,202602,12,1000,109,17,2015,202603~202703,Y,N,,,N,N
구의동,officetel,리버 비스타 구의,ORIGINAL,243-13,아차산로 417,RENT,19.79,202602,12,1000,90,12,2019,202603~202803,Y,N,,,N,N
구의동,villa,아차산로53길 60,ROAD_ADDR,248-43,아차산로53길 60,RENT,38.28,202602,12,2000,78,2,1986,202604~202804,N,N,2000.0,75.0,N,N
구의동,villa,아차산로59길 23,ROAD_ADDR,220-51,아차산로59길 23,RENT,15.49,202602,12,1000,47,2,2011,202602~202802,Y,N,,,Y,Y
구의동,villa,스카이팰리스,ORIGINAL,614-12,천호대로132길 60,RENT,28.24,202602,12,24000,10,2,2016,202603~202803,N,N,24000.0,0.0,N,N
구의동,villa,노블,ORIGINAL,227-6,구의로 66,RENT,13.32,202602,12,7000,17,3,2014,202603~202803,Y,N,,,Y,N
구의동,villa,성원아트빌,ORIGINAL,211-26,광나루로52길 40,RENT,33.01,202602,12,14200,10,5,2002,202602~202802,N,N,13400.0,10.0,N,N
구의동,villa,성원아트빌,ORIGINAL,211-26,광나루로52길 40,RENT,33.01,202602,12,14200,10,5,2002,202602~202802,N,N,13400.0,10.0,N,N
구의동,villa,구의엘리시아,ORIGINAL,221-78,구의로 19-10,RENT,32.78,202602,12,29000,20,6,2021,202602~202802,N,Y,29000.0,5.0,N,N
구의동,officetel,구의동 벨라로사 오피스텔,ORIGINAL,243-71,아차산로 405,RENT,20.94,202602,11,19200,3,4,2019,202602~202802,N,N,19360.0,0.0,N,N
구의동,officetel,웰츠타워,ORIGINAL,252-16,자양로 116,RENT,24.82,202602,11,1000,86,4,2015,202602~202702,Y,N,,,N,N
구의동,villa,크로마하우스16,ORIGINAL,642-6,광나루로30나길 12-4,RENT,27.15,202602,11,2000,84,2,2022,202603~202803,Y,N,,,N,N
구의동,villa,늘푸르른날,ORIGINAL,201-18,구의로16길 81,RENT,19.41,202602,11,10000,11,3,2009,202603~202803,Y,N,,,N,N
구의동,villa,자양로26길 97-24,ROAD_ADDR,222-10,자양로26길 97-24,RENT,28.54,202602,11,18000,15,2,2014,202603~202803,Y,N,,,N,N
구의동,villa,오로시하우스(orosihaus),ORIGINAL,239-97,광나루로38길 65-5,RENT,20.59,202602,11,16000,5,3,2018,202603~202803,Y,N,,,N,N
구의동,officetel,웰츠타워,ORIGINAL,252-16,자양로 116,RENT,24.82,202602,10,1000,89,17,2015,202602~202702,Y,N,,,N,N
구의동,officetel,센트럴빌,ORIGINAL,253-19,광나루로 486,RENT,32.19,202602,10,1000,73,5,2003,202602~202802,Y,N,,,N,N
구의동,villa,크로마하우스15,ORIGINAL,241-52,자양로22길 79,RENT,19.15,202602,10,21300,11,2,2021,202603~202803,N,N,23000.0,0.0,N,N
구의동,officetel,크레신타워3차,ORIGINAL,246-14,아차산로 375,RENT,25.35,202602,09,1000,77,14,2006,202602~202702,Y,N,,,N,N
구의동,officetel,강변에스케이뷰,ORIGINAL,667,아차산로 431,RENT,28.01,202602,09,1000,95,4,2017,202603~202703,Y,N,,,N,N
구의동,officetel,웰츠타워,ORIGINAL,252-16,자양로 116,RENT,24.75,202602,09,1000,87,14,2015,202603~202703,Y,N,,,N,N
구의동,officetel,센트럴빌,ORIGINAL,253-19,광나루로 486,RENT,32.19,202602,09,1000,77,10,2003,202604~202804,Y,N,,,N,N
구의동,officetel,웰츠타워,ORIGINAL,252-16,자양로 116,RENT,24.82,202602,09,1000,85,4,2015,202602~202702,Y,N,,,N,N
구의동,villa,자양로26길 97-3,ROAD_ADDR,222-37,자양로26길 97-3,RENT,22.62,202602,08,16800,3,3,2018,-,,N,,,N,N
구의동,officetel,신도브래뉴오피스텔,ORIGINAL,251-34,자양로 138,RENT,31.2,202602,07,1000,75,7,2003,202603~202803,N,N,1000.0,70.0,N,N
구의동,officetel,크레신타워3차,ORIGINAL,246-14,아차산로 375,RENT,25.35,202602,07,1000,72,8,2006,202602~202702,N,N,1000.0,68.0,N,N
구의동,villa,샛별빌라,ORIGINAL,257-16,아차산로53길 45,RENT,28.08,202602,07,1000,73,2,2012,202602~202802,Y,N,,,N,N
구의동,villa,채움하우스(257-28),ORIGINAL,257-28,아차산로53길 38-14,RENT,25.62,202602,07,13000,26,2,2018,202603~202803,Y,N,,,N,N
구의동,villa,한우리(223-33),ORIGINAL,223-33,구의로6길 12,RENT,12.2,202602,07,3000,42,4,2012,202602~202802,Y,N,,,Y,Y
구의동,villa,키스톤하우스Ⅴ,ORIGINAL,60-7,자양로42길 48,RENT,38.78,202602,07,19000,54,4,2016,202603~202803,Y,N,,,N,N
구의동,villa,파크플레이스(71-4),ORIGINAL,71-4,천호대로134길 12,RENT,24.0,202602,07,2000,70,3,2012,202603~202803,Y,N,,,N,Y
구의동,villa,자양로30길 92,ROAD_ADDR,225-6,자양로30길 92,RENT,39.55,202602,07,5000,59,3,2004,202602~202802,Y,N,,,Y,Y
구의동,villa,아스하임(232-75),ORIGINAL,232-75,자양로32길 42,RENT,15.89,202602,07,15000,42,4,2021,202603~202803,Y,N,,,N,N
구의동,villa,대한하이츠빌,ORIGINAL,21-2,영화사로16가길 5,RENT,30.81,202602,07,20000,10,3,2019,202603~202803,Y,N,,,N,N
구의동,villa,크로마하우스15,ORIGINAL,241-52,자양로22길 79,RENT,20.01,202602,07,5000,79,2,2021,202603~202803,Y,N,,,N,N
구의동,villa,아하바(AHABA)하우스,ORIGINAL,251-170,아차산로49길 95,RENT,29.99,202602,07,3000,120,5,2016,202602~202802,Y,N,,,N,N
구의동,officetel,신도브래뉴오피스텔,ORIGINAL,251-34,자양로 138,RENT,32.17,202602,06,3000,60,3,2003,202602~202802,N,N,3000.0,55.0,Y,Y
구의동,officetel,테라펠리스 건대 3차,ORIGINAL,246-1,아차산로55길 11,RENT,17.05,202602,06,1000,100,9,2021,202602~202702,Y,N,,,N,N
구의동,villa,알토하우스,ORIGINAL,643-2,광나루로30나길 12-3,RENT,35.69,202602,06,2712,28,2,2024,202602~202804,Y,N,,,Y,Y
구의동,villa,하우징허브,ORIGINAL,209-10,아차산로61길 47,RENT,34.05,202602,06,24000,35,5,2016,202603~202803,Y,N,,,N,N
구의동,villa,진봉,ORIGINAL,252-128,아차산로49길 34-4,RENT,35.52,202602,06,3000,77,3,2005,202604~202804,Y,N,,,N,N
구의동,officetel,웰츠타워,ORIGINAL,252-16,자양로 116,RENT,24.82,202602,05,1000,91,17,2015,202603~202703,N,N,1000.0,90.0,N,N
구의동,officetel,진성파크뷰,ORIGINAL,633-4,광나루로30길 3,RENT,32.06,202602,05,5000,150,3,2022,202602~202802,Y,N,,,N,N
구의동,officetel,신도브래뉴오피스텔,ORIGINAL,251-34,자양로 138,RENT,33.15,202602,05,1000,80,9,2003,202603~202702,Y,N,,,N,N
구의동,villa,청송주택,ORIGINAL,241-11,자양로22길 67,RENT,26.27,202602,05,1000,50,3,2002,202602~202802,Y,N,,,Y,Y
구의동,villa,희망,ORIGINAL,57-17,천호대로135길 16,RENT,34.71,202602,05,1331,38,2,2023,202602~202804,Y,N,,,Y,Y
구의동,villa,희망,ORIGINAL,57-17,천호대로135길 16,RENT,34.71,202602,05,3328,34,2,2023,202602~202804,Y,N,,,Y,Y
구의동,villa,희망,ORIGINAL,57-17,천호대로135길 16,RENT,34.71,202602,05,3328,34,2,2023,202602~202804,Y,N,,,Y,Y
구의동,villa,아스하임(232-75),ORIGINAL,232-75,자양로32길 42,RENT,19.93,202602,05,19700,29,3,2021,202602~202802,N,Y,19700.0,25.0,N,N
구의동,villa,힐알펜시아,ORIGINAL,207-9,광나루로46길 47,RENT,40.0,202602,05,27550,5,2,2020,202603~202803,N,Y,27550.0,0.0,N,N
구의동,officetel,아델리아 구의타워,ORIGINAL,251-157,자양로 156,RENT,18.74,202602,04,1000,65,5,2010,202602~202702,Y,N,,,N,Y
구의동,officetel,센트럴빌,ORIGINAL,253-19,광나루로 486,RENT,32.19,202602,04,2000,68,8,2003,202603~202803,N,N,2000.0,65.0,N,Y
구의동,officetel,크레신타워3차,ORIGINAL,246-14,아차산로 375,RENT,26.91,202602,04,1000,73,8,2006,202603~202803,Y,N,,,N,N
구의동,villa,힐알펜시아,ORIGINAL,207-9,광나루로46길 47,RENT,18.98,202602,04,35000,35,5,2020,202603~202708,Y,N,,,N,N
구의동,villa,더집,ORIGINAL,251-169,자양로 154-30,RENT,29.92,202602,04,29000,24,6,2021,202603~202803,Y,N,,,N,N
구의동,villa,청송주택,ORIGINAL,241-11,자양로22길 67,RENT,26.27,202602,04,1000,60,2,2002,202603~202803,Y,N,,,Y,Y
구의동,villa,한울타워,ORIGINAL,57-30,천호대로137길 9,RENT,26.38,202602,04,10000,33,5,2013,202603~202803,Y,N,,,N,N
구의동,villa,더집,ORIGINAL,251-169,자양로 154-30,RENT,29.92,202602,04,29000,17,6,2021,202603~202803,Y,N,,,N,N
구의동,officetel,센트럴빌,ORIGINAL,253-19,광나루로 486,RENT,32.19,202602,03,1000,73,3,2003,202602~202802,Y,N,,,N,N
구의동,officetel,크레신타워3차,ORIGINAL,246-14,아차산로 375,RENT,25.35,202602,03,1000,77,12,2006,202603~202703,Y,N,,,N,N
구의동,villa,구의로 47-15,ROAD_ADDR,225-47,구의로 47-15,RENT,28.43,202602,03,1000,75,4,2018,202602~202802,Y,N,,,N,N
구의동,officetel,그랜드파크 오피스텔,ORIGINAL,76-1,천호대로 666,RENT,19.4,202602,02,1000,78,4,2017,202602~202702,Y,N,,,N,N
구의동,officetel,아차산로 480,ROAD_ADDR,199-8,아차산로 480,RENT,29.12,202602,02,1000,100,8,2017,202602~202702,Y,N,,,N,N
구의동,officetel,신도브래뉴오피스텔,ORIGINAL,251-34,자양로 138,RENT,31.2,202602,02,1000,75,4,2003,202604~202704,Y,N,,,N,N
구의동,officetel,진성파크뷰,ORIGINAL,633-4,광나루로30길 3,RENT,34.7,202602,02,3000,170,2,2022,202602~202802,Y,N,,,N,N
구의동,villa,스톤빌,ORIGINAL,78-47,천호대로132길 15-1,RENT,28.43,202602,02,500,33,4,2003,202604~202804,N,Y,500.0,32.0,Y,Y
구의동,villa,스톤빌,ORIGINAL,78-47,천호대로132길 15-1,RENT,27.88,202602,02,1000,39,4,2003,202603~202803,N,N,1000.0,35.0,Y,Y
구의동,villa,아차산로62길 14-17,ROAD_ADDR,217-13,아차산로62길 14-17,RENT,24.83,202602,02,3000,80,4,2012,202602~202802,Y,N,,,N,N
구의동,villa,자양로32길 91-7,ROAD_ADDR,229-39,자양로32길 91-7,RENT,34.78,202602,01,14000,50,3,2013,-,,N,,,N,N
구의동,villa,자양로32길 91-7,ROAD_ADDR,229-39,자양로32길 91-7,RENT,34.78,202602,01,14000,50,3,2013,202602~202802,N,N,10000.0,60.0,N,N
구의동,officetel,다성리버텔,ORIGINAL,218-12,아차산로 452,RENT,29.97,202601,31,1050,78,2,2002,202602~202702,N,N,1000.0,75.0,N,N
구의동,officetel,구의동 벨라로사 오피스텔,ORIGINAL,243-71,아차산로 405,RENT,20.94,202601,31,18000,7,6,2019,202602~202802,N,Y,18000.0,6.0,N,N
구의동,villa,승지,ORIGINAL,29-20,자양로49길 16-7,RENT,29.0,202601,31,19000,9,3,2020,202604~202804,Y,N,,,N,N
구의동,villa,구의로4길 7-5,ROAD_ADDR,223-63,구의로4길 7-5,RENT,27.29,202601,31,3800,60,4,2012,202602~202802,Y,N,,,Y,Y
구의동,villa,드림하우젠2,ORIGINAL,614-11,천호대로130길 59-11,RENT,14.85,202601,31,17050,3,2,2019,202602~202802,N,N,17050.0,0.0,N,N
구의동,villa,승지,ORIGINAL,29-20,자양로49길 16-7,RENT,29.0,202601,31,19000,9,3,2020,202604~202804,Y,N,,,N,N
구의동,villa,에버그린,ORIGINAL,669,자양로46길 6,RENT,23.8,202601,31,23000,20,3,2019,202602~202802,Y,N,,,N,N
구의동,villa,크로마하우스16,ORIGINAL,642-6,광나루로30나길 12-4,RENT,27.86,202601,31,5000,130,4,2022,202602~202802,N,Y,5000.0,130.0,N,N
구의동,villa,구의로 47-15,ROAD_ADDR,225-47,구의로 47-15,RENT,29.69,202601,31,22000,30,3,2018,202603~202803,Y,N,,,N,N
구의동,villa,승지,ORIGINAL,29-20,자양로49길 16-7,RENT,29.0,202601,31,19000,9,3,2020,202604~202804,Y,N,,,N,N
구의동,villa,크로마하우스11,ORIGINAL,634-11,자양로23길 83-5,RENT,25.31,202601,31,20000,18,2,2020,202603~202803,Y,N,,,N,N
구의동,villa,빌라드리치,ORIGINAL,204-15,광나루로46길 24-10,RENT,26.14,202601,30,19000,30,3,2020,202604~202804,Y,N,,,N,N
구의동,villa,현일빌라,ORIGINAL,242-53,아차산로57길 5-7,RENT,39.005,202601,30,2000,120,4,2002,202602~202802,Y,N,,,N,N
구의동,villa,승연하우스,ORIGINAL,220-26,광나루로52길 110-5,RENT,37.08,202601,30,3000,130,3,2016,202602~202802,Y,N,,,N,N
구의동,villa,파크플레이스(71-4),ORIGINAL,71-4,천호대로134길 12,RENT,24.0,202601,30,1000,70,3,2012,202602~202802,Y,N,,,N,Y
구의동,villa,노블3,ORIGINAL,248-94,아차산로51길 82,RENT,22.57,202601,30,5000,145,5,2021,202604~202804,N,N,5000.0,138.0,N,N
구의동,officetel,웰츠타워,ORIGINAL,252-16,자양로 116,RENT,24.82,202601,29,1000,89,18,2015,202602~202702,Y,N,,,N,N
구의동,villa,로젠스톤,ORIGINAL,251-31,자양로 144,RENT,25.95,202601,29,15000,50,11,2017,202603~202803,N,N,13000.0,49.0,N,N
구의동,villa,누리안스카이,ORIGINAL,251-160,자양로 154-5,RENT,29.53,202601,29,5000,120,6,2016,202603~202803,Y,N,,,N,N
구의동,villa,아차산로53길 38-18,ROAD_ADDR,257-29,아차산로53길 38-18,RENT,21.44,202601,29,21290,8,3,2021,202602~202802,N,Y,21290.0,8.0,N,N
구의동,officetel,신도브래뉴오피스텔,ORIGINAL,251-34,자양로 138,RENT,24.41,202601,28,1000,68,4,2003,202603~202703,N,N,1000.0,65.0,N,Y
구의동,officetel,구의아크로리버,ORIGINAL,589-10,구의강변로 64,RENT,26.86,202601,28,1000,70,4,2004,202602~202702,Y,N,,,N,Y
구의동,villa,아차산로49길 38,ROAD_ADDR,252-84,아차산로49길 38,RENT,16.34,202601,28,17000,40,4,2015,202601~202801,N,Y,22000.0,0.0,N,N
구의동,villa,에덴빌24차,ORIGINAL,239-118,광나루로40길 54-4,RENT,25.49,202601,28,20900,5,2,2020,202603~202803,Y,N,,,N,N
구의동,villa,에덴빌23차,ORIGINAL,226-63,자양로30길 91,RENT,29.55,202601,28,23600,11,2,2020,202603~202803,Y,N,,,N,N
구의동,officetel,크레신타워3차,ORIGINAL,246-14,아차산로 375,RENT,26.91,202601,27,1000,75,11,2006,202602~202702,Y,N,,,N,N
구의동,villa,명진센트라임3,ORIGINAL,251-176,아차산로49길 87-3,RENT,24.53,202601,27,23500,40,4,2020,202603~202803,Y,N,,,N,N
구의동,villa,한강빌,ORIGINAL,248-148,자양로22길 49,RENT,25.65,202601,27,12000,43,2,2020,202603~202803,N,Y,12000.0,38.0,N,N
구의동,villa,우림아트빌,ORIGINAL,251-64,아차산로49길 68-2,RENT,16.15,202601,27,1100,58,2,2012,202603~202803,Y,N,,,Y,Y
구의동,officetel,신도브래뉴오피스텔,ORIGINAL,251-34,자양로 138,RENT,20.08,202601,26,1000,60,7,2003,202602~202702,Y,N,,,Y,Y
구의동,officetel,신도브래뉴오피스텔,ORIGINAL,251-34,자양로 138,RENT,36.86,202601,26,1000,78,4,2003,202601~202701,N,N,1000.0,75.0,N,N
구의동,officetel,신도브래뉴오피스텔,ORIGINAL,251-34,자양로 138,RENT,33.15,202601,26,1000,80,9,2003,202601~202701,Y,N,,,N,N
구의동,villa,한가림빌,ORIGINAL,248-39,아차산로51길 68-7,RENT,19.76,202601,26,1000,34,2,2013,202602~202702,Y,N,,,Y,Y
구의동,villa,자양로18길 97-10,ROAD_ADDR,221-39,자양로18길 97-10,RENT,18.95,202601,26,500,50,4,2003,202601~202801,Y,N,,,Y,Y
구의동,villa,형지드림하우스(220-6),ORIGINAL,220-6,구의로 20-3,RENT,39.54,202601,25,17000,22,4,2012,202603~202803,Y,N,,,N,N
구의동,officetel,크레신타워3차,ORIGINAL,246-14,아차산로 375,RENT,25.35,202601,24,1000,77,15,2006,202602~202702,Y,N,,,N,N
구의동,officetel,아델리아 구의타워,ORIGINAL,251-157,자양로 156,RENT,18.74,202601,24,1000,65,8,2010,202602~202702,Y,N,,,N,Y
구의동,villa,에스더하우스,ORIGINAL,21-24,영화사로16길 34-12,RENT,33.1,202601,24,19400,4,2,2015,202603~202803,Y,N,,,N,N
구의동,villa,구의로10길 14,ROAD_ADDR,224-52,구의로10길 14,RENT,29.15,202601,24,4000,85,4,2012,202602~202802,Y,N,,,N,N
구의동,villa,광나루로40길 48-10,ROAD_ADDR,239-8,광나루로40길 48-10,RENT,20.23,202601,24,3000,60,2,2014,202602~202802,Y,N,,,Y,Y
구의동,officetel,크레신타워3차,ORIGINAL,246-14,아차산로 375,RENT,26.91,202601,23,1000,75,14,2006,202602~202702,Y,N,,,N,N
구의동,officetel,와이엔 오피스텔,ORIGINAL,218-15,아차산로 444,RENT,25.16,202601,22,1000,65,4,2003,202602~202801,Y,N,,,N,Y
구의동,officetel,크레신타워3차,ORIGINAL,246-14,아차산로 375,RENT,25.35,202601,22,1000,75,7,2006,202603~202703,Y,N,,,N,N
구의동,officetel,리버 비스타 구의,ORIGINAL,243-13,아차산로 417,RENT,20.87,202601,22,19800,10,16,2019,202602~202802,N,Y,20000.0,0.0,N,N
구의동,villa,드림하우젠2,ORIGINAL,614-11,천호대로130길 59-11,RENT,14.85,202601,22,17400,4,4,2019,202602~202802,N,N,17500.0,0.0,N,N
구의동,villa,자양로23나길 24,ROAD_ADDR,649-4,자양로23나길 24,RENT,29.16,202601,22,9000,29,2,2002,202603~202803,N,N,9000.0,26.0,N,N
구의동,officetel,센트럴빌,ORIGINAL,253-19,광나루로 486,RENT,32.19,202601,21,1000,75,4,2003,202602~202802,Y,N,,,N,N
구의동,officetel,구의아크로리버,ORIGINAL,589-10,구의강변로 64,RENT,20.06,202601,21,1000,60,4,2004,202602~202802,Y,N,,,Y,Y
구의동,officetel,테라펠리스 건대 3차,ORIGINAL,246-1,아차산로55길 11,RENT,17.05,202601,21,1000,105,9,2021,202602~202702,Y,N,,,N,N
구의동,villa,구의로8길 6,ROAD_ADDR,224-17,구의로8길 6,RENT,24.79,202601,21,2000,75,5,2010,202602~202802,Y,N,,,N,N
구의동,villa,구의강변로7길 14,ROAD_ADDR,217-17,구의강변로7길 14,RENT,16.56,202601,21,12000,20,3,2015,202603~202803,Y,N,,,N,N
구의동,villa,화인하우스,ORIGINAL,76-15,천호대로130길 30,RENT,37.56,202601,21,4000,94,3,2015,202603~202803,Y,N,,,N,N
구의동,villa,키스톤하우스Ⅴ,ORIGINAL,60-7,자양로42길 48,RENT,39.21,202601,21,16000,34,2,2016,202602~202802,Y,N,,,N,N
구의동,officetel,진성파크뷰,ORIGINAL,633-4,광나루로30길 3,RENT,32.06,202601,20,5000,150,2,2022,202602~202702,Y,N,,,N,N
구의동,villa,아차산로55길 31,ROAD_ADDR,257-8,아차산로55길 31,RENT,37.93,202601,20,1000,71,5,2012,202602~202802,Y,N,,,N,N
구의동,villa,힐카운티7,ORIGINAL,596,뚝섬로66길 3,RENT,26.18,202601,20,25400,15,4,2017,202603~202803,Y,N,,,N,N
구의동,officetel,와이엔 오피스텔,ORIGINAL,218-15,아차산로 444,RENT,26.83,202601,19,1000,70,7,2003,202603~202802,Y,N,,,N,Y
구의동,officetel,와이엔 오피스텔,ORIGINAL,218-15,아차산로 444,RENT,25.33,202601,19,1000,70,4,2003,202602~202802,N,Y,1000.0,65.0,N,Y
구의동,officetel,로젠스톤,ORIGINAL,251-31,자양로 144,RENT,17.83,202601,19,5700,76,2,2017,202602~202802,N,N,5000.0,74.0,N,N
구의동,officetel,강변에스케이뷰,ORIGINAL,667,아차산로 431,RENT,28.01,202601,19,1000,73,2,2017,202602~202802,Y,N,,,N,N
구의동,villa,케이비시티4,ORIGINAL,239-52,자양로28길 73-9,RENT,29.84,202601,19,24800,4,2,2019,202602~202802,Y,N,,,N,N
구의동,villa,샤인빌,ORIGINAL,236-49,자양로 178-14,RENT,21.56,202601,19,10000,60,4,2018,202602~202802,N,N,10000.0,57.0,N,N
구의동,villa,현대아트빌라(253-29),ORIGINAL,253-29,자양로29길 10,RENT,36.0,202601,18,1000,65,-1,1995,202601~202801,Y,N,,,N,Y
구의동,officetel,센트럴빌,ORIGINAL,253-19,광나루로 486,RENT,32.19,202601,17,1000,72,2,2003,202602~202802,Y,N,,,N,N
구의동,officetel,리버 비스타 구의,ORIGINAL,243-13,아차산로 417,RENT,20.87,202601,17,5000,66,8,2019,202603~202703,Y,N,,,N,Y
구의동,officetel,강변에스케이뷰,ORIGINAL,667,아차산로 431,RENT,28.01,202601,17,1000,90,2,2017,202603~202803,Y,N,,,N,N
구의동,officetel,리버 비스타 구의,ORIGINAL,243-13,아차산로 417,RENT,18.46,202601,17,19000,4,13,2019,202602~202802,N,Y,19000.0,0.0,N,N
구의동,officetel,크레신타워3차,ORIGINAL,246-14,아차산로 375,RENT,25.35,202601,17,1000,75,15,2006,202601~202701,Y,N,,,N,N
구의동,officetel,썬-타워빌딩,ORIGINAL,75-1,천호대로 670,RENT,25.64,202601,17,2000,52,7,2007,202602~202701,N,N,2000.0,50.0,Y,Y
구의동,officetel,그랜드파크 오피스텔,ORIGINAL,76-1,천호대로 666,RENT,33.67,202601,17,3000,120,7,2017,202601~202801,Y,N,,,N,N
구의동,villa,아차산로49길 36,ROAD_ADDR,252-125,아차산로49길 36,RENT,27.1,202601,17,1000,68,4,2015,202603~202803,Y,N,,,N,Y
구의동,villa,원당주택,ORIGINAL,224-57,광나루로44길 58,RENT,25.76,202601,17,1000,65,2,2003,202601~202801,Y,N,,,N,Y
구의동,villa,연세빌,ORIGINAL,222-2,구의로 35-1,RENT,29.92,202601,17,28000,20,3,2021,202602~202802,Y,N,,,N,N
구의동,villa,에덴빌24차,ORIGINAL,239-118,광나루로40길 54-4,RENT,23.84,202601,17,19530,10,2,2020,202602~202802,Y,N,,,N,N
구의동,villa,에덴빌26차,ORIGINAL,239-5,광나루로40길 48-8,RENT,19.82,202601,17,19200,8,3,2020,202603~202803,Y,N,,,N,N
구의동,villa,태운빌라,ORIGINAL,590-14,구의강변로3길 27,RENT,17.16,202601,17,500,50,2,2003,202601~202801,Y,N,,,Y,Y
구의동,officetel,구의동 벨라로사 오피스텔,ORIGINAL,243-71,아차산로 405,RENT,20.94,202601,16,21000,2,14,2019,202602~202802,Y,N,,,N,N
구의동,villa,욱현빌라(26-3),ORIGINAL,26-3,자양로50가길 37,RENT,37.1,202601,16,13000,20,4,1996,202603~202803,Y,N,,,N,N
구의동,villa,힐하우스(239-60),ORIGINAL,239-60,자양로28길 65,RENT,34.72,202601,16,29000,10,5,2015,202602~202802,Y,N,,,N,N
구의동,villa,자양로37가길 19,ROAD_ADDR,80-16,자양로37가길 19,RENT,32.06,202601,16,3000,66,2,2014,202603~202803,Y,N,,,N,Y
구의동,villa,구의로8길 6,ROAD_ADDR,224-17,구의로8길 6,RENT,17.86,202601,16,1000,50,2,2010,202602~202802,Y,N,,,Y,Y
구의동,villa,자양로32길 91-7,ROAD_ADDR,229-39,자양로32길 91-7,RENT,23.03,202601,16,7000,50,3,2013,202602~202802,Y,N,,,Y,N
구의동,officetel,신도브래뉴오피스텔,ORIGINAL,251-34,자양로 138,RENT,33.15,202601,15,2000,63,5,2003,202603~202803,Y,N,,,N,Y
구의동,officetel,와이엔 오피스텔,ORIGINAL,218-15,아차산로 444,RENT,25.16,202601,15,1000,60,2,2003,202602~202802,Y,N,,,Y,Y
구의동,officetel,자양로 146,ROAD_ADDR,251-25,자양로 146,RENT,29.98,202601,15,5000,52,6,2017,202601~202801,Y,N,,,Y,Y
구의동,villa,아이원,ORIGINAL,242-37,자양로22길 68,RENT,24.43,202601,15,1000,65,3,2012,202602~202802,Y,N,,,N,Y
구의동,villa,노블,ORIGINAL,227-6,구의로 66,RENT,13.32,202601,15,2000,30,5,2014,202603~202803,Y,N,,,Y,Y
구의동,villa,성민빌,ORIGINAL,231-59,구의로11길 24,RENT,34.25,202601,15,2000,80,4,2016,202601~202605,Y,N,,,N,N
구의동,villa,크로마하우스15,ORIGINAL,241-52,자양로22길 79,RENT,20.53,202601,14,19000,12,2,2021,202602~202802,Y,N,,,N,N
구의동,officetel,와이엔 오피스텔,ORIGINAL,218-15,아차산로 444,RENT,26.82,202601,13,4000,44,4,2003,202602~202801,N,N,4000.0,35.0,Y,Y
구의동,officetel,센트럴빌,ORIGINAL,253-19,광나루로 486,RENT,32.19,202601,13,1000,72,3,2003,202602~202802,Y,N,,,N,N
구의동,officetel,라퓨타 빌딩,ORIGINAL,246-68,자양로18길 34-5,RENT,12.4,202601,13,5000,53,6,2019,202603~202803,N,N,5000.0,50.0,Y,Y
구의동,villa,파크플레이스(71-4),ORIGINAL,71-4,천호대로134길 12,RENT,24.0,202601,13,5000,52,2,2012,202602~202802,Y,N,,,Y,Y
구의동,villa,테라펠리스건대3차,ORIGINAL,246-1,아차산로55길 11,RENT,12.47,202601,13,1000,100,3,2021,202602~202702,Y,N,,,N,N
구의동,officetel,센트럴빌,ORIGINAL,253-19,광나루로 486,RENT,32.19,202601,12,1000,70,3,2003,202603~202803,N,N,1000.0,65.0,N,Y
구의동,officetel,구의동 벨라로사 오피스텔,ORIGINAL,243-71,아차산로 405,RENT,20.94,202601,12,21300,12,13,2019,202602~202802,Y,N,,,N,N
구의동,villa,리치팰리스,ORIGINAL,35-22,자양로44길 141-12,RENT,29.36,202601,12,26000,33,2,2022,202602~202802,Y,N,,,N,N
구의동,villa,그린빌라,ORIGINAL,239-112,광나루로38길 59,RENT,19.8,202601,12,2500,31,1,1995,202602~202802,Y,N,,,Y,Y
구의동,villa,노블,ORIGINAL,227-6,구의로 66,RENT,15.54,202601,12,5000,22,2,2014,202602~202802,Y,N,,,Y,Y
구의동,villa,광명하우스,ORIGINAL,70-16,천호대로134길 52,RENT,29.22,202601,12,17000,30,3,2019,202601~202801,Y,N,,,N,N
구의동,villa,광명하우스,ORIGINAL,70-16,천호대로134길 52,RENT,29.22,202601,12,17000,30,3,2019,202602~202802,Y,N,,,N,N
구의동,villa,늘푸르른날,ORIGINAL,201-18,구의로16길 81,RENT,20.79,202601,12,12000,23,2,2009,202601~202801,N,N,12000.0,20.0,N,N
구의동,officetel,아차산로 480,ROAD_ADDR,199-8,아차산로 480,RENT,27.03,202601,11,2000,95,9,2017,202601~202801,Y,N,,,N,N
구의동,officetel,광나루로54길 20,ROAD_ADDR,199-14,광나루로54길 20,RENT,32.25,202601,10,13000,13,3,2001,202602~202802,Y,N,,,N,N
구의동,officetel,크레신타워3차,ORIGINAL,246-14,아차산로 375,RENT,25.35,202601,10,1000,77,13,2006,202602~202702,Y,N,,,N,N
구의동,officetel,신도브래뉴오피스텔,ORIGINAL,251-34,자양로 138,RENT,31.2,202601,10,5000,50,8,2003,202602~202702,Y,N,,,Y,Y
구의동,officetel,아델리아 구의타워,ORIGINAL,251-157,자양로 156,RENT,18.74,202601,10,1000,65,3,2010,202602~202702,Y,N,,,N,Y
구의동,villa,크로마하우스16,ORIGINAL,642-6,광나루로30나길 12-4,RENT,28.03,202601,10,2000,84,3,2022,202603~202803,Y,N,,,N,N
구의동,villa,성은빌,ORIGINAL,31-20,자양로52길 4-5,RENT,27.12,202601,10,10000,26,4,2011,202602~202802,N,Y,10000.0,23.0,N,N
구의동,villa,미광주택,ORIGINAL,249-19,자양로26길 33,RENT,31.86,202601,10,12000,8,2,2002,202602~202802,Y,N,,,N,N
구의동,villa,두진빌,ORIGINAL,248-8,자양로22길 45,RENT,19.2,202601,10,10000,160,5,2019,202602~202802,Y,N,,,N,N
구의동,villa,제이드빌,ORIGINAL,236-9,자양로 178-18,RENT,26.4,202601,10,12000,63,7,2017,202601~202801,N,N,3000.0,98.0,N,N
구의동,villa,한울터,ORIGINAL,48-23,자양로50길 6-2,RENT,20.94,202601,10,10000,13,3,2012,202602~202802,Y,N,,,N,N
구의동,villa,우영하우스,ORIGINAL,239-87,자양로30길 58-13,RENT,17.77,202601,10,15000,40,5,2020,202602~202802,Y,N,,,N,N
구의동,villa,뉴그린빌리지,ORIGINAL,591-15,아차산로58가길 18,RENT,25.85,202601,10,21500,25,2,2017,202602~202802,Y,N,,,N,N
구의동,officetel,웰츠타워,ORIGINAL,252-16,자양로 116,RENT,24.82,202601,09,1000,88,13,2015,202602~202702,Y,N,,,N,N
구의동,officetel,웰츠타워,ORIGINAL,252-16,자양로 116,RENT,20.97,202601,09,1000,80,15,2015,202602~202702,Y,N,,,N,N
구의동,officetel,다성리버텔,ORIGINAL,218-12,아차산로 452,RENT,33.97,202601,09,1000,85,7,2002,202601~202701,Y,N,,,N,N
구의동,officetel,강변에스케이뷰,ORIGINAL,667,아차산로 431,RENT,28.01,202601,09,20000,4,3,2017,202602~202802,Y,N,,,N,N
구의동,villa,DS(252-45),ORIGINAL,252-45,아차산로49길 55,RENT,25.86,202601,09,5000,31,2,2011,202602~202802,N,N,5000.0,28.0,Y,Y
구의동,villa,아스하임(232-75),ORIGINAL,232-75,자양로32길 42,RENT,14.35,202601,09,5000,53,4,2021,202602~202802,Y,N,,,Y,Y
구의동,villa,아차산로59길 23,ROAD_ADDR,220-51,아차산로59길 23,RENT,14.46,202601,09,1000,53,4,2011,202601~202801,Y,N,,,Y,Y
구의동,villa,아차산로55길 78,ROAD_ADDR,241-36,아차산로55길 78,RENT,32.67,202601,09,10000,50,2,2015,202602~202802,Y,N,,,N,N
구의동,officetel,구의동 벨라로사 오피스텔,ORIGINAL,243-71,아차산로 405,RENT,20.94,202601,08,20500,2,11,2019,202601~202801,N,Y,20500.0,0.0,N,N
구의동,villa,모던빌212,ORIGINAL,212-31,광나루로52길 41-6,RENT,25.08,202601,08,1000,79,2,2020,202601~202801,Y,N,,,N,N
구의동,villa,아차산로59길 23,ROAD_ADDR,220-51,아차산로59길 23,RENT,14.46,202601,08,1000,56,5,2011,202601~202801,N,N,1000.0,53.0,Y,Y
구의동,villa,크로마하우스11,ORIGINAL,634-11,자양로23길 83-5,RENT,21.23,202601,08,2400,75,4,2020,202601~202801,Y,N,,,N,N
구의동,villa,아차산로53길 37,ROAD_ADDR,257-56,아차산로53길 37,RENT,27.25,202601,08,11800,35,5,2002,202602~202802,Y,N,,,N,N
구의동,villa,정수아트빌(63-16),ORIGINAL,63-16,자양로40길 32,RENT,29.96,202601,08,27900,20,3,2021,202602~202802,Y,N,,,N,N
구의동,villa,힐알펜시아,ORIGINAL,207-9,광나루로46길 47,RENT,14.67,202601,08,2000,77,4,2020,202602~202802,Y,N,,,N,N
구의동,officetel,그랜드파크 오피스텔,ORIGINAL,76-1,천호대로 666,RENT,19.4,202601,07,1000,78,7,2017,202602~202802,Y,N,,,N,N
구의동,officetel,구의동 벨라로사 오피스텔,ORIGINAL,243-71,아차산로 405,RENT,20.94,202601,07,21300,6,10,2019,202602~202802,Y,N,,,N,N
구의동,officetel,리버 비스타 구의,ORIGINAL,243-13,아차산로 417,RENT,19.79,202601,07,1000,90,15,2019,202602~202802,Y,N,,,N,N
구의동,officetel,리버 비스타 구의,ORIGINAL,243-13,아차산로 417,RENT,19.79,202601,07,1000,90,9,2019,202602~202802,Y,N,,,N,N
구의동,officetel,자양로 260,ROAD_ADDR,71-5,자양로 260,RENT,36.59,202601,07,2000,120,10,2025,202601~202801,Y,N,,,N,N
구의동,officetel,자양로 260,ROAD_ADDR,71-5,자양로 260,RENT,24.21,202601,07,1000,85,6,2025,202601~202801,Y,N,,,N,N
구의동,villa,MK주택,ORIGINAL,223-73,구의로4길 7-12,RENT,39.4,202601,07,8000,51,4,2004,202602~202802,Y,N,,,Y,N
구의동,officetel,자양로 260,ROAD_ADDR,71-5,자양로 260,RENT,24.21,202601,06,1000,85,5,2025,202601~202801,Y,N,,,N,N
구의동,officetel,자양로 146,ROAD_ADDR,251-25,자양로 146,RENT,24.08,202601,06,1000,80,2,2017,202601~202801,Y,N,,,N,N
구의동,villa,아스하임,ORIGINAL,243-56,자양로18길 84,RENT,15.44,202601,06,500,77,6,2014,202601~202701,Y,N,,,N,N
구의동,villa,롯데홈타워빌,ORIGINAL,251-16,자양로 154-11,RENT,28.66,202601,06,26000,15,7,2018,202602~202802,Y,N,,,N,N
구의동,villa,THEVINEGuii,ORIGINAL,618-1,자양로37길 21,RENT,27.05,202601,06,5000,121,4,2022,202602~202802,Y,N,,,N,N
구의동,officetel,구의동 벨라로사 오피스텔,ORIGINAL,243-71,아차산로 405,RENT,20.94,202601,05,3000,64,5,2019,202601~202801,N,Y,3000.0,62.0,N,Y
구의동,officetel,센트럴빌,ORIGINAL,253-19,광나루로 486,RENT,32.19,202601,05,1000,75,3,2003,202602~202802,Y,N,,,N,N
구의동,officetel,웰츠타워,ORIGINAL,252-16,자양로 116,RENT,25.16,202601,05,1000,89,19,2015,202602~202702,Y,N,,,N,N
구의동,villa,제이드빌,ORIGINAL,236-9,자양로 178-18,RENT,27.8,202601,05,5000,90,7,2017,202603~202803,Y,N,,,N,N
구의동,villa,화인하우스,ORIGINAL,76-15,천호대로130길 30,RENT,37.56,202601,05,4000,89,1,2015,202602~202802,Y,N,,,N,N
구의동,villa,우영하우스,ORIGINAL,239-87,자양로30길 58-13,RENT,28.21,202601,05,21000,35,3,2020,202602~202802,N,N,21000.0,25.0,N,N
구의동,villa,테라펠리스건대3차,ORIGINAL,246-1,아차산로55길 11,RENT,12.47,202601,05,1000,100,2,2021,202601~202701,Y,N,,,N,N
구의동,officetel,베스트 트레드빌,ORIGINAL,243-2,자양로18길 96,RENT,26.84,202601,03,1000,70,9,2004,202601~202801,Y,N,,,N,Y
구의동,officetel,진성파크뷰,ORIGINAL,633-4,광나루로30길 3,RENT,31.65,202601,03,3000,160,6,2022,202601~202701,Y,N,,,N,N
구의동,officetel,센트럴빌,ORIGINAL,253-19,광나루로 486,RENT,32.19,202601,03,1000,73,3,2003,202603~202802,N,Y,1000.0,67.0,N,N
구의동,officetel,아차산로 480,ROAD_ADDR,199-8,아차산로 480,RENT,19.97,202601,03,1000,60,8,2017,202601~202801,N,Y,1000.0,55.0,Y,Y
구의동,officetel,크레신타워3차,ORIGINAL,246-14,아차산로 375,RENT,25.35,202601,03,1000,75,10,2006,202602~202802,Y,N,,,N,N
구의동,villa,드림캐슬빌,ORIGINAL,236-26,자양로 172-6,RENT,37.85,202601,03,9000,76,4,2016,202602~202802,Y,N,,,N,N
구의동,villa,돌체,ORIGINAL,257-13,아차산로53길 24,RENT,18.0,202601,03,2500,47,5,2011,202602~202802,Y,N,,,Y,Y
구의동,villa,어반클래식,ORIGINAL,251-88,아차산로49길 75,RENT,37.71,202601,03,20000,8,3,2015,202601~202801,N,N,20000.0,5.0,N,N
구의동,villa,로젠스톤,ORIGINAL,251-31,자양로 144,RENT,26.13,202601,03,12000,70,8,2017,202602~202812,N,N,10000.0,70.0,N,N
구의동,villa,HBenest,ORIGINAL,223-60,구의로4길 7-4,RENT,24.96,202601,03,18000,13,3,2018,202603~202803,N,N,18000.0,5.0,N,N
구의동,villa,승지,ORIGINAL,29-20,자양로49길 16-7,RENT,29.31,202601,03,4000,78,4,2020,202602~202702,N,Y,4000.0,74.0,N,N
구의동,villa,자양로23나길 24,ROAD_ADDR,649-4,자양로23나길 24,RENT,25.92,202601,03,1000,60,1,2002,202601~202801,Y,N,,,Y,Y
구의동,villa,해바라기빌라,ORIGINAL,47-25,자양로46길 19,RENT,28.67,202601,03,11000,20,1,2002,202601~202801,Y,N,,,N,N
구의동,villa,승지,ORIGINAL,29-20,자양로49길 16-7,RENT,29.31,202601,03,4000,78,4,2020,202602~202702,N,Y,4000.0,74.0,N,N
구의동,villa,아차산로59길 66,ROAD_ADDR,209-14,아차산로59길 66,RENT,28.22,202601,03,1000,47,2,2002,202601~202801,Y,N,,,Y,Y
구의동,villa,성민빌,ORIGINAL,231-59,구의로11길 24,RENT,31.9,202601,03,3000,100,3,2016,202602~202802,Y,N,,,N,N
구의동,officetel,리버 비스타 구의,ORIGINAL,243-13,아차산로 417,RENT,19.79,202601,02,1000,90,5,2019,202601~202701,Y,N,,,N,N
구의동,villa,부광빌,ORIGINAL,225-56,구의로 41,RENT,29.8,202601,02,12000,41,3,2018,202602~202802,Y,N,,,N,N
구의동,villa,에덴빌23차,ORIGINAL,226-63,자양로30길 91,RENT,29.33,202601,02,5000,80,3,2020,202602~202802,Y,N,,,N,N
구의동,officetel,리버 비스타 구의,ORIGINAL,243-13,아차산로 417,RENT,18.46,202512,31,2000,85,5,2019,202601~202801,Y,N,,,N,N
구의동,officetel,아델리아 구의타워,ORIGINAL,251-157,자양로 156,RENT,18.74,202512,31,500,70,6,2010,202601~202701,N,N,500.0,68.0,N,Y
구의동,officetel,웰츠타워,ORIGINAL,252-16,자양로 116,RENT,24.82,202512,31,1000,88,13,2015,202601~202701,Y,N,,,N,N
구의동,villa,DS(252-45),ORIGINAL,252-45,아차산로49길 55,RENT,26.46,202512,31,8000,25,3,2011,202601~202712,N,Y,8000.0,23.0,Y,N
구의동,villa,크로마하우스,ORIGINAL,209-66,구의로6길 24-10,RENT,27.42,202512,31,19845,4,3,2019,202601~202801,N,N,19845.0,0.0,N,N
구의동,villa,샨티빌,ORIGINAL,249-7,자양로28길 32,RENT,21.5,202512,31,2000,44,4,2007,202602~202802,Y,N,,,Y,Y
구의동,officetel,크레신타워3차,ORIGINAL,246-14,아차산로 375,RENT,25.35,202512,30,1000,75,12,2006,202602~202702,N,N,1000.0,70.0,N,N
구의동,officetel,크레신타워3차,ORIGINAL,246-14,아차산로 375,RENT,26.91,202512,30,3000,65,8,2006,202602~202702,Y,N,,,N,Y
구의동,villa,PhilHeim,ORIGINAL,76-14,천호대로130길 22,RENT,19.99,202512,30,1000,65,3,2011,202601~202701,Y,N,,,N,Y
구의동,villa,구의로4길 68-12,ROAD_ADDR,211-37,구의로4길 68-12,RENT,39.88,202512,29,12000,48,2,2015,202601~202801,Y,N,,,N,N
구의동,villa,뉴그린빌리지,ORIGINAL,591-15,아차산로58가길 18,RENT,28.29,202512,28,2000,92,5,2017,202512~202612,Y,N,,,N,N
구의동,villa,천호대로132길 27-3,ROAD_ADDR,78-37,천호대로132길 27-3,RENT,29.75,202512,28,21000,10,4,2018,202602~202802,Y,N,,,N,N
구의동,villa,MY,ORIGINAL,653-10,자양로23나길 7,RENT,32.82,202512,27,15000,26,2,2013,202602~202802,Y,N,,,N,N
구의동,villa,자연S,ORIGINAL,257-40,아차산로53길 51-10,RENT,14.45,202512,27,2500,43,2,2013,202602~202802,Y,N,,,Y,Y
구의동,villa,힐카운티13,ORIGINAL,596-13,구의강변로 31-10,RENT,27.49,202512,27,3000,100,3,2017,202602~202802,Y,N,,,N,N
구의동,officetel,다성리버텔,ORIGINAL,218-12,아차산로 452,RENT,33.97,202512,26,1000,85,4,2002,202601~202801,Y,N,,,N,N
구의동,officetel,와이엔 오피스텔,ORIGINAL,218-15,아차산로 444,RENT,26.83,202512,26,1000,65,3,2003,202601~202701,Y,N,,,N,Y
구의동,officetel,센트럴빌,ORIGINAL,253-19,광나루로 486,RENT,32.19,202512,26,13500,20,7,2003,202602~202802,Y,N,,,N,N
구의동,villa,두진빌,ORIGINAL,248-8,자양로22길 45,RENT,27.14,202512,26,11550,32,3,2019,202601~202801,N,Y,11000.0,32.0,N,N
구의동,villa,크로마하우스VI,ORIGINAL,227-21,구의로14길 5,RENT,21.32,202512,26,2000,75,2,2020,202601~202801,Y,N,,,N,N
구의동,villa,힐카운티13,ORIGINAL,596-13,구의강변로 31-10,RENT,28.74,202512,26,12000,50,6,2017,202512~202712,Y,N,,,N,N
구의동,officetel,강변에스케이뷰,ORIGINAL,667,아차산로 431,RENT,28.01,202512,25,1500,82,2,2017,202601~202701,N,N,1000.0,82.0,N,N
구의동,officetel,리버 비스타 구의,ORIGINAL,243-13,아차산로 417,RENT,21.0,202512,24,3000,78,8,2019,202602~202802,N,N,3000.0,75.0,N,N
구의동,officetel,리버 비스타 구의,ORIGINAL,243-13,아차산로 417,RENT,22.06,202512,24,19000,3,17,2019,202602~202702,Y,N,,,N,N
구의동,officetel,로젠스톤,ORIGINAL,251-31,자양로 144,RENT,21.62,202512,24,14000,28,3,2017,202602~202802,Y,N,,,N,N
구의동,officetel,리버 비스타 구의,ORIGINAL,243-13,아차산로 417,RENT,18.46,202512,24,19800,9,16,2019,202601~202801,Y,N,,,N,N
구의동,villa,엘리시아,ORIGINAL,200-12,광나루로52길 19,RENT,29.77,202512,24,20000,25,4,2016,202602~202802,Y,N,,,N,N
구의동,villa,테라펠리스건대3차,ORIGINAL,246-1,아차산로55길 11,RENT,12.39,202512,24,1000,100,2,2021,202601~202801,Y,N,,,N,N
구의동,officetel,리버 비스타 구의,ORIGINAL,243-13,아차산로 417,RENT,19.79,202512,23,1000,87,4,2019,202512~202612,Y,N,,,N,N
구의동,officetel,구의동 벨라로사 오피스텔,ORIGINAL,243-71,아차산로 405,RENT,20.94,202512,23,19270,3,9,2019,202512~202712,N,Y,19490.0,0.0,N,N
구의동,officetel,구의동 벨라로사 오피스텔,ORIGINAL,243-71,아차산로 405,RENT,20.94,202512,23,21300,12,13,2019,202602~202802,Y,N,,,N,N
구의동,officetel,구의동 벨라로사 오피스텔,ORIGINAL,243-71,아차산로 405,RENT,20.94,202512,23,19270,3,7,2019,202601~202801,N,N,19500.0,0.0,N,N
구의동,officetel,아차산로 443,ROAD_ADDR,219-17,아차산로 443,RENT,31.05,202512,23,11000,35,4,2000,202602~202802,Y,N,,,N,N
구의동,officetel,센트럴빌,ORIGINAL,253-19,광나루로 486,RENT,32.19,202512,23,1000,70,2,2003,202602~202802,Y,N,,,N,Y
구의동,officetel,광나루로54길 20,ROAD_ADDR,199-14,광나루로54길 20,RENT,30.78,202512,23,10500,25,5,2001,202604~202803,N,N,9000.0,23.0,N,N
구의동,officetel,베스트 트레드빌,ORIGINAL,243-2,자양로18길 96,RENT,26.84,202512,23,1000,68,12,2004,202602~202802,N,Y,1000.0,65.0,N,Y
구의동,villa,노블,ORIGINAL,227-6,구의로 66,RENT,13.32,202512,23,7000,28,4,2014,202601~202801,Y,N,,,Y,N
구의동,villa,아차산로59길 23,ROAD_ADDR,220-51,아차산로59길 23,RENT,14.46,202512,22,1000,53,3,2011,202601~202701,Y,N,,,Y,Y
구의동,villa,한가람빌,ORIGINAL,591-18,뚝섬로67길 27,RENT,27.99,202512,22,23000,5,4,2016,202512~202703,N,N,23000.0,0.0,N,N
구의동,villa,아차산로53길 71-4,ROAD_ADDR,248-104,아차산로53길 71-4,RENT,13.69,202512,22,1000,45,5,2012,202602~202802,Y,N,,,Y,Y
구의동,officetel,아차산로 480,ROAD_ADDR,199-8,아차산로 480,RENT,27.66,202512,20,2000,85,9,2017,202602~202802,Y,N,,,N,N
구의동,officetel,아차산로 480,ROAD_ADDR,199-8,아차산로 480,RENT,27.03,202512,20,2000,85,7,2017,202602~202702,Y,N,,,N,N
구의동,officetel,그랜드파크 오피스텔,ORIGINAL,76-1,천호대로 666,RENT,21.56,202512,20,1000,78,8,2017,202512~202612,Y,N,,,N,N
구의동,officetel,신도브래뉴오피스텔,ORIGINAL,251-34,자양로 138,RENT,31.2,202512,20,500,75,5,2003,202601~202612,Y,N,,,N,N
구의동,villa,비바체,ORIGINAL,221-10,아차산로57길 14-5,RENT,12.64,202512,20,2000,38,3,2012,202602~202802,Y,N,,,Y,Y
구의동,villa,구의로4길 7-5,ROAD_ADDR,223-63,구의로4길 7-5,RENT,20.97,202512,20,1000,55,2,2012,202602~202802,Y,N,,,Y,Y
구의동,villa,源源s,ORIGINAL,251-165,자양로 154-16,RENT,19.35,202512,20,13000,2,4,2015,202601~202801,Y,N,,,N,N
구의동,villa,늘푸르른날,ORIGINAL,201-18,구의로16길 81,RENT,19.41,202512,20,12000,24,4,2009,202601~202801,N,N,12000.0,21.0,N,N
구의동,officetel,크레신타워3차,ORIGINAL,246-14,아차산로 375,RENT,26.91,202512,19,1000,75,9,2006,202601~202701,Y,N,,,N,N
구의동,villa,화인하우스,ORIGINAL,76-15,천호대로130길 30,RENT,36.85,202512,19,4000,94,4,2015,202601~202801,Y,N,,,N,N
구의동,villa,아차산로53길 38-18,ROAD_ADDR,257-29,아차산로53길 38-18,RENT,21.44,202512,19,22000,5,2,2021,202601~202801,Y,N,,,N,N
구의동,villa,플러스빌,ORIGINAL,655-3,자양로23길 21,RENT,19.28,202512,19,9000,48,3,2013,202603~202803,Y,N,,,N,N
구의동,villa,아차산로55길 62-16,ROAD_ADDR,241-10,아차산로55길 62-16,RENT,22.45,202512,19,20000,35,4,2021,202601~202801,N,N,20000.0,30.0,N,N
구의동,officetel,크레신타워3차,ORIGINAL,246-14,아차산로 375,RENT,26.91,202512,18,13950,3,10,2006,202601~202801,N,N,13950.0,0.0,N,N
구의동,villa,광나루로40길 48-10,ROAD_ADDR,239-8,광나루로40길 48-10,RENT,17.55,202512,18,1000,60,3,2014,202601~202801,Y,N,,,Y,Y
구의동,villa,대영트윈,ORIGINAL,218-13,아차산로62길 14-12,RENT,21.13,202512,18,1000,58,5,2015,202602~202802,N,N,1000.0,55.0,Y,Y
구의동,villa,DS(252-45),ORIGINAL,252-45,아차산로49길 55,RENT,25.86,202512,18,3586,43,3,2011,202601~202801,N,Y,3586.0,40.0,Y,Y
구의동,officetel,센트럴빌,ORIGINAL,253-19,광나루로 486,RENT,32.19,202512,17,1000,72,6,2003,202601~202701,Y,N,,,N,N
구의동,officetel,센트럴빌,ORIGINAL,253-19,광나루로 486,RENT,32.19,202512,17,1000,75,5,2003,202601~202701,Y,N,,,N,N
구의동,officetel,웰츠타워,ORIGINAL,252-16,자양로 116,RENT,24.82,202512,17,1000,89,12,2015,202512~202612,Y,N,,,N,N
구의동,villa,구의로10길 16,ROAD_ADDR,224-53,구의로10길 16,RENT,18.4,202512,17,4000,50,4,2012,202602~202802,Y,N,,,Y,Y
구의동,villa,대영트윈,ORIGINAL,218-13,아차산로62길 14-12,RENT,24.23,202512,17,6000,29,5,2015,202601~202712,N,N,6000.0,25.0,Y,Y
구의동,officetel,아델리아 구의타워,ORIGINAL,251-157,자양로 156,RENT,18.74,202512,16,1000,65,4,2010,202601~202701,N,N,1000.0,65.0,N,Y
구의동,villa,자양로 176,ROAD_ADDR,236-47,자양로 176,RENT,35.63,202512,16,4000,40,6,2015,202602~202801,N,N,3000.0,40.0,Y,Y
구의동,villa,에덴빌23차,ORIGINAL,226-63,자양로30길 91,RENT,16.13,202512,16,5000,70,4,2020,202601~202801,Y,N,,,N,Y
구의동,villa,자양로28길 70,ROAD_ADDR,240-34,자양로28길 70,RENT,16.18,202512,16,1000,47,2,2012,202601~202801,Y,N,,,Y,Y
구의동,officetel,로젠스톤,ORIGINAL,251-31,자양로 144,RENT,19.71,202512,15,13000,21,4,2017,202601~202801,Y,N,,,N,N
구의동,officetel,그랜드파크 오피스텔,ORIGINAL,76-1,천호대로 666,RENT,27.18,202512,15,1000,93,5,2017,202602~202702,Y,N,,,N,N
구의동,officetel,구의동 벨라로사 오피스텔,ORIGINAL,243-71,아차산로 405,RENT,20.94,202512,15,2000,74,6,2019,202512~202712,Y,N,,,N,N
구의동,officetel,그랜드파크 오피스텔,ORIGINAL,76-1,천호대로 666,RENT,25.75,202512,14,1000,95,8,2017,202601~202701,Y,N,,,N,N
구의동,officetel,신도브래뉴오피스텔,ORIGINAL,251-34,자양로 138,RENT,31.2,202512,13,1000,75,6,2003,202602~202802,Y,N,,,N,N
구의동,officetel,더집,ORIGINAL,251-169,자양로 154-30,RENT,29.43,202512,13,2000,80,3,2021,202601~202801,Y,N,,,N,N
구의동,villa,아스하임(232-75),ORIGINAL,232-75,자양로32길 42,RENT,19.93,202512,13,18000,33,2,2021,202601~202801,N,Y,23500.0,8.0,N,N
구의동,villa,한아름빌,ORIGINAL,242-35,자양로22길 70,RENT,32.33,202512,13,14000,30,2,2006,202512~202712,N,N,14000.0,30.0,N,N
구의동,villa,승지,ORIGINAL,29-20,자양로49길 16-7,RENT,38.17,202512,13,25000,10,3,2020,202602~202802,N,N,25000.0,8.0,N,N
구의동,officetel,구의동 벨라로사 오피스텔,ORIGINAL,243-71,아차산로 405,RENT,20.94,202512,12,20240,2,7,2019,202512~202712,N,Y,20240.0,0.0,N,N
구의동,officetel,그랜드파크 오피스텔,ORIGINAL,76-1,천호대로 666,RENT,21.56,202512,12,1000,75,6,2017,202601~202701,Y,N,,,N,N
구의동,villa,크로마하우스,ORIGINAL,209-66,구의로6길 24-10,RENT,25.45,202512,12,19900,5,3,2019,202602~202802,Y,N,,,N,N
구의동,villa,구의강변로7길 14,ROAD_ADDR,217-17,구의강변로7길 14,RENT,16.66,202512,12,12000,20,3,2015,202601~202801,Y,N,,,N,N
구의동,officetel,아델리아 구의타워,ORIGINAL,251-157,자양로 156,RENT,36.41,202512,11,1000,75,7,2010,202512~202612,Y,N,,,N,N
구의동,villa,자양로22길 21-6,ROAD_ADDR,251-63,자양로22길 21-6,RENT,36.99,202512,11,20000,16,2,2014,202602~202802,Y,N,,,N,N
구의동,villa,노블,ORIGINAL,227-6,구의로 66,RENT,13.32,202512,11,7000,28,2,2014,202602~202802,N,Y,7000.0,26.0,Y,N
구의동,villa,자양로26길 97-24,ROAD_ADDR,222-10,자양로26길 97-24,RENT,28.54,202512,11,17000,7,3,2014,202602~202802,Y,N,,,N,N
구의동,villa,MY,ORIGINAL,653-10,자양로23나길 7,RENT,14.41,202512,11,9500,28,4,2013,202601~202801,Y,N,,,N,N
구의동,villa,정안빌,ORIGINAL,240-8,광나루로38길 79,RENT,26.4,202512,11,2000,100,4,2019,202602~202802,N,Y,2000.0,95.0,N,N
구의동,villa,광나루로40길 48-10,ROAD_ADDR,239-8,광나루로40길 48-10,RENT,12.03,202512,11,1000,55,4,2014,202601~202801,Y,N,,,Y,Y
구의동,villa,구의에스하임1,ORIGINAL,638-5,광나루로30나길 15,RENT,29.0,202512,10,200,42,2,2015,202512~202802,Y,N,,,Y,Y
구의동,villa,강변파크빌,ORIGINAL,596-3,뚝섬로 736,RENT,39.78,202512,10,2000,80,2,2008,202601~202801,Y,N,,,N,N
구의동,villa,알토하우스,ORIGINAL,643-2,광나루로30나길 12-3,RENT,34.01,202512,10,100,32,4,2024,202512~202802,Y,N,,,Y,Y
구의동,villa,천호대로132길 49,ROAD_ADDR,79-2,천호대로132길 49,RENT,39.02,202512,10,2000,90,2,1993,202512~202712,Y,N,,,N,N
구의동,villa,구의에스하임1,ORIGINAL,638-5,광나루로30나길 15,RENT,29.52,202512,10,1407,18,3,2015,202512~202802,Y,N,,,Y,Y
구의동,villa,상그릴라빌,ORIGINAL,212-11,광나루로52길 37,RENT,29.19,202512,09,1000,60,5,2018,202512~202712,Y,N,,,Y,Y
구의동,villa,알토하우스,ORIGINAL,643-2,광나루로30나길 12-3,RENT,28.9,202512,09,100,28,3,2024,202512~202802,Y,N,,,Y,Y
구의동,villa,알토하우스,ORIGINAL,643-2,광나루로30나길 12-3,RENT,28.9,202512,09,100,28,2,2024,202512~202802,Y,N,,,Y,Y
구의동,villa,희망,ORIGINAL,57-17,천호대로135길 16,RENT,27.67,202512,09,200,54,1,2023,202512~202802,Y,N,,,Y,Y
구의동,villa,노블,ORIGINAL,227-6,구의로 66,RENT,13.32,202512,09,9500,3,5,2014,202602~202802,Y,N,,,N,N
구의동,villa,더엘,ORIGINAL,638-3,광나루로30가길 16-6,RENT,26.27,202512,09,4008,41,3,2023,202512~202802,Y,N,,,Y,Y
구의동,villa,노블,ORIGINAL,227-6,구의로 66,RENT,13.32,202512,09,9500,3,5,2014,202602~202802,Y,N,,,N,N
구의동,villa,팔라티노(235-34),ORIGINAL,235-34,자양로30길 5-5,RENT,28.64,202512,09,22400,6,3,2019,202601~202801,Y,N,,,N,N
구의동,villa,희망,ORIGINAL,57-17,천호대로135길 16,RENT,27.67,202512,09,3619,35,1,2023,202512~202802,Y,N,,,Y,Y
구의동,officetel,센트럴빌,ORIGINAL,253-19,광나루로 486,RENT,32.19,202512,08,1000,75,7,2003,202512~202712,Y,N,,,N,N
구의동,villa,알토하우스,ORIGINAL,643-2,광나루로30나길 12-3,RENT,33.03,202512,08,3608,12,5,2024,202512~202802,Y,N,,,Y,Y
구의동,villa,알토하우스,ORIGINAL,643-2,광나루로30나길 12-3,RENT,29.98,202512,08,1338,26,3,2024,202512~202802,Y,N,,,Y,Y
구의동,villa,알토하우스,ORIGINAL,643-2,광나루로30나길 12-3,RENT,28.9,202512,08,904,26,4,2024,202512~202802,Y,N,,,Y,Y
구의동,villa,알토하우스,ORIGINAL,643-2,광나루로30나길 12-3,RENT,29.98,202512,08,929,27,2,2024,202512~202802,Y,N,,,Y,Y
구의동,villa,아차산로59길 23,ROAD_ADDR,220-51,아차산로59길 23,RENT,15.49,202512,08,1000,56,3,2011,202601~202701,Y,N,,,Y,Y
구의동,villa,구의강변로7길 14,ROAD_ADDR,217-17,구의강변로7길 14,RENT,16.56,202512,08,12000,20,3,2015,202602~202802,Y,N,,,N,N
구의동,villa,제이드빌,ORIGINAL,236-9,자양로 178-18,RENT,26.4,202512,08,12000,63,7,2017,202601~202801,N,N,3000.0,90.0,N,N
구의동,villa,자양로26길 92-13,ROAD_ADDR,221-75,자양로26길 92-13,RENT,28.58,202512,08,8500,41,2,2017,202512~202712,N,N,8500.0,38.0,N,N
구의동,villa,알토하우스,ORIGINAL,643-2,광나루로30나길 12-3,RENT,39.12,202512,08,100,38,5,2024,202512~202802,Y,N,,,Y,Y
구의동,villa,알토하우스,ORIGINAL,643-2,광나루로30나길 12-3,RENT,34.01,202512,08,100,32,2,2024,202512~202802,Y,N,,,Y,Y
구의동,villa,알토하우스,ORIGINAL,643-2,광나루로30나길 12-3,RENT,29.98,202512,08,2324,24,2,2024,202512~202802,Y,N,,,Y,Y
구의동,villa,알토하우스,ORIGINAL,643-2,광나루로30나길 12-3,RENT,29.98,202512,08,2346,24,3,2024,202512~202802,Y,N,,,Y,Y
구의동,villa,알토하우스,ORIGINAL,643-2,광나루로30나길 12-3,RENT,34.01,202512,08,100,32,3,2024,202512~202802,Y,N,,,Y,Y
구의동,villa,알토하우스,ORIGINAL,643-2,광나루로30나길 12-3,RENT,28.9,202512,08,2262,23,4,2024,202512~202802,Y,N,,,Y,Y
구의동,villa,알토하우스,ORIGINAL,643-2,광나루로30나길 12-3,RENT,35.69,202512,08,2738,28,3,2024,202512~202802,Y,N,,,Y,Y
구의동,villa,알토하우스,ORIGINAL,643-2,광나루로30나길 12-3,RENT,33.03,202512,08,100,31,5,2024,202512~202802,Y,N,,,Y,Y
구의동,villa,광나루로37길 10-9,ROAD_ADDR,66-78,광나루로37길 10-9,RENT,16.4,202512,08,3000,50,5,2016,202601~202801,Y,N,,,Y,Y
구의동,villa,알토하우스,ORIGINAL,643-2,광나루로30나길 12-3,RENT,35.69,202512,08,6782,6,3,2024,202512~202802,Y,N,,,Y,N
구의동,officetel,광나루로54길 20,ROAD_ADDR,199-14,광나루로54길 20,RENT,34.5,202512,07,11000,23,7,2001,202602~202802,N,Y,11000.0,20.0,N,N
구의동,villa,스카이빌(211-34),ORIGINAL,211-34,구의로4길 68,RENT,34.7,202512,06,2000,96,4,2004,202601~202801,Y,N,,,N,N
구의동,villa,스카이빌(211-34),ORIGINAL,211-34,구의로4길 68,RENT,34.7,202512,06,2000,96,4,2004,202601~202801,Y,N,,,N,N
구의동,officetel,구의동 벨라로사 오피스텔,ORIGINAL,243-71,아차산로 405,RENT,20.94,202512,05,19200,2,10,2019,202512~202712,N,N,19200.0,0.0,N,N
구의동,officetel,센트럴빌,ORIGINAL,253-19,광나루로 486,RENT,32.19,202512,05,1000,70,5,2003,202601~202801,Y,N,,,N,Y
구의동,officetel,아델리아 구의타워,ORIGINAL,251-157,자양로 156,RENT,18.74,202512,04,1000,65,2,2010,202512~202612,Y,N,,,N,Y
구의동,officetel,구의동 벨라로사 오피스텔,ORIGINAL,243-71,아차산로 405,RENT,20.94,202512,04,18200,6,5,2019,202601~202801,Y,N,,,N,N
구의동,villa,자양로22길 60,ROAD_ADDR,242-103,자양로22길 60,RENT,32.96,202512,04,1000,70,4,2002,202512~202712,Y,N,,,N,Y
구의동,officetel,신도브래뉴오피스텔,ORIGINAL,251-34,자양로 138,RENT,33.15,202512,03,1000,75,4,2003,202601~202701,Y,N,,,N,N
구의동,villa,은선빌,ORIGINAL,77-30,자양로41길 25-19,RENT,14.39,202512,03,12000,35,3,2019,202601~202801,Y,N,,,N,N
구의동,villa,해송빌,ORIGINAL,211-29,구의로4길 74,RENT,22.7,202512,03,11000,12,2,2009,202601~202801,N,N,12000.0,6.0,N,N
구의동,villa,구의로 47-6,ROAD_ADDR,225-43,구의로 47-6,RENT,26.89,202512,03,19600,28,3,2017,202601~202801,Y,N,,,N,N
구의동,officetel,구의동 벨라로사 오피스텔,ORIGINAL,243-71,아차산로 405,RENT,20.94,202512,02,3700,59,5,2019,202601~202801,N,Y,3700.0,57.0,Y,Y
구의동,villa,금화빌라,ORIGINAL,35-48,자양로44길 141-14,RENT,38.18,202512,02,15000,10,1,1997,202601~202801,Y,N,,,N,N
구의동,villa,아차산로59길 23,ROAD_ADDR,220-51,아차산로59길 23,RENT,14.8,202512,02,1000,55,4,2011,202512~202612,Y,N,,,Y,Y
구의동,officetel,리버 비스타 구의,ORIGINAL,243-13,아차산로 417,RENT,18.46,202512,01,10000,55,10,2019,202601~202801,Y,N,,,N,N
구의동,villa,플러스빌,ORIGINAL,655-3,자양로23길 21,RENT,14.91,202512,01,2000,56,4,2013,202602~202802,Y,N,,,Y,Y
구의동,villa,더하이스트.ck,ORIGINAL,67-3,광나루로37길 13,RENT,27.66,202511,30,3000,90,5,2018,202512~202712,N,N,3000.0,90.0,N,N
구의동,officetel,와이엔 오피스텔,ORIGINAL,218-15,아차산로 444,RENT,26.83,202511,29,4000,35,5,2003,202512~202712,Y,N,,,Y,Y
구의동,officetel,와이엔 오피스텔,ORIGINAL,218-15,아차산로 444,RENT,26.83,202511,29,4000,38,5,2003,202512~202712,Y,N,,,Y,Y
구의동,villa,리고스빌,ORIGINAL,251-168,자양로 154-24,RENT,29.99,202511,29,25000,50,4,2020,202602~202802,Y,N,,,N,N
구의동,villa,명진빌(239-6),ORIGINAL,239-6,자양로30길 72,RENT,22.72,202511,29,1000,70,2,2013,202512~202712,Y,N,,,N,Y
구의동,villa,자양로22길 76,ROAD_ADDR,242-5,자양로22길 76,RENT,18.93,202511,29,16380,23,2,2019,202601~202801,Y,N,,,N,N
구의동,villa,드림팰리스5차,ORIGINAL,633-5,광나루로30길 9,RENT,29.92,202511,29,17000,60,5,2016,202602~202802,Y,N,,,N,N
구의동,officetel,강변에스케이뷰,ORIGINAL,667,아차산로 431,RENT,28.01,202511,27,1000,95,3,2017,202602~202702,Y,N,,,N,N
구의동,villa,한울타운,ORIGINAL,239-48,자양로28길 73-10,RENT,28.39,202511,27,21000,25,4,2016,202601~202801,Y,N,,,N,N
구의동,villa,광나루로39길 7,ROAD_ADDR,66-34,광나루로39길 7,RENT,33.58,202511,26,22900,28,3,2020,202512~202712,N,Y,22900.0,25.0,N,N
구의동,villa,영화사로16길 34-14,ROAD_ADDR,21-28,영화사로16길 34-14,RENT,15.31,202511,26,5100,15,3,2015,202512~202612,N,N,5000.0,23.0,Y,Y
구의동,villa,광나루로39길 7,ROAD_ADDR,66-34,광나루로39길 7,RENT,33.58,202511,26,22900,28,3,2020,202512~202712,N,Y,22900.0,25.0,N,N
구의동,officetel,썬-타워빌딩,ORIGINAL,75-1,천호대로 670,RENT,25.69,202511,25,1100,60,5,2007,202512~202612,Y,N,,,Y,Y
구의동,officetel,아차산로 480,ROAD_ADDR,199-8,아차산로 480,RENT,28.9,202511,25,3000,78,4,2017,202602~202802,Y,N,,,N,N
구의동,officetel,구의동 벨라로사 오피스텔,ORIGINAL,243-71,아차산로 405,RENT,22.33,202511,25,18700,1,4,2019,202512~202712,Y,N,,,N,N
구의동,villa,삼성베스트빌28차,ORIGINAL,249-37,자양로26길 41,RENT,21.02,202511,25,5000,60,4,2015,202601~202801,Y,N,,,Y,Y
구의동,villa,자양로28길 70,ROAD_ADDR,240-34,자양로28길 70,RENT,15.2,202511,25,1000,56,2,2012,202512~202712,Y,N,,,Y,Y
구의동,officetel,자양로 260,ROAD_ADDR,71-5,자양로 260,RENT,26.38,202511,24,1000,100,6,2025,202601~202801,Y,N,,,N,N
구의동,officetel,구의동 벨라로사 오피스텔,ORIGINAL,243-71,아차산로 405,RENT,20.94,202511,24,19270,6,10,2019,202601~202801,Y,N,,,N,N
구의동,villa,XOresidences,ORIGINAL,80-53,자양로37가길 18,RENT,35.13,202511,24,2000,100,2,2019,202602~202802,Y,N,,,N,N
구의동,villa,MY,ORIGINAL,653-10,자양로23나길 7,RENT,22.88,202511,24,14000,13,2,2013,202601~202801,Y,N,,,N,N
구의동,officetel,강변에스케이뷰,ORIGINAL,667,아차산로 431,RENT,28.76,202511,22,1000,85,2,2017,202512~202612,Y,N,,,N,N
구의동,villa,해성빌라(51-3),ORIGINAL,51-3,자양로49길 15-8,RENT,31.66,202511,22,13000,40,4,1994,202512~202712,N,N,13000.0,35.0,N,N
구의동,villa,자양로22길 76,ROAD_ADDR,242-5,자양로22길 76,RENT,19.8,202511,22,2000,90,6,2019,202512~202712,Y,N,,,N,N
구의동,villa,크로마하우스11,ORIGINAL,634-11,자양로23길 83-5,RENT,17.71,202511,22,2000,77,4,2020,202512~202712,N,N,2000.0,73.0,N,N
구의동,villa,현대아트빌라(58-7),ORIGINAL,58-7,천호대로137길 22,RENT,38.55,202511,22,5250,74,4,1995,202511~202711,N,Y,5000.0,70.0,N,N
구의동,villa,동진하우스,ORIGINAL,221-66,자양로26길 92-16,RENT,27.09,202511,22,3000,120,4,2018,202601~202801,Y,N,,,N,N
구의동,villa,동진하우스,ORIGINAL,221-66,자양로26길 92-16,RENT,27.09,202511,22,3000,120,4,2018,202601~202701,Y,N,,,N,N
구의동,villa,노블,ORIGINAL,227-6,구의로 66,RENT,13.69,202511,22,9010,2,3,2014,202602~202702,N,N,9010.0,0.0,N,N
구의동,villa,로젠스톤,ORIGINAL,251-31,자양로 144,RENT,21.75,202511,22,15000,46,11,2017,202601~202801,Y,N,,,N,N
구의동,officetel,웰츠타워,ORIGINAL,252-16,자양로 116,RENT,24.82,202511,21,1000,85,6,2015,202512~202612,Y,N,,,N,N
구의동,officetel,다성리버텔,ORIGINAL,218-12,아차산로 452,RENT,33.97,202511,21,2000,80,8,2002,202512~202712,Y,N,,,N,N
구의동,officetel,구의동 벨라로사 오피스텔,ORIGINAL,243-71,아차산로 405,RENT,20.94,202511,21,18000,14,9,2019,202511~202711,N,N,13000.0,30.0,N,N
구의동,officetel,구의동 벨라로사 오피스텔,ORIGINAL,243-71,아차산로 405,RENT,20.94,202511,21,18250,3,6,2019,202512~202712,N,N,18440.0,0.0,N,N
구의동,officetel,평강오피스텔,ORIGINAL,598-2,구의강변로 27,RENT,27.69,202511,21,1000,70,3,2003,202512~202612,Y,N,,,N,Y
구의동,officetel,구의아크로리버,ORIGINAL,589-10,구의강변로 64,RENT,20.06,202511,21,1000,60,4,2004,202602~202802,Y,N,,,Y,Y
구의동,villa,노블,ORIGINAL,227-6,구의로 66,RENT,13.69,202511,21,2000,49,2,2014,202512~202712,Y,N,,,Y,Y
구의동,officetel,웰츠타워,ORIGINAL,252-16,자양로 116,RENT,24.82,202511,20,1000,89,11,2015,202511~202611,Y,N,,,N,N
구의동,officetel,웰츠타워,ORIGINAL,252-16,자양로 116,RENT,29.89,202511,20,1000,106,12,2015,202511~202611,Y,N,,,N,N
구의동,villa,엘리제빌,ORIGINAL,241-40,구의로3길 14,RENT,24.22,202511,20,2000,71,4,2017,202512~202612,Y,N,,,N,N
구의동,villa,비바체,ORIGINAL,221-10,아차산로57길 14-5,RENT,12.78,202511,20,500,44,3,2012,202512~202712,Y,N,,,Y,Y
구의동,villa,빌라드리치,ORIGINAL,204-15,광나루로46길 24-9,RENT,27.53,202511,18,5000,95,6,2020,202512~202712,N,N,5000.0,90.0,N,N
구의동,villa,아차산로59길 57,ROAD_ADDR,223-25,아차산로59길 57,RENT,25.8,202511,17,5000,60,2,2004,202512~202712,Y,N,,,Y,Y
구의동,officetel,로젠스톤,ORIGINAL,251-31,자양로 144,RENT,19.71,202511,15,13500,19,2,2017,202512~202712,N,N,5000.0,48.0,N,N
구의동,officetel,로젠스톤,ORIGINAL,251-31,자양로 144,RENT,19.71,202511,15,14000,19,7,2017,202512~202712,Y,N,,,N,N
구의동,officetel,신도브래뉴오피스텔,ORIGINAL,251-34,자양로 138,RENT,32.17,202511,15,1000,75,10,2003,202512~202612,Y,N,,,N,N
구의동,villa,채움하우스(257-28),ORIGINAL,257-28,아차산로53길 38-14,RENT,28.0,202511,15,2000,70,4,2018,202601~202801,Y,N,,,N,Y
구의동,officetel,그랜드파크 오피스텔,ORIGINAL,76-1,천호대로 666,RENT,21.56,202511,14,1000,77,4,2017,202601~202801,Y,N,,,N,N
구의동,villa,블루스카이,ORIGINAL,251-167,아차산로49길 87-4,RENT,29.99,202511,14,28000,30,4,2021,202512~202712,Y,N,,,N,N
구의동,villa,아차산로65길 38,ROAD_ADDR,206-3,아차산로65길 38,RENT,26.15,202511,14,11000,15,2,2012,202512~202712,N,N,11000.0,12.0,N,N
구의동,officetel,로젠스톤,ORIGINAL,251-31,자양로 144,RENT,17.83,202511,13,12000,28,5,2017,202601~202801,Y,N,,,N,N
구의동,villa,노블,ORIGINAL,227-6,구의로 66,RENT,13.69,202511,13,2000,34,2,2014,202512~202712,Y,N,,,Y,Y
구의동,officetel,크레신타워3차,ORIGINAL,246-14,아차산로 375,RENT,25.35,202511,12,1000,75,10,2006,202511~202711,Y,N,,,N,N
구의동,villa,승지,ORIGINAL,29-20,자양로49길 16-7,RENT,29.58,202511,12,4000,45,4,2020,202601~202801,N,N,4000.0,43.0,Y,Y
구의동,villa,금성하이빌,ORIGINAL,237-16,자양로28가길 24,RENT,29.94,202511,12,3000,150,2,2023,202511~202711,Y,N,,,N,N
구의동,officetel,신도브래뉴오피스텔,ORIGINAL,251-34,자양로 138,RENT,30.71,202511,11,1000,73,5,2003,202512~202612,N,N,1000.0,70.0,N,N
구의동,officetel,아차산로 480,ROAD_ADDR,199-8,아차산로 480,RENT,26.93,202511,10,2000,84,4,2017,202512~202612,Y,N,,,N,N
구의동,officetel,리버 비스타 구의,ORIGINAL,243-13,아차산로 417,RENT,20.87,202511,10,19000,10,5,2019,202512~202712,N,Y,19000.0,0.0,N,N
구의동,officetel,다성리버텔,ORIGINAL,218-12,아차산로 452,RENT,29.97,202511,10,1000,80,2,2002,202601~202701,Y,N,,,N,N
구의동,villa,광진팰리스,ORIGINAL,251-26,자양로 144-1,RENT,15.19,202511,10,60,31,10,2019,202511~202803,Y,N,,,Y,Y
구의동,villa,리채,ORIGINAL,647-1,자양로23길 51,RENT,39.47,202511,10,3000,130,3,2014,202601~202801,Y,N,,,N,N
구의동,villa,플러스빌,ORIGINAL,655-3,자양로23길 21,RENT,19.28,202511,10,7000,60,4,2013,202512~202712,Y,N,,,Y,N
구의동,villa,스카이빌(211-34),ORIGINAL,211-34,구의로4길 68,RENT,34.7,202511,10,3000,88,3,2004,202511~202711,Y,N,,,N,N
구의동,villa,아차산로55길 78,ROAD_ADDR,241-36,아차산로55길 78,RENT,14.87,202511,10,6000,70,4,2015,202512~202712,Y,N,,,N,Y
구의동,villa,아차산로59길 23,ROAD_ADDR,220-51,아차산로59길 23,RENT,15.17,202511,10,1000,55,3,2011,202512~202712,N,N,1000.0,53.0,Y,Y
구의동,officetel,그랜드파크 오피스텔,ORIGINAL,76-1,천호대로 666,RENT,21.56,202511,08,1000,75,6,2017,202512~202612,Y,N,,,N,N
구의동,officetel,웰츠타워,ORIGINAL,252-16,자양로 116,RENT,29.71,202511,07,1000,105,8,2015,202511~202611,Y,N,,,N,N
구의동,villa,자양로42길 32,ROAD_ADDR,60-67,자양로42길 32,RENT,29.99,202511,07,5000,100,3,2016,202512~202712,Y,N,,,N,N
구의동,villa,은선빌,ORIGINAL,77-30,자양로41길 25-19,RENT,15.44,202511,07,13000,30,3,2019,202512~202712,Y,N,,,N,N
구의동,villa,아차산로49길 36,ROAD_ADDR,252-125,아차산로49길 36,RENT,23.44,202511,07,2000,65,3,2015,202512~202712,Y,N,,,N,Y
구의동,villa,아차산로57길 37,ROAD_ADDR,241-72,아차산로57길 37,RENT,23.14,202511,07,1000,63,3,2002,202512~202712,Y,N,,,N,Y
구의동,villa,자양로26길 68,ROAD_ADDR,241-50,자양로26길 68,RENT,35.1,202511,07,12000,60,2,2004,202512~202712,Y,N,,,N,N
구의동,villa,자양로42길 32,ROAD_ADDR,60-67,자양로42길 32,RENT,29.99,202511,07,20000,20,2,2016,202601~202801,N,Y,20000.0,15.0,N,N
구의동,officetel,구의동 벨라로사 오피스텔,ORIGINAL,243-71,아차산로 405,RENT,20.94,202511,06,19270,7,8,2019,202512~202712,Y,N,,,N,N
구의동,officetel,구의동 벨라로사 오피스텔,ORIGINAL,243-71,아차산로 405,RENT,20.94,202511,06,20290,5,12,2019,202512~202712,Y,N,,,N,N
구의동,officetel,웰츠타워,ORIGINAL,252-16,자양로 116,RENT,20.97,202511,06,1000,78,16,2015,202511~202611,Y,N,,,N,N
구의동,officetel,리버 비스타 구의,ORIGINAL,243-13,아차산로 417,RENT,19.79,202511,06,16000,30,8,2019,202512~202612,N,Y,16000.0,24.0,N,N
구의동,villa,노블,ORIGINAL,227-6,구의로 66,RENT,13.69,202511,06,12000,43,5,2014,202602~202802,N,Y,12000.0,39.0,N,N
구의동,villa,노블,ORIGINAL,227-6,구의로 66,RENT,13.69,202511,06,13100,39,5,2014,202602~202802,N,N,12000.0,39.0,N,N
구의동,villa,샨티빌,ORIGINAL,249-7,자양로28길 32,RENT,37.96,202511,06,6000,73,4,2007,202601~202801,Y,N,,,N,N
구의동,villa,샨티빌,ORIGINAL,249-7,자양로28길 32,RENT,37.96,202511,06,6000,73,4,2007,202601~202801,Y,N,,,N,N
구의동,officetel,웰츠타워,ORIGINAL,252-16,자양로 116,RENT,24.82,202511,05,1000,91,19,2015,202511~202611,Y,N,,,N,N
구의동,officetel,웰츠타워,ORIGINAL,252-16,자양로 116,RENT,24.75,202511,05,1000,83,4,2015,202511~202611,Y,N,,,N,N
구의동,officetel,웰츠타워,ORIGINAL,252-16,자양로 116,RENT,24.82,202511,05,1000,87,13,2015,202512~202612,Y,N,,,N,N
구의동,villa,뜨란채,ORIGINAL,72-22,천호대로136길 22,RENT,23.51,202511,05,5000,90,5,2015,202511~202711,Y,N,,,N,N
구의동,villa,한가림빌,ORIGINAL,248-39,아차산로51길 68-7,RENT,19.89,202511,05,1000,55,3,2013,202602~202702,N,N,1000.0,53.0,Y,Y
구의동,villa,에덴빌26차,ORIGINAL,239-5,광나루로40길 48-8,RENT,23.34,202511,04,21000,3,2,2020,202512~202712,Y,N,,,N,N
구의동,officetel,강변에스케이뷰,ORIGINAL,667,아차산로 431,RENT,28.01,202511,03,1000,82,3,2017,202511~202611,N,Y,1000.0,79.0,N,N
구의동,villa,케이비씨티,ORIGINAL,653-8,자양로23나길 7-8,RENT,28.44,202511,03,2000,100,4,2017,202512~202711,Y,N,,,N,N
구의동,villa,두진빌,ORIGINAL,248-8,자양로22길 45,RENT,26.1,202511,03,3500,66,2,2019,202512~202712,Y,N,,,N,Y
구의동,officetel,아차산로 480,ROAD_ADDR,199-8,아차산로 480,RENT,27.74,202511,02,1000,95,5,2017,202511~202611,N,N,1000.0,83.0,N,N
구의동,officetel,아델리아 구의타워,ORIGINAL,251-157,자양로 156,RENT,18.74,202511,01,1000,65,3,2010,202512~202612,Y,N,,,N,Y
구의동,villa,선진빌딩,ORIGINAL,215-1,광나루로54길 83,RENT,30.09,202511,01,1000,63,3,2001,202511~202711,Y,N,,,N,Y
구의동,villa,자양로26길 97-3,ROAD_ADDR,222-37,자양로26길 97-3,RENT,33.71,202511,01,21000,9,2,2018,202512~202712,Y,N,,,N,N
구의동,villa,케이비시티4,ORIGINAL,239-52,자양로28길 73-9,RENT,23.01,202511,01,19200,4,2,2019,202511~202711,N,N,19200.0,0.0,N,N
구의동,villa,파크플레이스(71-4),ORIGINAL,71-4,천호대로134길 12,RENT,24.0,202511,01,5000,48,2,2012,202511~202705,N,N,5000.0,48.0,Y,Y
구의동,villa,HOYOUNG,ORIGINAL,252-129,아차산로49길 34-6,RENT,25.48,202511,01,10000,27,3,2013,202511~202711,N,N,10000.0,24.0,N,N
구의동,officetel,크레신타워3차,ORIGINAL,246-14,아차산로 375,RENT,25.35,202510,31,1000,75,8,2006,202511~202611,Y,N,,,N,N
구의동,villa,자양로26길 97-3,ROAD_ADDR,222-37,자양로26길 97-3,RENT,21.59,202510,31,15600,3,3,2018,202512~202712,Y,N,,,N,N
구의동,villa,현대아트빌라(253-43),ORIGINAL,253-43,자양로29길 18,RENT,36.71,202510,31,16000,20,4,1995,202512~202712,Y,N,,,N,N
구의동,villa,현대아트빌라(253-43),ORIGINAL,253-43,자양로29길 18,RENT,36.71,202510,31,16000,20,4,1995,202512~202712,Y,N,,,N,N
구의동,villa,동서화운트빌(236-35),ORIGINAL,236-35,자양로 178-12,RENT,14.5,202510,31,7000,40,5,2017,202511~202711,Y,N,,,Y,N
구의동,villa,테라펠리스건대3차,ORIGINAL,246-1,아차산로55길 11,RENT,28.02,202510,31,2000,150,2,2021,202511~202611,Y,N,,,N,N
구의동,villa,제이드빌,ORIGINAL,236-9,자양로 178-18,RENT,29.73,202510,31,23000,15,5,2017,202601~202801,Y,N,,,N,N
구의동,villa,제이드빌,ORIGINAL,236-9,자양로 178-18,RENT,26.4,202510,31,21130,10,6,2017,202601~202801,N,N,20000.0,10.0,N,N
구의동,villa,아차산로57길 20-5,ROAD_ADDR,221-11,아차산로57길 20-5,RENT,28.3,202510,31,1000,83,4,2018,202511~202611,Y,N,,,N,N
구의동,villa,에코빌,ORIGINAL,251-86,아차산로49길 73-6,RENT,21.85,202510,30,14000,5,2,2016,202512~202712,Y,N,,,N,N
구의동,villa,삼정도나빌,ORIGINAL,241-8,구의로3길 5,RENT,29.04,202510,30,20000,35,5,2016,202510~202710,N,Y,22500.0,20.0,N,N
구의동,officetel,로젠스톤,ORIGINAL,251-31,자양로 144,RENT,19.71,202510,29,13000,21,4,2017,202512~202712,Y,N,,,N,N
구의동,officetel,센트럴빌,ORIGINAL,253-19,광나루로 486,RENT,32.19,202510,29,1000,73,5,2003,202511~202711,Y,N,,,N,N
구의동,villa,뉴그린빌리지,ORIGINAL,591-15,아차산로58가길 18,RENT,29.67,202510,29,25200,15,3,2017,202512~202712,Y,N,,,N,N
구의동,villa,한가림빌,ORIGINAL,248-39,아차산로51길 68-7,RENT,19.76,202510,28,1000,58,3,2013,202512~202712,Y,N,,,Y,Y
구의동,villa,한울타워,ORIGINAL,57-30,천호대로137길 9,RENT,31.32,202510,28,5000,75,4,2013,202512~202712,Y,N,,,N,N
구의동,villa,아이원,ORIGINAL,242-37,자양로22길 68,RENT,21.33,202510,28,2000,63,3,2012,202601~202801,Y,N,,,N,Y
구의동,officetel,센트럴빌,ORIGINAL,253-19,광나루로 486,RENT,32.19,202510,27,1000,73,8,2003,202512~202711,Y,N,,,N,N
구의동,officetel,자양로 260,ROAD_ADDR,71-5,자양로 260,RENT,24.21,202510,27,1000,85,8,2025,202512~202712,Y,N,,,N,N
구의동,villa,자양로23길 83-6,ROAD_ADDR,634-2,자양로23길 83-6,RENT,23.5,202510,27,500,50,2,2001,202511~202711,Y,N,,,Y,Y
구의동,villa,아이원,ORIGINAL,242-37,자양로22길 68,RENT,29.01,202510,27,5000,50,2,2012,202511~202711,Y,N,,,Y,Y
구의동,villa,양곡빌라,ORIGINAL,220-60,구의로 22,RENT,35.28,202510,27,12900,16,4,1993,202512~202712,Y,N,,,N,N
구의동,villa,아스하임(232-75),ORIGINAL,232-75,자양로32길 42,RENT,21.89,202510,27,5000,84,2,2021,202511~202711,Y,N,,,N,N
구의동,villa,아스하임(232-75),ORIGINAL,232-75,자양로32길 42,RENT,21.89,202510,27,5000,73,2,2021,202511~202711,Y,N,,,N,N
구의동,officetel,평강오피스텔,ORIGINAL,598-2,구의강변로 27,RENT,25.5,202510,25,11000,28,2,2003,202511~202711,N,N,11000.0,20.0,N,N
구의동,villa,제이드빌,ORIGINAL,236-9,자양로 178-18,RENT,27.28,202510,25,15000,40,4,2017,202512~202712,Y,N,,,N,N
구의동,villa,팔라티노,ORIGINAL,252-98,아차산로49길 41-7,RENT,28.55,202510,25,25000,25,5,2020,202601~202801,Y,N,,,N,N
구의동,villa,리채,ORIGINAL,647-1,자양로23길 51,RENT,39.47,202510,25,4000,120,3,2014,202601~202801,N,N,4000.0,110.0,N,N
구의동,villa,아차산로55길 62-16,ROAD_ADDR,241-10,아차산로55길 62-16,RENT,21.15,202510,25,21500,16,3,2021,202512~202712,Y,N,,,N,N
구의동,villa,아차산로55길 62-16,ROAD_ADDR,241-10,아차산로55길 62-16,RENT,22.45,202510,25,22300,16,2,2021,202512~202712,Y,N,,,N,N
구의동,villa,구의향기빌,ORIGINAL,239-41,구의로9길 5,RENT,29.82,202510,25,1000,57,2,2016,202510~202710,Y,N,,,Y,Y
구의동,villa,영화사로16길 34-14,ROAD_ADDR,21-28,영화사로16길 34-14,RENT,27.58,202510,25,1000,50,4,2015,202510~202710,Y,N,,,Y,Y
구의동,officetel,웰츠타워,ORIGINAL,252-16,자양로 116,RENT,24.82,202510,24,1000,89,17,2015,202511~202611,Y,N,,,N,N
구의동,officetel,아델리아 구의타워,ORIGINAL,251-157,자양로 156,RENT,36.41,202510,24,500,81,3,2010,202511~202611,N,N,500.0,79.0,N,N
구의동,villa,부광아인스빌,ORIGINAL,204-42,광나루로46길 24-7,RENT,28.65,202510,24,5000,100,5,2019,202512~202712,Y,N,,,N,N
구의동,villa,아스하임,ORIGINAL,243-56,자양로18길 84,RENT,15.41,202510,24,1000,73,6,2014,202511~202711,Y,N,,,N,N
구의동,officetel,구의동 벨라로사 오피스텔,ORIGINAL,243-71,아차산로 405,RENT,20.94,202510,23,19250,4,8,2019,202510~202710,N,N,19900.0,0.0,N,N
구의동,officetel,아델리아 구의타워,ORIGINAL,251-157,자양로 156,RENT,18.74,202510,22,1000,65,3,2010,202511~202611,Y,N,,,N,Y
구의동,villa,아차산로49길 104,ROAD_ADDR,251-143,아차산로49길 104,RENT,14.56,202510,22,7400,48,4,2014,202511~202711,Y,N,,,Y,N
구의동,villa,더프라임(640-1),ORIGINAL,640-1,광나루로30가길 6,RENT,27.98,202510,22,5000,59,5,2015,202511~202711,N,N,4000.0,56.0,Y,Y
구의동,villa,자양로26길 20,ROAD_ADDR,251-140,자양로26길 20,RENT,29.11,202510,22,19000,5,3,2013,202511~202711,Y,N,,,N,N
구의동,officetel,크레신타워3차,ORIGINAL,246-14,아차산로 375,RENT,25.35,202510,21,1000,75,9,2006,202512~202612,Y,N,,,N,N
구의동,officetel,그랜드파크 오피스텔,ORIGINAL,76-1,천호대로 666,RENT,19.4,202510,21,1000,78,7,2017,202511~202611,Y,N,,,N,N
구의동,officetel,구의동 벨라로사 오피스텔,ORIGINAL,243-71,아차산로 405,RENT,20.94,202510,21,20000,15,10,2019,202512~202712,Y,N,,,N,N
구의동,villa,예다움,ORIGINAL,26-9,자양로52길 3-4,RENT,24.35,202510,21,1000,52,2,2012,202512~202712,Y,N,,,Y,Y
구의동,villa,아너스빌(231-8),ORIGINAL,231-8,구의로11길 23,RENT,33.91,202510,21,26000,15,4,2017,202512~202712,Y,N,,,N,N
구의동,officetel,그랜드파크 오피스텔,ORIGINAL,76-1,천호대로 666,RENT,32.64,202510,20,15000,50,6,2017,202511~202703,Y,N,,,N,N
구의동,villa,서연빌,ORIGINAL,57-6,자양로44길 32-10,RENT,33.09,202510,20,10000,43,2,2014,202511~202711,N,Y,10000.0,40.0,N,N
구의동,villa,자양로18길 67-7,ROAD_ADDR,242-137,자양로18길 67-7,RENT,14.18,202510,19,5000,55,4,2013,202511~202711,Y,N,,,Y,Y
구의동,villa,사랑빌,ORIGINAL,225-1,구의로 53-1,RENT,21.78,202510,18,16000,25,5,2018,202510~202710,N,Y,16000.0,21.0,N,N
구의동,villa,성은빌,ORIGINAL,31-20,자양로52길 4-5,RENT,27.12,202510,18,6000,42,2,2011,202512~202712,N,Y,6000.0,39.0,Y,Y
구의동,villa,HBenest,ORIGINAL,223-60,구의로4길 7-4,RENT,22.5,202510,18,1000,77,3,2018,202511~202711,Y,N,,,N,N
구의동,officetel,광나루로54길 20,ROAD_ADDR,199-14,광나루로54길 20,RENT,37.26,202510,17,14000,15,3,2001,202512~202712,Y,N,,,N,N
구의동,officetel,신도브래뉴오피스텔,ORIGINAL,251-34,자양로 138,RENT,20.08,202510,17,1000,53,3,2003,202511~202611,N,N,1000.0,50.0,Y,Y
구의동,officetel,웰츠타워,ORIGINAL,252-16,자양로 116,RENT,24.75,202510,17,1000,85,10,2015,202511~202611,Y,N,,,N,N
구의동,villa,스카이빌(211-34),ORIGINAL,211-34,구의로4길 68,RENT,34.7,202510,17,3000,84,3,2004,202511~202711,Y,N,,,N,N
구의동,villa,우정,ORIGINAL,252-110,아차산로49길 28-5,RENT,24.81,202510,17,12000,21,2,2013,202512~202712,Y,N,,,N,N
구의동,villa,크로마하우스7,ORIGINAL,227-34,구의로14길 6,RENT,20.7,202510,17,18000,24,2,2020,202512~202712,Y,N,,,N,N
구의동,villa,크로마하우스7,ORIGINAL,227-34,구의로14길 6,RENT,20.7,202510,17,18000,24,2,2020,202512~202712,Y,N,,,N,N
구의동,officetel,웰츠타워,ORIGINAL,252-16,자양로 116,RENT,29.89,202510,16,1000,108,19,2015,202510~202610,Y,N,,,N,N
구의동,villa,아차산로65길 26-4,ROAD_ADDR,206-20,아차산로65길 26-4,RENT,20.91,202510,16,2000,55,2,2011,202511~202711,Y,N,,,Y,Y
구의동,villa,아차산로55길 31,ROAD_ADDR,257-8,아차산로55길 31,RENT,27.76,202510,16,1000,69,3,2012,202512~202712,Y,N,,,N,Y
구의동,villa,아차산로51길 68,ROAD_ADDR,248-18,아차산로51길 68,RENT,36.91,202510,16,9000,38,2,2001,202511~202711,N,N,9000.0,36.0,N,N
구의동,officetel,광나루로54길 20,ROAD_ADDR,199-14,광나루로54길 20,RENT,32.85,202510,15,14000,8,5,2001,202511~202711,Y,N,,,N,N
구의동,villa,우림아트빌,ORIGINAL,251-64,아차산로49길 68-2,RENT,19.11,202510,15,800,44,2,2012,202511~202711,Y,N,,,Y,Y
구의동,villa,상그릴라빌,ORIGINAL,212-11,광나루로52길 37,RENT,29.19,202510,15,2000,56,5,2018,202510~202710,Y,N,,,Y,Y
구의동,villa,구의로 47-6,ROAD_ADDR,225-43,구의로 47-6,RENT,27.3,202510,15,19900,12,3,2017,202511~202711,Y,N,,,N,N
구의동,villa,팔라티노,ORIGINAL,252-98,아차산로49길 41-7,RENT,28.55,202510,15,26700,18,7,2020,202511~202711,Y,N,,,N,N
구의동,villa,구의로 47-6,ROAD_ADDR,225-43,구의로 47-6,RENT,27.3,202510,15,19900,12,3,2017,202511~202711,Y,N,,,N,N
구의동,villa,엘림하우스,ORIGINAL,241-33,자양로26길 60-6,RENT,35.84,202510,15,20000,20,3,2015,202512~202712,Y,N,,,N,N
구의동,villa,팔라티노,ORIGINAL,252-98,아차산로49길 41-7,RENT,28.55,202510,15,26700,18,7,2020,202511~202711,Y,N,,,N,N
구의동,villa,자양로22길 76,ROAD_ADDR,242-5,자양로22길 76,RENT,17.88,202510,14,17850,4,3,2019,202601~202801,N,Y,17850.0,4.0,N,N
구의동,villa,SKY파크뷰,ORIGINAL,204-25,광나루로44길 29,RENT,29.91,202510,14,23000,19,5,2020,202512~202712,Y,N,,,N,N
구의동,villa,한가림빌,ORIGINAL,248-39,아차산로51길 68-7,RENT,25.74,202510,14,4000,65,4,2013,202511~202710,Y,N,,,N,Y
구의동,villa,민성그린빌,ORIGINAL,77-15,자양로41길 25-11,RENT,27.37,202510,14,18700,35,4,2015,202510~202710,N,N,27000.0,0.0,N,N
구의동,villa,우림아트빌,ORIGINAL,251-64,아차산로49길 68-2,RENT,16.15,202510,14,2000,55,3,2012,202511~202711,N,Y,2000.0,52.0,Y,Y
구의동,officetel,구의아크로리버,ORIGINAL,589-10,구의강변로 64,RENT,18.99,202510,13,1000,60,4,2004,202511~202610,Y,N,,,Y,Y
구의동,officetel,웰츠타워,ORIGINAL,252-16,자양로 116,RENT,24.82,202510,13,1000,90,14,2015,202511~202611,Y,N,,,N,N
구의동,villa,자양로30길 92,ROAD_ADDR,225-6,자양로30길 92,RENT,39.55,202510,13,1000,73,4,2004,202511~202711,N,Y,1000.0,70.0,N,N
구의동,villa,광나루로30나길 30-5,ROAD_ADDR,646-2,광나루로30나길 30-5,RENT,27.36,202510,13,15000,28,3,2016,202511~202711,Y,N,,,N,N
구의동,villa,구의로 47-15,ROAD_ADDR,225-47,구의로 47-15,RENT,17.2,202510,13,5000,125,5,2018,202511~202710,Y,N,,,N,N
구의동,villa,상그릴라빌,ORIGINAL,212-11,광나루로52길 37,RENT,29.19,202510,13,2000,56,4,2018,202510~202710,N,N,2000.0,50.0,Y,Y
구의동,villa,노블3,ORIGINAL,248-94,아차산로51길 82,RENT,11.88,202510,13,6000,59,4,2021,202601~202801,N,Y,6000.0,55.0,Y,Y
구의동,villa,구의에코하임,ORIGINAL,251-171,아차산로49길 93,RENT,29.4,202510,13,20000,50,5,2025,202512~202712,Y,N,,,N,N
구의동,villa,더프라임(640-1),ORIGINAL,640-1,광나루로30가길 6,RENT,29.37,202510,13,3000,90,5,2015,202511~202710,Y,N,,,N,N
구의동,officetel,광나루로54길 20,ROAD_ADDR,199-14,광나루로54길 20,RENT,37.26,202510,11,1000,80,4,2001,202601~202801,N,Y,1000.0,80.0,N,N
구의동,villa,크로마하우스VIII,ORIGINAL,210-69,아차산로59길 24,RENT,21.62,202510,11,5000,100,4,2020,202511~202711,Y,N,,,N,N
구의동,villa,연세빌,ORIGINAL,222-2,구의로 35-1,RENT,21.84,202510,11,3000,80,4,2021,202510~202710,N,Y,3000.0,75.0,N,N
구의동,villa,테라펠리스건대3차,ORIGINAL,246-1,아차산로55길 11,RENT,12.39,202510,11,3000,90,3,2021,202511~202611,Y,N,,,N,N
구의동,villa,효민빌리지,ORIGINAL,70-2,자양로40길 4,RENT,34.87,202510,11,2000,90,3,2004,202511~202711,Y,N,,,N,N
구의동,villa,원당주택,ORIGINAL,224-57,광나루로44길 58,RENT,22.56,202510,11,1000,50,-1,2003,202511~202711,Y,N,,,Y,Y
구의동,officetel,리버 비스타 구의,ORIGINAL,243-13,아차산로 417,RENT,21.0,202510,10,1000,85,12,2019,202510~202610,N,Y,3000.0,66.0,N,N
구의동,officetel,진성파크뷰,ORIGINAL,633-4,광나루로30길 3,RENT,32.06,202510,10,3000,160,6,2022,202510~202710,Y,N,,,N,N
구의동,villa,HOYOUNG,ORIGINAL,252-129,아차산로49길 34-6,RENT,29.24,202510,10,5000,85,4,2013,202511~202711,Y,N,,,N,N
구의동,villa,아차산로59길 23,ROAD_ADDR,220-51,아차산로59길 23,RENT,28.3,202510,10,1000,81,5,2011,202510~202710,N,N,1000.0,77.0,N,N
구의동,villa,자양로22길 75,ROAD_ADDR,241-60,자양로22길 75,RENT,25.82,202510,09,15500,25,3,2017,202511~202711,N,Y,15000.0,25.0,N,N
구의동,villa,아델리오,ORIGINAL,243-48,자양로18길 90-3,RENT,29.36,202510,09,30000,7,8,2019,202512~202712,Y,N,,,N,N
구의동,villa,영화사로16가길 14,ROAD_ADDR,22-16,영화사로16가길 14,RENT,17.4,202510,04,10000,50,4,2018,202511~202711,Y,N,,,N,N
구의동,villa,한울파크(68-28),ORIGINAL,68-28,자양로 210-1,RENT,29.91,202510,04,28000,10,7,2020,202510~202710,N,Y,26700.0,10.0,N,N
구의동,officetel,아차산로 480,ROAD_ADDR,199-8,아차산로 480,RENT,24.92,202510,03,1000,84,6,2017,202511~202711,Y,N,,,N,N
구의동,officetel,그랜드파크 오피스텔,ORIGINAL,76-1,천호대로 666,RENT,21.56,202510,03,1000,78,4,2017,202511~202711,Y,N,,,N,N
구의동,villa,우영하우스,ORIGINAL,239-87,자양로30길 58-13,RENT,28.44,202510,03,24500,15,4,2020,202511~202711,Y,N,,,N,N
구의동,officetel,광나루로54길 20,ROAD_ADDR,199-14,광나루로54길 20,RENT,35.34,202510,02,14000,10,4,2001,202512~202712,N,N,13550.0,5.0,N,N
구의동,officetel,광나루로54길 20,ROAD_ADDR,199-14,광나루로54길 20,RENT,35.22,202510,02,8000,38,4,2001,202512~202712,N,N,7780.0,30.0,Y,N
구의동,villa,에버그린,ORIGINAL,669,자양로46길 6,RENT,26.06,202510,01,26400,15,2,2019,202511~202604,N,N,25200.0,15.0,N,N
구의동,villa,HBenest,ORIGINAL,223-60,구의로4길 7-4,RENT,24.96,202510,01,1000,77,4,2018,202510~202710,N,N,1000.0,73.0,N,N
구의동,officetel,아델리아 구의타워,ORIGINAL,251-157,자양로 156,RENT,18.74,202509,30,1000,65,6,2010,202510~202610,N,N,1000.0,62.0,N,Y
구의동,officetel,웰츠타워,ORIGINAL,252-16,자양로 116,RENT,20.97,202509,30,1000,77,11,2015,202510~202610,Y,N,,,N,N
구의동,officetel,다성리버텔,ORIGINAL,218-12,아차산로 452,RENT,33.97,202509,30,1000,82,3,2002,202510~202609,Y,N,,,N,N
구의동,villa,케이비씨티,ORIGINAL,653-8,자양로23나길 7-8,RENT,28.3,202509,30,17000,3,3,2017,202511~202711,Y,N,,,N,N
군자동,officetel,천호대로 530,ROAD_ADDR,473-1,천호대로 530,RENT,18.2,202609,21,18000,30,14,2019,202610~202710,N,N,18000.0,25.0,N,N
군자동,officetel,천호대로 530,ROAD_ADDR,473-1,천호대로 530,RENT,18.08,202609,16,18000,30,17,2019,202610~202810,Y,N,,,N,N
군자동,officetel,천호대로 530,ROAD_ADDR,473-1,천호대로 530,RENT,18.2,202609,16,18000,20,3,2019,202611~202811,Y,N,,,N,N
군자동,officetel,에피소드 1(Episode 1),ORIGINAL,355-5,동일로 190,RENT,25.8,202609,16,18800,35,16,2014,202610~202810,Y,N,,,N,N
군자동,villa,삼성홈타운빌,ORIGINAL,32,면목로5길 14,RENT,29.01,202609,14,24000,10,5,2012,202610~202810,Y,N,,,N,N
군자동,officetel,군자로 184,ROAD_ADDR,478-3,군자로 184,RENT,26.85,202609,12,1000,100,6,2020,202609~202809,Y,N,,,N,N
군자동,villa,대명이튼캐슬,ORIGINAL,504,군자로10길 17,RENT,24.06,202609,11,15000,67,2,2019,202610~202810,N,N,15000.0,62.0,N,N
군자동,villa,대명이튼캐슬,ORIGINAL,504,군자로10길 17,RENT,23.11,202609,10,22300,28,4,2019,202610~202810,Y,N,,,N,N
군자동,officetel,디엠세븐세종,ORIGINAL,361-26,광나루로 381,RENT,14.03,202609,08,1000,100,10,2026,202609~202709,Y,N,,,N,N
군자동,officetel,스테이 더 디자이너스 군자,ORIGINAL,473-21,천호대로 538,RENT,17.25,202609,08,16000,24,7,2020,202609~202809,N,N,16000.0,24.0,N,N
군자동,villa,군자로10길 25,ROAD_ADDR,362-16,군자로10길 25,RENT,25.04,202609,08,1000,69,2,2018,202610~202810,Y,N,,,N,Y
군자동,officetel,스테이 더 디자이너스 군자,ORIGINAL,473-21,천호대로 538,RENT,16.94,202609,07,16600,30,5,2020,202610~202810,Y,N,,,N,N
군자동,officetel,스테이 더 디자이너스 군자,ORIGINAL,473-21,천호대로 538,RENT,16.94,202609,05,16600,30,13,2020,202609~202809,Y,N,,,N,N
군자동,villa,세인하우스,ORIGINAL,358-3,광나루로15길 24,RENT,15.97,202609,04,1000,29,3,2018,202610~202809,Y,N,,,Y,Y
군자동,officetel,천호대로 530,ROAD_ADDR,473-1,천호대로 530,RENT,16.68,202609,02,1000,92,13,2019,202611~202711,N,N,1000.0,87.0,N,N
군자동,officetel,천호대로 530,ROAD_ADDR,473-1,천호대로 530,RENT,18.13,202609,02,2000,100,17,2019,202611~202811,Y,N,,,N,N
군자동,villa,시티하임B동,ORIGINAL,88-37,능동로25길 31,RENT,24.94,202609,01,30400,18,2,2021,202611~202711,N,N,27200.0,24.0,N,N
군자동,villa,대명이튼캐슬,ORIGINAL,504,군자로10길 17,RENT,25.24,202608,31,25500,12,5,2019,202609~202809,Y,N,,,N,N
군자동,villa,대명이튼캐슬,ORIGINAL,504,군자로10길 17,RENT,25.24,202608,31,25500,12,5,2019,202609~202809,N,N,27300.0,0.0,N,N
군자동,officetel,디엠세븐세종,ORIGINAL,361-26,광나루로 381,RENT,14.01,202608,30,1000,95,10,2026,202608~202708,Y,N,,,N,N
군자동,officetel,스테이 더 디자이너스 군자,ORIGINAL,473-21,천호대로 538,RENT,16.94,202608,29,17000,20,14,2020,202609~202701,Y,N,,,N,N
군자동,officetel,스테이 더 디자이너스 군자,ORIGINAL,473-21,천호대로 538,RENT,16.94,202608,28,1000,105,15,2020,202610~202710,Y,N,,,N,N
군자동,officetel,군자로 184,ROAD_ADDR,478-3,군자로 184,RENT,26.85,202608,28,1000,100,4,2020,202608~202808,Y,N,,,N,N
군자동,villa,천인약지,ORIGINAL,477-7,능동로31길 12-8,RENT,16.35,202608,25,8000,14,4,2015,202610~202810,Y,N,,,Y,N
군자동,villa,미래하이츠,ORIGINAL,464-5,동일로 300,RENT,28.03,202608,25,100,37,2,2024,202608~202812,Y,N,,,Y,Y
군자동,officetel,아스하임,ORIGINAL,361-21,광나루로17길 13-3,RENT,22.0,202608,24,2000,90,4,2022,202610~202810,Y,N,,,N,N
군자동,villa,THEKINGOFKINGS,ORIGINAL,150-17,군자로 129-11,RENT,19.84,202608,24,11000,10,2,2014,202609~202809,N,N,11000.0,10.0,N,N
군자동,officetel,디엠세븐세종,ORIGINAL,361-26,광나루로 381,RENT,14.1,202608,22,1000,100,10,2026,202608~202708,Y,N,,,N,N
군자동,officetel,천호대로 530,ROAD_ADDR,473-1,천호대로 530,RENT,18.2,202608,21,18000,25,10,2019,202610~202810,Y,N,,,N,N
군자동,officetel,군자로 184,ROAD_ADDR,478-3,군자로 184,RENT,19.34,202608,20,1000,85,5,2020,202609~202809,Y,N,,,N,N
군자동,villa,DM7세종,ORIGINAL,361-26,광나루로 381,RENT,14.0,202608,20,1000,150,4,2026,202608~202708,Y,N,,,N,N
군자동,villa,송정오피스텔,ORIGINAL,363-13,군자로 76,RENT,12.96,202608,20,1000,90,4,1984,202608~202808,Y,N,,,N,N
군자동,officetel,천호대로 530,ROAD_ADDR,473-1,천호대로 530,RENT,18.13,202608,17,18450,11,3,2019,202609~202809,N,N,18450.0,8.0,N,N
군자동,officetel,동원데쟈뷰,ORIGINAL,355-1,동일로 194,RENT,17.16,202608,15,5000,75,4,2020,202610~202810,Y,N,,,N,N
군자동,officetel,디엠세븐세종,ORIGINAL,361-26,광나루로 381,RENT,14.03,202608,15,1000,100,9,2026,202608~202708,Y,N,,,N,N
군자동,villa,능동로29가길 24,ROAD_ADDR,200-1,능동로29가길 24,RENT,27.27,202608,15,1000,80,3,2002,202609~202809,Y,N,,,N,N
군자동,villa,송정오피스텔,ORIGINAL,363-13,군자로 76,RENT,14.22,202608,15,1000,90,4,1984,202608~202808,Y,N,,,N,N
군자동,officetel,천호대로 530,ROAD_ADDR,473-1,천호대로 530,RENT,18.2,202608,13,5000,80,7,2019,202609~202709,Y,N,,,N,N
군자동,villa,풍국빌라,ORIGINAL,117-24,동일로52길 13,RENT,19.38,202608,12,12000,11,2,2010,202609~202809,Y,N,,,N,N
군자동,officetel,천호대로 530,ROAD_ADDR,473-1,천호대로 530,RENT,18.1,202608,11,1000,90,7,2019,202608~202708,N,N,1000.0,90.0,N,N
군자동,villa,한양에버빌,ORIGINAL,62-1,동일로56길 54-5,RENT,28.79,202608,10,5000,105,4,2019,202610~202810,Y,N,,,N,N
군자동,villa,송정오피스텔,ORIGINAL,363-13,군자로 76,RENT,14.22,202608,10,1000,90,4,1984,202608~202808,Y,N,,,N,N
군자동,officetel,스테이 더 디자이너스 군자,ORIGINAL,473-21,천호대로 538,RENT,17.33,202608,08,17000,15,10,2020,202608~202808,Y,N,,,N,N
군자동,officetel,스테이 더 디자이너스 군자,ORIGINAL,473-21,천호대로 538,RENT,16.94,202608,06,1000,100,9,2020,202609~202709,Y,N,,,N,N
군자동,officetel,천호대로 530,ROAD_ADDR,473-1,천호대로 530,RENT,18.2,202608,05,1000,87,3,2019,202610~202710,Y,N,,,N,N
군자동,villa,KS금성빌,ORIGINAL,297,능동로23길 15,RENT,13.26,202608,04,1000,55,2,2012,202609~202809,Y,N,,,Y,Y
군자동,villa,연리지,ORIGINAL,30-15,천호대로102길 45,RENT,29.73,202608,03,23000,20,2,2013,202608~202808,Y,N,,,N,N
군자동,officetel,동원데쟈뷰,ORIGINAL,355-1,동일로 194,RENT,17.16,202607,31,1000,95,10,2020,202608~202808,Y,N,,,N,N
군자동,villa,클라인하우제,ORIGINAL,36,면목로5길 23,RENT,15.76,202607,31,2000,47,3,2013,202607~202807,Y,N,,,Y,Y
군자동,villa,더빌(THEVIL),ORIGINAL,93-51,천호대로104가길 13,RENT,37.62,202607,31,3000,110,3,2008,202609~202809,Y,N,,,N,N
군자동,villa,동일로56길 54-2,ROAD_ADDR,60-72,동일로56길 54-2,RENT,14.76,202607,30,1000,66,4,2020,202608~202808,Y,N,,,N,Y
군자동,officetel,천호대로 530,ROAD_ADDR,473-1,천호대로 530,RENT,18.1,202607,28,18000,20,13,2019,202609~202809,Y,N,,,N,N
군자동,villa,미래하이츠,ORIGINAL,464-5,동일로 300,RENT,28.03,202607,28,100,38,3,2024,202607~202809,Y,N,,,Y,Y
군자동,villa,KS금성빌,ORIGINAL,297,능동로23길 15,RENT,13.32,202607,28,1000,58,1,2012,202608~202808,Y,N,,,Y,Y
군자동,officetel,천호대로 530,ROAD_ADDR,473-1,천호대로 530,RENT,18.08,202607,25,17500,23,7,2019,202609~202809,Y,N,,,N,N
군자동,villa,광나루로15길 27,ROAD_ADDR,352-7,광나루로15길 27,RENT,23.69,202607,23,9500,4,2,2002,202608~202808,Y,N,,,N,N
군자동,officetel,군자로 184,ROAD_ADDR,478-3,군자로 184,RENT,25.16,202607,22,1000,100,5,2020,202608~202808,Y,N,,,N,N
군자동,villa,미래하우스,ORIGINAL,71-9,능동로27나길 17,RENT,15.39,202607,21,1000,60,5,2019,202609~202809,Y,N,,,Y,Y
군자동,villa,송정오피스텔,ORIGINAL,363-13,군자로 76,RENT,14.22,202607,20,1000,90,3,1984,202607~202807,Y,N,,,N,N
군자동,villa,평강쉐르빌,ORIGINAL,93-22,동일로60길 28-1,RENT,21.36,202607,20,2000,70,3,2013,202608~202808,Y,N,,,N,Y
군자동,villa,해늘빌,ORIGINAL,45-31,군자로 160-6,RENT,13.95,202607,17,3000,42,2,2012,202608~202808,Y,N,,,Y,Y
군자동,villa,면목로3길 5,ROAD_ADDR,48-13,면목로3길 5,RENT,19.32,202607,17,500,49,4,2011,202609~202809,Y,N,,,Y,Y
군자동,officetel,동원데쟈뷰,ORIGINAL,355-1,동일로 194,RENT,17.16,202607,16,500,95,3,2020,202608~202708,N,N,500.0,90.0,N,N
군자동,villa,천인약지,ORIGINAL,477-7,능동로31길 12-8,RENT,16.35,202607,16,8000,14,4,2015,202609~202809,N,N,8000.0,10.0,Y,N
군자동,villa,천인약지,ORIGINAL,477-7,능동로31길 12-8,RENT,16.35,202607,16,8000,33,5,2015,202609~202809,N,N,800.0,30.0,Y,N
군자동,officetel,천호대로 530,ROAD_ADDR,473-1,천호대로 530,RENT,18.1,202607,15,2000,100,16,2019,202608~202708,Y,N,,,N,N
군자동,villa,동일로56길 30-15,ROAD_ADDR,157-14,동일로56길 30-15,RENT,16.1,202607,15,1000,42,2,2012,202608~202808,Y,N,,,Y,Y
군자동,villa,천인약지,ORIGINAL,477-7,능동로31길 12-8,RENT,16.64,202607,14,8000,26,4,2015,202608~202808,Y,N,,,Y,N
군자동,villa,천인약지,ORIGINAL,477-7,능동로31길 12-8,RENT,16.64,202607,14,8000,26,4,2015,202608~202808,Y,N,,,Y,N
군자동,officetel,군자로 184,ROAD_ADDR,478-3,군자로 184,RENT,19.34,202607,11,1000,80,6,2020,202607~202807,N,N,1000.0,77.0,N,N
군자동,villa,소망빌라,ORIGINAL,168,면목로3길 40-13,RENT,37.74,202607,08,10700,21,-1,1997,202609~202809,Y,N,,,N,N
군자동,villa,광나루로15길 14,ROAD_ADDR,358-7,광나루로15길 14,RENT,21.77,202607,07,3000,65,2,2020,202608~202808,Y,N,,,N,Y
군자동,villa,군자로10길 25,ROAD_ADDR,362-16,군자로10길 25,RENT,27.38,202607,06,1000,82,3,2018,202608~202708,N,N,1000.0,78.0,N,N
군자동,officetel,동원데쟈뷰,ORIGINAL,355-1,동일로 194,RENT,17.16,202607,04,1000,90,3,2020,202607~202702,Y,N,,,N,N
군자동,villa,수한리치빌,ORIGINAL,355-22,광나루로13길 15-6,RENT,29.76,202607,04,10000,57,3,2016,202608~202808,Y,N,,,N,N
군자동,officetel,동원데쟈뷰,ORIGINAL,355-1,동일로 194,RENT,17.16,202607,02,1000,89,9,2020,202607~202807,N,N,1000.0,85.0,N,N
군자동,officetel,천호대로 530,ROAD_ADDR,473-1,천호대로 530,RENT,18.1,202607,02,18000,20,9,2019,202608~202808,Y,N,,,N,N
군자동,officetel,천호대로 530,ROAD_ADDR,473-1,천호대로 530,RENT,18.1,202606,30,11200,55,17,2019,202608~202708,N,N,10000.0,55.0,N,N
군자동,villa,능동로29가길 24,ROAD_ADDR,200-1,능동로29가길 24,RENT,22.77,202606,30,1000,65,2,2002,202607~202807,Y,N,,,N,Y
군자동,villa,무지개빌라(B),ORIGINAL,117-21,동일로52길 15-10,RENT,37.83,202606,30,15000,55,3,1993,202607~202807,Y,N,,,N,N
군자동,villa,더빌(THEVIL),ORIGINAL,93-51,천호대로104가길 13,RENT,37.62,202606,30,10000,60,3,2008,202607~202609,N,N,10000.0,60.0,N,N
군자동,villa,KS금성빌,ORIGINAL,297,능동로23길 15,RENT,13.26,202606,29,500,55,3,2012,202606~202706,N,Y,500.0,52.0,Y,Y
군자동,officetel,천호대로 530,ROAD_ADDR,473-1,천호대로 530,RENT,18.1,202606,27,10000,65,17,2019,202608~202808,Y,N,,,N,N
군자동,villa,조은빌딩,ORIGINAL,477-8,능동로31길 8-3,RENT,13.16,202606,26,1000,58,5,2013,202608~202808,Y,N,,,Y,Y
군자동,officetel,스테이 더 디자이너스 군자,ORIGINAL,473-21,천호대로 538,RENT,16.94,202606,25,10500,60,5,2020,202608~202808,Y,N,,,N,N
군자동,villa,광나루로13길 17,ROAD_ADDR,355-24,광나루로13길 17,RENT,29.47,202606,25,21000,4,5,2017,202607~202807,Y,N,,,N,N
군자동,villa,로즈마리빌,ORIGINAL,169,면목로5길 35,RENT,39.95,202606,24,13000,55,2,2008,202608~202808,Y,N,,,N,N
군자동,villa,천호대로104길 37,ROAD_ADDR,469-7,천호대로104길 37,RENT,29.16,202606,23,18000,15,2,2017,202609~202809,Y,N,,,N,N
군자동,villa,천호대로104길 37,ROAD_ADDR,469-7,천호대로104길 37,RENT,29.16,202606,23,18000,15,2,2017,202609~202809,Y,N,,,N,N
군자동,villa,천호대로104길 37,ROAD_ADDR,469-7,천호대로104길 37,RENT,29.16,202606,23,18000,15,2,2017,202609~202809,Y,N,,,N,N
군자동,officetel,스테이 더 디자이너스 군자,ORIGINAL,473-21,천호대로 538,RENT,16.94,202606,20,1000,95,8,2020,202608~202808,Y,N,,,N,N
군자동,villa,대명이튼캐슬,ORIGINAL,504,군자로10길 17,RENT,25.24,202606,20,25560,27,2,2019,202608~202808,Y,N,,,N,N
군자동,villa,DM7세종,ORIGINAL,361-26,광나루로 381,RENT,14.03,202606,20,2000,80,4,2026,202606~202706,Y,N,,,N,N
군자동,officetel,스테이 더 디자이너스 군자,ORIGINAL,473-21,천호대로 538,RENT,16.94,202606,18,16000,25,8,2020,202607~202807,Y,N,,,N,N
군자동,villa,리치팰리스(143-2),ORIGINAL,143-2,동일로56가길 8,RENT,29.48,202606,18,26000,5,4,2019,202607~202807,Y,N,,,N,N
군자동,villa,대명이튼캐슬,ORIGINAL,504,군자로10길 17,RENT,25.24,202606,18,5500,90,4,2019,202608~202802,Y,N,,,N,N
군자동,officetel,에피소드 1(Episode 1),ORIGINAL,355-5,동일로 190,RENT,25.8,202606,17,18800,35,15,2014,202608~202808,Y,N,,,N,N
군자동,villa,DM7세종,ORIGINAL,361-26,광나루로 381,RENT,14.0,202606,17,1000,95,3,2026,202606~202706,Y,N,,,N,N
군자동,officetel,스테이 더 디자이너스 군자,ORIGINAL,473-21,천호대로 538,RENT,16.94,202606,16,3700,85,11,2020,202607~202807,Y,N,,,N,N
군자동,officetel,디엠세븐세종,ORIGINAL,361-26,광나루로 381,RENT,14.01,202606,16,1000,95,12,2026,202606~202806,Y,N,,,N,N
군자동,officetel,디엠세븐세종,ORIGINAL,361-26,광나루로 381,RENT,14.01,202606,15,3000,80,14,2026,202607~202807,Y,N,,,N,N
군자동,officetel,스테이 더 디자이너스 군자,ORIGINAL,473-21,천호대로 538,RENT,16.94,202606,15,5000,85,5,2020,202607~202807,Y,N,,,N,N
군자동,villa,DM7세종,ORIGINAL,361-26,광나루로 381,RENT,14.03,202606,15,3000,75,3,2026,202606~202806,Y,N,,,N,N
군자동,officetel,디엠세븐세종,ORIGINAL,361-26,광나루로 381,RENT,14.0,202606,13,2000,85,14,2026,202606~202706,Y,N,,,N,N
군자동,officetel,스테이 더 디자이너스 군자,ORIGINAL,473-21,천호대로 538,RENT,17.25,202606,13,1000,94,13,2020,202608~202708,N,N,1000.0,89.0,N,N
군자동,villa,애드하우징,ORIGINAL,355-16,광나루로13길 5,RENT,24.42,202606,13,5000,88,6,2017,202607~202807,Y,N,,,N,N
군자동,villa,J하우스,ORIGINAL,48-19,동일로56길 61,RENT,12.97,202606,13,9000,4,2,2012,202607~202807,N,N,9000.0,2.0,N,N
군자동,villa,클라인하우제,ORIGINAL,36,면목로5길 23,RENT,25.4,202606,13,1000,65,4,2013,202607~202807,Y,N,,,N,Y
군자동,villa,유안3차,ORIGINAL,130-39,동일로48길 16,RENT,27.8,202606,12,2000,105,4,2017,202606~202706,Y,N,,,N,N
군자동,officetel,천호대로 530,ROAD_ADDR,473-1,천호대로 530,RENT,18.2,202606,11,1000,95,5,2019,202606~202706,Y,N,,,N,N
군자동,officetel,디엠세븐세종,ORIGINAL,361-26,광나루로 381,RENT,14.01,202606,08,1000,90,9,2026,202606~202706,Y,N,,,N,N
군자동,villa,군자로15길 40,ROAD_ADDR,60-53,군자로15길 40,RENT,39.62,202606,08,1000,60,4,2012,202606~202806,Y,N,,,Y,Y
군자동,officetel,디엠세븐세종,ORIGINAL,361-26,광나루로 381,RENT,14.0,202606,06,3000,80,8,2026,202606~202806,Y,N,,,N,N
군자동,officetel,천호대로 530,ROAD_ADDR,473-1,천호대로 530,RENT,18.2,202606,04,18000,7,9,2019,202607~202806,Y,N,,,N,N
군자동,officetel,디엠세븐세종,ORIGINAL,361-26,광나루로 381,RENT,14.0,202606,03,4000,70,13,2026,202606~202806,Y,N,,,N,Y
군자동,villa,동일로56길 60-6,ROAD_ADDR,60-65,동일로56길 60-6,RENT,38.74,202606,02,13000,19,2,2004,202607~202808,Y,N,,,N,N
군자동,villa,유안3차,ORIGINAL,130-39,동일로48길 16,RENT,26.26,202606,02,3000,85,4,2017,202606~202806,Y,N,,,N,N
군자동,villa,동일로56길 60-6,ROAD_ADDR,60-65,동일로56길 60-6,RENT,38.74,202606,02,13000,19,2,2004,202607~202807,Y,N,,,N,N
군자동,officetel,디엠세븐세종,ORIGINAL,361-26,광나루로 381,RENT,14.01,202605,29,2000,85,13,2026,202606~202806,Y,N,,,N,N
군자동,villa,레나빌,ORIGINAL,475-9,능동로31길 23,RENT,29.88,202605,29,24000,9,2,2015,202607~202807,Y,N,,,N,N
군자동,officetel,동원데쟈뷰,ORIGINAL,355-1,동일로 194,RENT,17.16,202605,28,1500,85,6,2020,202606~202706,Y,N,,,N,N
군자동,villa,더엠하우스,ORIGINAL,130-23,동일로50길 22,RENT,29.62,202605,27,20000,50,3,2017,202608~202808,Y,N,,,N,N
군자동,villa,DM7세종,ORIGINAL,361-26,광나루로 381,RENT,14.0,202605,26,1000,90,6,2026,202606~202706,Y,N,,,N,N
군자동,officetel,천호대로 530,ROAD_ADDR,473-1,천호대로 530,RENT,18.2,202605,23,18000,19,10,2019,202607~202807,N,N,19350.0,10.0,N,N
군자동,villa,KS금성빌,ORIGINAL,297,능동로23길 15,RENT,13.32,202605,23,500,55,3,2012,202606~202806,Y,N,,,Y,Y
군자동,officetel,천호대로 530,ROAD_ADDR,473-1,천호대로 530,RENT,18.1,202605,22,1000,100,8,2019,202606~202801,Y,N,,,N,N
군자동,villa,현대아트빌,ORIGINAL,160-5,면목로3길 32,RENT,38.37,202605,22,1500,124,4,2009,202607~202807,Y,N,,,N,N
군자동,villa,호가빌,ORIGINAL,469-14,동일로60길 54-9,RENT,28.86,202605,22,5000,100,4,2020,202606~202806,Y,N,,,N,N
군자동,officetel,천호대로 530,ROAD_ADDR,473-1,천호대로 530,RENT,18.08,202605,21,1000,94,11,2019,202607~202708,N,N,1000.0,90.0,N,N
군자동,villa,능동로23길 11-6,ROAD_ADDR,300,능동로23길 11-6,RENT,15.21,202605,21,10000,17,1,2012,202606~202806,Y,N,,,N,N
군자동,officetel,천호대로 530,ROAD_ADDR,473-1,천호대로 530,RENT,18.1,202605,20,5000,63,3,2019,202607~202806,N,N,5000.0,60.0,N,Y
군자동,villa,경원하우스,ORIGINAL,2-46,능동로 267-5,RENT,36.91,202605,17,25000,9,3,2018,202606~202806,N,N,2500.0,5.0,N,N
군자동,villa,경원하우스,ORIGINAL,2-46,능동로 267-5,RENT,38.71,202605,17,25000,9,2,2018,202606~202806,N,N,25000.0,0.0,N,N
군자동,officetel,디엠세븐세종,ORIGINAL,361-26,광나루로 381,RENT,14.0,202605,16,3000,80,7,2026,202605~202805,Y,N,,,N,N
군자동,officetel,천호대로 530,ROAD_ADDR,473-1,천호대로 530,RENT,16.68,202605,16,13000,50,16,2019,202605~202702,N,Y,17100.0,25.0,N,N
군자동,villa,윤호리치빌,ORIGINAL,355-21,광나루로13길 3-4,RENT,16.58,202605,16,5000,85,4,2016,202606~202806,Y,N,,,N,N
군자동,villa,군자로10길 25,ROAD_ADDR,362-16,군자로10길 25,RENT,25.04,202605,16,1000,65,3,2018,202607~202807,N,Y,1000.0,62.0,N,Y
군자동,villa,경원하우스,ORIGINAL,2-46,능동로 267-5,RENT,38.71,202605,15,25000,9,3,2018,-,,N,,,N,N
군자동,officetel,디엠세븐세종,ORIGINAL,361-26,광나루로 381,RENT,14.1,202605,13,2000,80,8,2026,202605~202705,Y,N,,,N,N
군자동,officetel,스테이 더 디자이너스 군자,ORIGINAL,473-21,천호대로 538,RENT,17.25,202605,13,2000,83,12,2020,202607~202707,Y,N,,,N,N
군자동,villa,DM7세종,ORIGINAL,361-26,광나루로 381,RENT,14.0,202605,13,1000,95,4,2026,202605~202705,Y,N,,,N,N
군자동,officetel,천호대로 530,ROAD_ADDR,473-1,천호대로 530,RENT,18.2,202605,12,500,90,11,2019,202606~202706,N,N,500.0,86.0,N,N
군자동,officetel,동원데쟈뷰,ORIGINAL,355-1,동일로 194,RENT,17.16,202605,11,12000,40,10,2020,202606~202806,N,N,2000.0,80.0,N,N
군자동,officetel,천호대로 530,ROAD_ADDR,473-1,천호대로 530,RENT,18.08,202605,11,10000,60,10,2019,202606~202806,Y,N,,,N,N
군자동,villa,천호대로104길 37,ROAD_ADDR,469-7,천호대로104길 37,RENT,13.17,202605,11,1000,60,5,2017,202605~202805,Y,N,,,Y,Y
군자동,villa,광나루로15길 14,ROAD_ADDR,358-7,광나루로15길 14,RENT,16.55,202605,09,3000,65,4,2020,202605~202805,N,N,3000.0,60.0,N,Y
군자동,villa,능동로31길 13,ROAD_ADDR,45-34,능동로31길 13,RENT,18.9,202605,07,1000,44,4,2000,202606~202806,Y,N,,,Y,Y
군자동,officetel,천호대로 530,ROAD_ADDR,473-1,천호대로 530,RENT,18.08,202605,06,11700,60,17,2019,202605~202805,Y,N,,,N,N
군자동,villa,DM7세종,ORIGINAL,361-26,광나루로 381,RENT,14.01,202605,05,2000,80,6,2026,202605~202705,Y,N,,,N,N
군자동,officetel,천호대로 530,ROAD_ADDR,473-1,천호대로 530,RENT,18.2,202605,04,18000,30,12,2019,202606~202806,Y,N,,,N,N
군자동,officetel,천호대로 530,ROAD_ADDR,473-1,천호대로 530,RENT,16.68,202605,04,2000,85,4,2019,202605~202705,Y,N,,,N,N
군자동,villa,우송빌라,ORIGINAL,142-33,동일로54길 15-8,RENT,23.17,202605,04,8000,33,2,2012,202608~202807,Y,N,,,Y,N
군자동,officetel,군자로 184,ROAD_ADDR,478-3,군자로 184,RENT,22.61,202605,01,1000,90,7,2020,202605~202805,Y,N,,,N,N
군자동,villa,DM7세종,ORIGINAL,361-26,광나루로 381,RENT,14.0,202605,01,2000,85,4,2026,202605~202705,Y,N,,,N,N
군자동,villa,동일로60길 48-7,ROAD_ADDR,468-11,동일로60길 48-7,RENT,36.3,202604,27,13000,20,1,2003,202606~202806,Y,N,,,N,N
군자동,villa,대명이튼캐슬,ORIGINAL,504,군자로10길 17,RENT,24.28,202604,27,27000,5,3,2019,202604~202804,N,N,27000.0,0.0,N,N
군자동,villa,동일로56길 54-2,ROAD_ADDR,60-72,동일로56길 54-2,RENT,32.4,202604,26,20000,30,3,2020,202607~202807,Y,N,,,N,N
군자동,villa,동일로56길 54-2,ROAD_ADDR,60-72,동일로56길 54-2,RENT,14.6,202604,26,10000,85,4,2020,202606~202806,Y,N,,,N,N
군자동,officetel,디엠세븐세종,ORIGINAL,361-26,광나루로 381,RENT,14.37,202604,25,3000,80,8,2026,202605~202805,Y,N,,,N,N
군자동,officetel,천호대로 530,ROAD_ADDR,473-1,천호대로 530,RENT,18.1,202604,25,1000,86,12,2019,202606~202706,Y,N,,,N,N
군자동,officetel,스테이 더 디자이너스 군자,ORIGINAL,473-21,천호대로 538,RENT,16.94,202604,25,1000,90,6,2020,202605~202705,Y,N,,,N,N
군자동,villa,홀가하우스,ORIGINAL,464-4,동일로 302,RENT,24.34,202604,25,7000,100,6,2016,202605~202805,Y,N,,,N,N
군자동,officetel,천호대로 530,ROAD_ADDR,473-1,천호대로 530,RENT,18.08,202604,24,1000,90,3,2019,202604~202704,Y,N,,,N,N
군자동,officetel,천호대로 530,ROAD_ADDR,473-1,천호대로 530,RENT,16.68,202604,24,10000,31,17,2019,202605~202805,Y,N,,,N,N
군자동,officetel,천호대로 530,ROAD_ADDR,473-1,천호대로 530,RENT,18.2,202604,23,2000,95,17,2019,202606~202706,Y,N,,,N,N
군자동,officetel,천호대로 530,ROAD_ADDR,473-1,천호대로 530,RENT,18.1,202604,21,1500,95,17,2019,202606~202706,Y,N,,,N,N
군자동,villa,대명이튼캐슬,ORIGINAL,504,군자로10길 17,RENT,23.84,202604,21,10000,80,5,2019,202605~202702,Y,N,,,N,N
군자동,villa,유진파크뷰,ORIGINAL,116-3,동일로50길 39,RENT,29.86,202604,20,23500,15,3,2017,202606~202806,Y,N,,,N,N
군자동,officetel,디엠세븐세종,ORIGINAL,361-26,광나루로 381,RENT,14.37,202604,19,2000,85,7,2026,202605~202705,Y,N,,,N,N
군자동,villa,대명이튼캐슬,ORIGINAL,504,군자로10길 17,RENT,25.24,202604,19,23919,24,5,2019,202606~202806,Y,N,,,N,N
군자동,officetel,디엠세븐세종,ORIGINAL,361-26,광나루로 381,RENT,14.0,202604,18,1000,100,11,2026,202605~202805,Y,N,,,N,N
군자동,officetel,디엠세븐세종,ORIGINAL,361-26,광나루로 381,RENT,14.1,202604,18,2000,80,9,2026,202605~202704,Y,N,,,N,N
군자동,officetel,디엠세븐세종,ORIGINAL,361-26,광나루로 381,RENT,14.0,202604,17,3000,80,13,2026,202604~202704,Y,N,,,N,N
군자동,officetel,군자로 180,ROAD_ADDR,476-2,군자로 180,RENT,29.64,202604,15,1000,75,5,2003,202604~202804,Y,N,,,N,N
군자동,villa,레나빌,ORIGINAL,475-9,능동로31길 23,RENT,13.21,202604,13,9900,2,1,2015,202605~202805,Y,N,,,N,N
군자동,villa,경원리더스홈,ORIGINAL,117-11,동일로52길 23,RENT,28.23,202604,11,3000,76,3,2014,202605~202805,Y,N,,,N,N
군자동,officetel,스테이 더 디자이너스 군자,ORIGINAL,473-21,천호대로 538,RENT,16.94,202604,10,2000,90,10,2020,202605~202704,Y,N,,,N,N
군자동,villa,대명이튼캐슬,ORIGINAL,504,군자로10길 17,RENT,29.6,202604,10,28600,11,6,2019,202606~202806,Y,N,,,N,N
군자동,villa,뫼비우스,ORIGINAL,91-1,동일로 294,RENT,27.03,202604,09,25000,20,6,2019,202605~202805,Y,N,,,N,N
군자동,villa,군자로10길 25,ROAD_ADDR,362-16,군자로10길 25,RENT,29.42,202604,09,2000,98,5,2018,202606~202805,Y,N,,,N,N
군자동,villa,뫼비우스,ORIGINAL,91-1,동일로 294,RENT,27.03,202604,09,25000,20,6,2019,202605~202805,Y,N,,,N,N
군자동,villa,미리내,ORIGINAL,16,천호대로104나길 8,RENT,34.56,202604,08,15000,100,4,2015,202606~202806,Y,N,,,N,N
군자동,officetel,디엠세븐세종,ORIGINAL,361-26,광나루로 381,RENT,14.37,202604,06,3000,80,14,2026,202604~202804,Y,N,,,N,N
군자동,officetel,천호대로 530,ROAD_ADDR,473-1,천호대로 530,RENT,18.13,202604,04,3000,82,6,2019,202604~202804,Y,N,,,N,N
군자동,villa,대명이튼캐슬,ORIGINAL,504,군자로10길 17,RENT,22.79,202604,04,22900,34,5,2019,202605~202805,Y,N,,,N,N
군자동,villa,동일로56길 54-2,ROAD_ADDR,60-72,동일로56길 54-2,RENT,24.75,202604,03,1000,66,2,2020,202605~202805,Y,N,,,N,Y
군자동,officetel,스테이 더 디자이너스 군자,ORIGINAL,473-21,천호대로 538,RENT,16.94,202604,02,16000,30,11,2020,202605~202805,Y,N,,,N,N
군자동,villa,능동로31길 12-10,ROAD_ADDR,477-6,능동로31길 12-10,RENT,20.43,202604,02,1000,47,3,2004,202605~202805,Y,N,,,Y,Y
군자동,officetel,스테이 더 디자이너스 군자,ORIGINAL,473-21,천호대로 538,RENT,16.94,202603,31,1000,84,9,2020,202605~202705,Y,N,,,N,N
군자동,officetel,천호대로 530,ROAD_ADDR,473-1,천호대로 530,RENT,18.2,202603,30,1000,89,16,2019,202604~202704,Y,N,,,N,N
군자동,villa,J하우스,ORIGINAL,48-19,동일로56길 61,RENT,12.97,202603,30,4000,34,3,2012,202604~202804,Y,N,,,Y,Y
군자동,officetel,천호대로 530,ROAD_ADDR,473-1,천호대로 530,RENT,18.2,202603,28,1000,95,15,2019,202604~202704,Y,N,,,N,N
군자동,villa,리치팰리스(39-15),ORIGINAL,39-15,동일로56나길 7,RENT,29.7,202603,28,22900,10,2,2016,202604~202804,N,N,22900.0,5.0,N,N
군자동,villa,송정오피스텔,ORIGINAL,363-13,군자로 76,RENT,14.22,202603,27,1000,90,4,1984,202603~202802,Y,N,,,N,N
군자동,villa,경원리더스홈,ORIGINAL,117-11,동일로52길 23,RENT,12.12,202603,27,3000,40,4,2014,202603~202712,Y,N,,,Y,Y
군자동,villa,영서주택C동,ORIGINAL,62-11,면목로1길 16-1,RENT,34.67,202603,27,14000,20,1,1986,202603~202803,Y,N,,,N,N
군자동,officetel,군자로 184,ROAD_ADDR,478-3,군자로 184,RENT,20.37,202603,26,1000,85,8,2020,202604~202804,N,N,1000.0,80.0,N,N
군자동,officetel,동원데쟈뷰,ORIGINAL,355-1,동일로 194,RENT,17.16,202603,24,1000,92,7,2020,202605~202805,Y,N,,,N,N
군자동,officetel,천호대로 530,ROAD_ADDR,473-1,천호대로 530,RENT,18.1,202603,21,2000,90,4,2019,202604~202704,Y,N,,,N,N
군자동,villa,능동로31길 28-12,ROAD_ADDR,474-13,능동로31길 28-12,RENT,15.75,202603,21,3000,40,3,2012,202604~202804,Y,N,,,Y,Y
군자동,officetel,천호대로 530,ROAD_ADDR,473-1,천호대로 530,RENT,16.68,202603,20,1000,90,14,2019,202605~202805,Y,N,,,N,N
군자동,officetel,스테이 더 디자이너스 군자,ORIGINAL,473-21,천호대로 538,RENT,16.94,202603,18,15750,23,3,2020,202603~202803,Y,N,,,N,N
군자동,officetel,동원데쟈뷰,ORIGINAL,355-1,동일로 194,RENT,17.16,202603,18,2000,80,10,2020,202603~202803,N,N,2000.0,76.0,N,N
군자동,officetel,디엠세븐세종,ORIGINAL,361-26,광나루로 381,RENT,15.69,202603,17,1000,100,13,2026,202603~202703,Y,N,,,N,N
군자동,officetel,스테이 더 디자이너스 군자,ORIGINAL,473-21,천호대로 538,RENT,16.94,202603,17,2000,95,14,2020,202603~202703,Y,N,,,N,N
군자동,officetel,디엠세븐세종,ORIGINAL,361-26,광나루로 381,RENT,14.37,202603,16,1000,100,12,2026,202603~202803,Y,N,,,N,N
군자동,villa,경원리더스홈,ORIGINAL,117-11,동일로52길 23,RENT,35.1,202603,16,12600,40,4,2014,202603~202803,N,N,20000.0,0.0,N,N
군자동,officetel,스테이 더 디자이너스 군자,ORIGINAL,473-21,천호대로 538,RENT,16.94,202603,14,5000,65,11,2020,202604~202704,N,N,5000.0,63.0,N,Y
군자동,officetel,스테이 더 디자이너스 군자,ORIGINAL,473-21,천호대로 538,RENT,16.94,202603,13,15500,30,14,2020,202604~202804,Y,N,,,N,N
군자동,officetel,스테이 더 디자이너스 군자,ORIGINAL,473-21,천호대로 538,RENT,16.94,202603,13,5000,65,3,2020,202605~202705,Y,N,,,N,Y
군자동,villa,DM7세종,ORIGINAL,361-26,광나루로 381,RENT,14.0,202603,13,2000,110,6,2026,202603~202703,Y,N,,,N,N
군자동,officetel,동원데쟈뷰,ORIGINAL,355-1,동일로 194,RENT,17.16,202603,11,19000,8,10,2020,202604~202804,Y,N,,,N,N
군자동,officetel,스테이 더 디자이너스 군자,ORIGINAL,473-21,천호대로 538,RENT,16.94,202603,11,15700,25,4,2020,202603~202802,N,N,16000.0,20.0,N,N
군자동,villa,시티하임A동,ORIGINAL,88-43,능동로25길 29,RENT,16.05,202603,11,24450,5,5,2020,202604~202804,N,Y,24450.0,0.0,N,N
군자동,villa,우송빌라,ORIGINAL,142-33,동일로54길 15-8,RENT,23.17,202603,11,2000,65,3,2012,202604~202804,Y,N,,,N,Y
군자동,villa,애드하우징,ORIGINAL,355-16,광나루로13길 5,RENT,24.97,202603,11,1000,110,6,2017,202604~202804,Y,N,,,N,N
군자동,officetel,천호대로 530,ROAD_ADDR,473-1,천호대로 530,RENT,18.08,202603,10,1000,95,13,2019,202603~202703,Y,N,,,N,N
군자동,villa,능동로29가길 24,ROAD_ADDR,200-1,능동로29가길 24,RENT,21.66,202603,09,1000,67,2,2002,202604~202804,Y,N,,,N,Y
군자동,villa,KS금성빌,ORIGINAL,297,능동로23길 15,RENT,12.92,202603,09,500,55,1,2012,202603~202803,Y,N,,,Y,Y
군자동,villa,하늘쉐르빌,ORIGINAL,367-10,군자로10길 31,RENT,34.79,202603,08,3000,100,2,2016,202603~202803,Y,N,,,N,N
군자동,officetel,디엠세븐세종,ORIGINAL,361-26,광나루로 381,RENT,15.69,202603,07,1000,100,12,2026,202603~202703,Y,N,,,N,N
군자동,officetel,동원데쟈뷰,ORIGINAL,355-1,동일로 194,RENT,17.16,202603,07,4000,70,8,2020,202603~202703,N,N,5000.0,70.0,N,Y
군자동,officetel,디엠세븐세종,ORIGINAL,361-26,광나루로 381,RENT,15.52,202603,06,500,105,11,2026,202603~202703,Y,N,,,N,N
군자동,officetel,디엠세븐세종,ORIGINAL,361-26,광나루로 381,RENT,15.52,202603,06,1000,100,10,2026,202603~202703,Y,N,,,N,N
군자동,villa,대명이튼캐슬,ORIGINAL,504,군자로10길 17,RENT,25.51,202603,06,1000,90,5,2019,202603~202803,Y,N,,,N,N
군자동,officetel,천호대로 530,ROAD_ADDR,473-1,천호대로 530,RENT,18.1,202603,05,1000,83,12,2019,202603~202703,Y,N,,,N,N
군자동,villa,DM7세종,ORIGINAL,361-26,광나루로 381,RENT,14.03,202603,04,1000,100,5,2026,202603~202703,Y,N,,,N,N
군자동,officetel,스테이 더 디자이너스 군자,ORIGINAL,473-21,천호대로 538,RENT,16.94,202603,03,2000,84,9,2020,202603~202703,Y,N,,,N,N
군자동,officetel,디엠세븐세종,ORIGINAL,361-26,광나루로 381,RENT,14.0,202603,03,2000,100,12,2026,202603~202703,Y,N,,,N,N
군자동,officetel,디엠세븐세종,ORIGINAL,361-26,광나루로 381,RENT,15.52,202603,03,1000,100,7,2026,202603~202703,Y,N,,,N,N
군자동,officetel,디엠세븐세종,ORIGINAL,361-26,광나루로 381,RENT,15.84,202603,02,1000,105,11,2026,202603~202703,Y,N,,,N,N
군자동,officetel,디엠세븐세종,ORIGINAL,361-26,광나루로 381,RENT,14.01,202603,01,1000,100,12,2026,202603~202702,Y,N,,,N,N
군자동,officetel,디엠세븐세종,ORIGINAL,361-26,광나루로 381,RENT,15.53,202603,01,1000,100,10,2026,202603~202702,Y,N,,,N,N
군자동,villa,DM7세종,ORIGINAL,361-26,광나루로 381,RENT,14.4,202603,01,10000,50,4,2026,202603~202802,Y,N,,,N,N
군자동,officetel,디엠세븐세종,ORIGINAL,361-26,광나루로 381,RENT,14.0,202602,28,1000,100,12,2026,202603~202702,Y,N,,,N,N
군자동,officetel,디엠세븐세종,ORIGINAL,361-26,광나루로 381,RENT,15.53,202602,28,1000,100,12,2026,202602~202702,Y,N,,,N,N
군자동,villa,한양에버빌,ORIGINAL,62-1,동일로56길 54-5,RENT,29.98,202602,28,28200,9,3,2019,202604~202804,Y,N,,,N,N
군자동,villa,동일로60길 54-7,ROAD_ADDR,469-19,동일로60길 54-7,RENT,25.45,202602,28,8800,4,5,2013,-,,N,,,N,N
군자동,villa,DM7세종,ORIGINAL,361-26,광나루로 381,RENT,14.03,202602,28,1000,100,6,2026,202602~202702,Y,N,,,N,N
군자동,villa,DM7세종,ORIGINAL,361-26,광나루로 381,RENT,14.0,202602,28,2000,100,5,2026,202602~202702,Y,N,,,N,N
군자동,villa,뫼비우스,ORIGINAL,91-1,동일로 294,RENT,27.03,202602,28,150,95,8,2019,202603~202612,Y,N,,,N,N
군자동,officetel,동원데쟈뷰,ORIGINAL,355-1,동일로 194,RENT,17.16,202602,27,15000,38,2,2020,202606~202806,N,Y,15000.0,35.0,N,N
군자동,villa,능동로23길 11-6,ROAD_ADDR,300,능동로23길 11-6,RENT,16.69,202602,27,12000,23,2,2012,202603~202803,N,N,12000.0,20.0,N,N
군자동,officetel,디엠세븐세종,ORIGINAL,361-26,광나루로 381,RENT,15.52,202602,26,1000,100,9,2026,202602~202702,Y,N,,,N,N
군자동,villa,풍국빌라,ORIGINAL,117-24,동일로52길 13,RENT,19.38,202602,26,1000,54,2,2010,202602~202802,Y,N,,,Y,Y
군자동,villa,KS금성빌,ORIGINAL,297,능동로23길 15,RENT,13.36,202602,26,500,57,2,2012,202602~202702,N,Y,1000.0,52.0,Y,Y
군자동,officetel,동원데쟈뷰,ORIGINAL,355-1,동일로 194,RENT,17.16,202602,25,16000,25,4,2020,202603~202803,Y,N,,,N,N
군자동,villa,군자레이나,ORIGINAL,27-19,능동로27가길 5,RENT,29.84,202602,25,1353,39,2,2024,202603~202805,Y,N,,,Y,Y
군자동,villa,군자레이나,ORIGINAL,27-19,능동로27가길 5,RENT,29.84,202602,25,3384,35,2,2024,202603~202805,Y,N,,,Y,Y
군자동,villa,군자레이나,ORIGINAL,27-19,능동로27가길 5,RENT,29.84,202602,25,5640,58,2,2024,202603~202805,Y,N,,,Y,Y
군자동,officetel,디엠세븐세종,ORIGINAL,361-26,광나루로 381,RENT,15.53,202602,24,1000,100,8,2026,202602~202702,Y,N,,,N,N
군자동,officetel,디엠세븐세종,ORIGINAL,361-26,광나루로 381,RENT,15.52,202602,24,1000,100,14,2026,202602~202702,Y,N,,,N,N
군자동,officetel,디엠세븐세종,ORIGINAL,361-26,광나루로 381,RENT,15.53,202602,24,1000,100,11,2026,202602~202702,Y,N,,,N,N
군자동,villa,군자레이나,ORIGINAL,27-19,능동로27가길 5,RENT,29.89,202602,24,8381,7,5,2024,202603~202805,Y,N,,,N,N
군자동,villa,군자레이나,ORIGINAL,27-19,능동로27가길 5,RENT,29.89,202602,24,3384,35,5,2024,202603~202805,Y,N,,,Y,Y
군자동,villa,군자레이나,ORIGINAL,27-19,능동로27가길 5,RENT,29.89,202602,24,8470,7,5,2024,202603~202805,Y,N,,,N,N
군자동,villa,군자레이나,ORIGINAL,27-19,능동로27가길 5,RENT,29.89,202602,24,3420,35,5,2024,202603~202805,Y,N,,,Y,Y
군자동,officetel,디엠세븐세종,ORIGINAL,361-26,광나루로 381,RENT,14.01,202602,23,1000,100,11,2026,202603~202703,Y,N,,,N,N
군자동,villa,능동로31길 28-12,ROAD_ADDR,474-13,능동로31길 28-12,RENT,17.16,202602,23,3000,80,4,2012,202604~202803,Y,N,,,N,N
군자동,officetel,디엠세븐세종,ORIGINAL,361-26,광나루로 381,RENT,15.84,202602,21,2000,100,13,2026,202602~202702,Y,N,,,N,N
군자동,officetel,디엠세븐세종,ORIGINAL,361-26,광나루로 381,RENT,15.53,202602,21,1000,100,7,2026,202603~202703,Y,N,,,N,N
군자동,officetel,동원데쟈뷰,ORIGINAL,355-1,동일로 194,RENT,17.16,202602,21,1000,90,9,2020,202604~202704,N,N,1000.0,90.0,N,N
군자동,officetel,스테이 더 디자이너스 군자,ORIGINAL,473-21,천호대로 538,RENT,16.94,202602,21,2000,81,10,2020,202603~202703,Y,N,,,N,N
군자동,officetel,천호대로 530,ROAD_ADDR,473-1,천호대로 530,RENT,18.08,202602,21,2000,95,10,2019,202602~202802,Y,N,,,N,N
군자동,officetel,천호대로 530,ROAD_ADDR,473-1,천호대로 530,RENT,18.1,202602,21,1000,100,14,2019,202604~202704,Y,N,,,N,N
군자동,officetel,천호대로 530,ROAD_ADDR,473-1,천호대로 530,RENT,18.08,202602,20,10000,63,14,2019,202602~202702,N,N,10000.0,60.0,N,N
군자동,officetel,디엠세븐세종,ORIGINAL,361-26,광나루로 381,RENT,15.53,202602,20,1000,100,9,2026,202602~202702,Y,N,,,N,N
군자동,villa,송정오피스텔,ORIGINAL,363-13,군자로 76,RENT,14.22,202602,20,1000,90,4,1984,202602~202802,Y,N,,,N,N
군자동,villa,송정오피스텔,ORIGINAL,363-13,군자로 76,RENT,12.96,202602,20,1000,85,3,1984,202602~202802,Y,N,,,N,N
군자동,villa,DM7세종,ORIGINAL,361-26,광나루로 381,RENT,14.02,202602,20,1000,100,3,2026,202602~202702,Y,N,,,N,N
군자동,villa,송정오피스텔,ORIGINAL,363-13,군자로 76,RENT,12.96,202602,19,1000,90,3,1984,202602~202802,Y,N,,,N,N
군자동,villa,더빌(THEVIL),ORIGINAL,93-51,천호대로104가길 13,RENT,37.62,202602,19,7000,75,3,2008,202604~202803,N,Y,7000.0,72.0,N,N
군자동,villa,송정오피스텔,ORIGINAL,363-13,군자로 76,RENT,16.2,202602,14,3000,180,4,1984,202602~202802,Y,N,,,N,N
군자동,villa,더지안빌,ORIGINAL,357-6,광나루로15길 15,RENT,19.73,202602,13,3700,37,4,2020,202602~202802,Y,N,,,Y,Y
군자동,villa,DM7세종,ORIGINAL,361-26,광나루로 381,RENT,14.02,202602,12,1000,100,4,2026,202602~202702,Y,N,,,N,N
군자동,villa,대명이튼캐슬,ORIGINAL,504,군자로10길 17,RENT,24.06,202602,11,24150,20,2,2019,202604~202804,Y,N,,,N,N
군자동,villa,송정오피스텔,ORIGINAL,363-13,군자로 76,RENT,28.44,202602,10,22000,20,3,1984,202603~202803,Y,N,,,N,N
군자동,villa,능동로31길 28-12,ROAD_ADDR,474-13,능동로31길 28-12,RENT,17.16,202602,10,3000,80,4,2012,202603~202803,Y,N,,,N,N
군자동,villa,대명이튼캐슬,ORIGINAL,504,군자로10길 17,RENT,25.24,202602,10,24300,26,5,2019,202603~202803,N,N,24300.0,20.0,N,N
군자동,villa,송정오피스텔,ORIGINAL,363-13,군자로 76,RENT,28.44,202602,10,22000,20,3,1984,202603~202803,Y,N,,,N,N
군자동,villa,능동로23길 11-6,ROAD_ADDR,300,능동로23길 11-6,RENT,15.21,202602,09,11700,26,3,2012,202602~202802,N,N,11700.0,23.0,N,N
군자동,villa,DM7세종,ORIGINAL,361-26,광나루로 381,RENT,14.02,202602,09,1000,100,5,2026,202602~202802,Y,N,,,N,N
군자동,villa,능동로23길 11-6,ROAD_ADDR,300,능동로23길 11-6,RENT,15.21,202602,09,12000,8,1,2012,202603~202802,Y,N,,,N,N
군자동,villa,능동로23길 11-6,ROAD_ADDR,300,능동로23길 11-6,RENT,15.21,202602,07,1000,66,2,2012,202602~202802,Y,N,,,N,Y
군자동,villa,J하우스,ORIGINAL,48-19,동일로56길 61,RENT,12.97,202602,07,1000,57,4,2012,202603~202702,Y,N,,,Y,Y
군자동,villa,군자로15길 37,ROAD_ADDR,145-3,군자로15길 37,RENT,13.17,202602,06,1500,65,4,2012,202602~202802,Y,N,,,N,Y
군자동,villa,해늘빌,ORIGINAL,45-31,군자로 160-6,RENT,24.87,202602,05,10000,33,2,2012,202603~202803,Y,N,,,N,N
군자동,officetel,동원데쟈뷰,ORIGINAL,355-1,동일로 194,RENT,17.16,202602,03,17000,23,5,2020,202603~202803,Y,N,,,N,N
군자동,villa,풍국빌라,ORIGINAL,117-24,동일로52길 13,RENT,26.54,202602,03,5000,38,4,2010,202602~202802,Y,N,,,Y,Y
군자동,villa,천호대로104나길 15-6,ROAD_ADDR,26-2,천호대로104나길 15-6,RENT,36.94,202602,02,23000,9,2,2014,202603~202803,Y,N,,,N,N
군자동,villa,더지안빌,ORIGINAL,357-6,광나루로15길 15,RENT,19.73,202602,02,3000,48,4,2020,202603~202803,N,N,3000.0,45.0,Y,Y
군자동,villa,천호대로104나길 15-6,ROAD_ADDR,26-2,천호대로104나길 15-6,RENT,36.94,202602,02,23000,9,2,2014,202603~202803,Y,N,,,N,N
군자동,villa,KS금성빌,ORIGINAL,297,능동로23길 15,RENT,13.26,202602,01,500,55,2,2012,202602~202801,Y,N,,,Y,Y
군자동,officetel,스테이 더 디자이너스 군자,ORIGINAL,473-21,천호대로 538,RENT,16.94,202601,31,1000,100,9,2020,202602~202702,Y,N,,,N,N
군자동,villa,영서주택A동,ORIGINAL,62-12,동일로56길 60-10,RENT,34.07,202601,31,13000,40,1,1986,202602~202802,Y,N,,,N,N
군자동,officetel,천호대로 530,ROAD_ADDR,473-1,천호대로 530,RENT,18.1,202601,30,1000,92,16,2019,202603~202703,N,N,1000.0,87.0,N,N
군자동,officetel,천호대로 530,ROAD_ADDR,473-1,천호대로 530,RENT,18.1,202601,30,1000,92,16,2019,202603~202703,N,N,1000.0,87.0,N,N
군자동,villa,영서주택C동,ORIGINAL,62-11,면목로1길 16-1,RENT,34.67,202601,29,14000,20,1,1986,202601~202801,N,N,14000.0,10.0,N,N
군자동,villa,J하우스,ORIGINAL,48-19,동일로56길 61,RENT,15.05,202601,29,3000,46,3,2012,202603~202802,Y,N,,,Y,Y
군자동,villa,동일로56길 60-6,ROAD_ADDR,60-65,동일로56길 60-6,RENT,38.74,202601,29,10000,28,3,2004,202602~202802,N,N,10000.0,25.0,N,N
군자동,officetel,군자로 184,ROAD_ADDR,478-3,군자로 184,RENT,26.85,202601,28,1000,100,8,2020,202603~202703,Y,N,,,N,N
군자동,officetel,천호대로 530,ROAD_ADDR,473-1,천호대로 530,RENT,18.08,202601,26,1000,83,8,2019,202603~202703,Y,N,,,N,N
군자동,officetel,스테이 더 디자이너스 군자,ORIGINAL,473-21,천호대로 538,RENT,16.94,202601,24,2000,95,13,2020,202602~202702,Y,N,,,N,N
군자동,villa,대명이튼캐슬,ORIGINAL,504,군자로10길 17,RENT,27.52,202601,24,4000,100,2,2019,202602~202802,Y,N,,,N,N
군자동,villa,동일로56길 52,ROAD_ADDR,60-71,동일로56길 52,RENT,19.92,202601,24,10000,45,4,2017,202601~202801,Y,N,,,N,N
군자동,villa,미래하이츠,ORIGINAL,464-5,동일로 300,RENT,28.03,202601,23,100,38,3,2024,202601~202803,Y,N,,,Y,Y
군자동,officetel,천호대로 530,ROAD_ADDR,473-1,천호대로 530,RENT,18.1,202601,21,1000,85,11,2019,202602~202702,N,N,1000.0,73.0,N,N
군자동,officetel,천호대로 530,ROAD_ADDR,473-1,천호대로 530,RENT,18.1,202601,21,18000,10,15,2019,202602~202702,N,N,18570.0,0.0,N,N
군자동,officetel,천호대로 530,ROAD_ADDR,473-1,천호대로 530,RENT,16.68,202601,20,1000,88,10,2019,202602~202702,N,N,1000.0,85.0,N,N
군자동,officetel,천호대로 530,ROAD_ADDR,473-1,천호대로 530,RENT,18.2,202601,17,2000,90,10,2019,202602~202702,Y,N,,,N,N
군자동,villa,대명이튼캐슬,ORIGINAL,504,군자로10길 17,RENT,24.06,202601,17,24300,16,4,2019,202603~202803,Y,N,,,N,N
군자동,villa,미성아트빌,ORIGINAL,465-13,천호대로102길 27,RENT,33.41,202601,16,20000,30,2,2008,202603~202803,Y,N,,,N,N
군자동,officetel,천호대로 530,ROAD_ADDR,473-1,천호대로 530,RENT,18.2,202601,15,1000,90,8,2019,202602~202702,N,N,1000.0,90.0,N,N
군자동,officetel,스테이 더 디자이너스 군자,ORIGINAL,473-21,천호대로 538,RENT,16.94,202601,15,2000,100,17,2020,202602~202802,Y,N,,,N,N
군자동,villa,능동로31길 28-12,ROAD_ADDR,474-13,능동로31길 28-12,RENT,18.76,202601,15,1000,60,2,2012,202602~202802,Y,N,,,Y,Y
군자동,villa,경원하우스,ORIGINAL,2-46,능동로 267-5,RENT,15.42,202601,15,1000,55,2,2018,202602~202802,Y,N,,,Y,Y
군자동,officetel,천호대로 530,ROAD_ADDR,473-1,천호대로 530,RENT,18.2,202601,14,1000,90,3,2019,202602~202702,Y,N,,,N,N
군자동,villa,대명이튼캐슬,ORIGINAL,504,군자로10길 17,RENT,27.14,202601,14,24427,25,6,2019,202602~202802,N,N,26200.0,13.0,N,N
군자동,officetel,천호대로 530,ROAD_ADDR,473-1,천호대로 530,RENT,18.13,202601,13,17000,29,8,2019,202602~202802,N,N,17000.0,25.0,N,N
군자동,officetel,천호대로 530,ROAD_ADDR,473-1,천호대로 530,RENT,16.68,202601,13,16700,11,7,2019,202601~202701,N,Y,17100.0,9.0,N,N
군자동,villa,THEOPERA,ORIGINAL,6-1,면목로5길 30-33,RENT,29.99,202601,13,5000,100,4,2025,202602~202802,Y,N,,,N,N
군자동,villa,더지안빌,ORIGINAL,357-6,광나루로15길 15,RENT,29.53,202601,13,1000,63,3,2020,202602~202702,N,N,1000.0,60.0,N,Y
군자동,villa,미성아트빌,ORIGINAL,465-13,천호대로102길 27,RENT,33.41,202601,13,19000,30,3,2008,202602~202802,Y,N,,,N,N
군자동,officetel,천호대로 530,ROAD_ADDR,473-1,천호대로 530,RENT,18.08,202601,12,2000,95,15,2019,202601~202801,Y,N,,,N,N
군자동,officetel,스테이 더 디자이너스 군자,ORIGINAL,473-21,천호대로 538,RENT,16.94,202601,12,13000,35,5,2020,202602~202802,Y,N,,,N,N
군자동,officetel,동원데쟈뷰,ORIGINAL,355-1,동일로 194,RENT,17.16,202601,11,2000,83,10,2020,202602~202702,Y,N,,,N,N
군자동,officetel,천호대로 530,ROAD_ADDR,473-1,천호대로 530,RENT,18.1,202601,10,1000,76,15,2019,202602~202702,Y,N,,,N,N
군자동,villa,유진파크뷰,ORIGINAL,116-3,동일로50길 39,RENT,29.86,202601,10,23000,4,2,2017,202602~202702,N,N,23000.0,0.0,N,N
군자동,villa,능동로23길 11-6,ROAD_ADDR,300,능동로23길 11-6,RENT,16.69,202601,08,1000,60,3,2012,202601~202801,Y,N,,,Y,Y
군자동,villa,능동로23길 11-6,ROAD_ADDR,300,능동로23길 11-6,RENT,16.69,202601,08,1000,61,3,2012,202601~202801,Y,N,,,N,Y
군자동,officetel,천호대로 530,ROAD_ADDR,473-1,천호대로 530,RENT,18.08,202601,07,3000,80,4,2019,202602~202802,Y,N,,,N,N
군자동,officetel,천호대로 530,ROAD_ADDR,473-1,천호대로 530,RENT,18.1,202601,06,18000,20,6,2019,202602~202802,N,N,19000.0,15.0,N,N
군자동,officetel,천호대로 530,ROAD_ADDR,473-1,천호대로 530,RENT,18.1,202601,06,1000,90,5,2019,202601~202701,Y,N,,,N,N
군자동,villa,레이나A,ORIGINAL,278,능동로23길 11-14,RENT,34.42,202601,06,0,90,5,2016,202601~202701,Y,N,,,N,N
군자동,villa,조은빌딩,ORIGINAL,477-8,능동로31길 8-3,RENT,12.56,202601,06,1000,58,8,2013,202602~202802,Y,N,,,Y,Y
군자동,officetel,천호대로 530,ROAD_ADDR,473-1,천호대로 530,RENT,18.08,202601,05,1000,105,16,2019,202601~202701,Y,N,,,N,N
군자동,villa,광나루로15길 27,ROAD_ADDR,352-7,광나루로15길 27,RENT,23.69,202601,05,9500,6,2,2002,202602~202802,Y,N,,,N,N
군자동,villa,조은빌딩,ORIGINAL,477-8,능동로31길 8-3,RENT,15.79,202601,05,1000,58,6,2013,202601~202801,Y,N,,,Y,Y
군자동,villa,조은빌딩,ORIGINAL,477-8,능동로31길 8-3,RENT,13.16,202601,02,1000,58,8,2013,202602~202802,Y,N,,,Y,Y
군자동,villa,경일리치빌,ORIGINAL,117-52,동일로50길 19,RENT,29.98,202512,29,3000,90,3,2013,202602~202802,Y,N,,,N,N
군자동,villa,미래하우스,ORIGINAL,71-9,능동로27나길 17,RENT,15.39,202512,29,1000,65,5,2019,202601~202801,Y,N,,,N,Y
군자동,officetel,천호대로 530,ROAD_ADDR,473-1,천호대로 530,RENT,18.13,202512,27,1000,91,8,2019,202602~202802,N,N,1000.0,87.0,N,N
군자동,officetel,천호대로 530,ROAD_ADDR,473-1,천호대로 530,RENT,18.1,202512,27,1000,86,12,2019,202602~202702,Y,N,,,N,N
군자동,villa,풍국빌라,ORIGINAL,117-24,동일로52길 13,RENT,26.96,202512,27,5000,43,3,2010,202602~202802,Y,N,,,Y,Y
군자동,officetel,미래하이츠,ORIGINAL,464-5,동일로 300,RENT,25.81,202512,24,100,38,7,2024,202512~202803,Y,N,,,Y,Y
군자동,officetel,미래하이츠,ORIGINAL,464-5,동일로 300,RENT,25.45,202512,24,100,37,6,2024,202512~202803,Y,N,,,Y,Y
군자동,officetel,미래하이츠,ORIGINAL,464-5,동일로 300,RENT,25.45,202512,24,100,37,6,2024,202512~202803,Y,N,,,Y,Y
군자동,villa,미래하이츠,ORIGINAL,464-5,동일로 300,RENT,28.03,202512,24,100,39,4,2024,202512~202803,Y,N,,,Y,Y
군자동,villa,미래하이츠,ORIGINAL,464-5,동일로 300,RENT,27.58,202512,24,100,36,2,2024,202512~202803,Y,N,,,Y,Y
군자동,villa,미래하이츠,ORIGINAL,464-5,동일로 300,RENT,27.58,202512,24,100,37,3,2024,202512~202803,Y,N,,,Y,Y
군자동,villa,미래하이츠,ORIGINAL,464-5,동일로 300,RENT,27.58,202512,24,100,37,3,2024,202512~202803,Y,N,,,Y,Y
군자동,villa,미래하이츠,ORIGINAL,464-5,동일로 300,RENT,28.03,202512,24,100,37,2,2024,202512~202803,Y,N,,,Y,Y
군자동,villa,미래하이츠,ORIGINAL,464-5,동일로 300,RENT,27.58,202512,24,100,38,4,2024,202512~202803,Y,N,,,Y,Y
군자동,villa,미래하이츠,ORIGINAL,464-5,동일로 300,RENT,27.58,202512,24,100,38,4,2024,202512~202803,Y,N,,,Y,Y
군자동,villa,미래하이츠,ORIGINAL,464-5,동일로 300,RENT,27.58,202512,24,100,37,2,2024,202512~202803,Y,N,,,Y,Y
군자동,villa,경원하우스,ORIGINAL,2-46,능동로 267-5,RENT,15.42,202512,24,1000,52,3,2018,202601~202801,Y,N,,,Y,Y
군자동,villa,미래하이츠,ORIGINAL,464-5,동일로 300,RENT,27.58,202512,24,100,38,5,2024,202512~202803,Y,N,,,Y,Y
군자동,officetel,천호대로 530,ROAD_ADDR,473-1,천호대로 530,RENT,18.2,202512,23,500,93,15,2019,202602~202702,N,N,500.0,90.0,N,N
군자동,officetel,천호대로 530,ROAD_ADDR,473-1,천호대로 530,RENT,18.1,202512,22,2000,78,10,2019,202601~202701,N,N,2000.0,74.0,N,N
군자동,officetel,천호대로 530,ROAD_ADDR,473-1,천호대로 530,RENT,18.1,202512,22,1000,83,11,2019,202512~202612,N,N,1000.0,79.0,N,N
군자동,officetel,스테이 더 디자이너스 군자,ORIGINAL,473-21,천호대로 538,RENT,17.33,202512,22,17000,15,10,2020,202602~202802,Y,N,,,N,N
군자동,officetel,천호대로 530,ROAD_ADDR,473-1,천호대로 530,RENT,18.2,202512,20,1000,90,7,2019,202601~202701,Y,N,,,N,N
군자동,officetel,천호대로 530,ROAD_ADDR,473-1,천호대로 530,RENT,18.08,202512,20,1000,100,17,2019,202602~202802,Y,N,,,N,N
군자동,officetel,스테이 더 디자이너스 군자,ORIGINAL,473-21,천호대로 538,RENT,16.94,202512,19,10000,59,14,2020,202602~202802,Y,N,,,N,N
군자동,villa,더지안빌,ORIGINAL,357-6,광나루로15길 15,RENT,19.73,202512,19,500,62,4,2020,202512~202611,N,N,500.0,60.0,N,Y
군자동,villa,조은빌딩,ORIGINAL,477-8,능동로31길 8-3,RENT,13.16,202512,18,1000,58,6,2013,202602~202802,Y,N,,,Y,Y
군자동,officetel,천호대로 530,ROAD_ADDR,473-1,천호대로 530,RENT,18.2,202512,17,18000,20,13,2019,202602~202802,Y,N,,,N,N
군자동,officetel,천호대로 530,ROAD_ADDR,473-1,천호대로 530,RENT,18.08,202512,17,1000,105,16,2019,202512~202612,Y,N,,,N,N
군자동,officetel,동원데쟈뷰,ORIGINAL,355-1,동일로 194,RENT,17.16,202512,16,15000,30,3,2020,202602~202802,Y,N,,,N,N
군자동,officetel,천호대로 530,ROAD_ADDR,473-1,천호대로 530,RENT,18.2,202512,15,1000,90,14,2019,202512~202712,Y,N,,,N,N
군자동,officetel,동원데쟈뷰,ORIGINAL,355-1,동일로 194,RENT,17.16,202512,15,1000,89,7,2020,202602~202702,Y,N,,,N,N
군자동,villa,홀가하우스,ORIGINAL,464-4,동일로 302,RENT,24.34,202512,15,10000,100,4,2016,202602~202802,Y,N,,,N,N
군자동,officetel,천호대로 530,ROAD_ADDR,473-1,천호대로 530,RENT,18.2,202512,13,18000,18,11,2019,202602~202802,Y,N,,,N,N
군자동,officetel,천호대로 530,ROAD_ADDR,473-1,천호대로 530,RENT,18.13,202512,13,3000,80,6,2019,202512~202612,Y,N,,,N,N
군자동,officetel,천호대로 530,ROAD_ADDR,473-1,천호대로 530,RENT,18.1,202512,13,5500,65,11,2019,202601~202701,Y,N,,,N,Y
군자동,villa,조은빌딩,ORIGINAL,477-8,능동로31길 8-3,RENT,12.56,202512,13,1000,58,6,2013,202601~202801,Y,N,,,Y,Y
군자동,villa,클라인하우제,ORIGINAL,36,면목로5길 23,RENT,15.76,202512,11,2000,47,2,2013,202602~202802,N,Y,2000.0,43.0,Y,Y
군자동,villa,송정오피스텔,ORIGINAL,363-13,군자로 76,RENT,28.44,202512,11,22000,20,3,1984,202601~202801,Y,N,,,N,N
군자동,officetel,천호대로 530,ROAD_ADDR,473-1,천호대로 530,RENT,18.08,202512,09,10000,59,10,2019,202601~202701,N,N,10000.0,55.0,N,N
군자동,villa,미성아트빌,ORIGINAL,465-13,천호대로102길 27,RENT,33.41,202512,09,19000,30,3,2008,202602~202802,Y,N,,,N,N
군자동,villa,미성아트빌,ORIGINAL,465-13,천호대로102길 27,RENT,33.41,202512,09,19000,30,3,2008,202602~202802,Y,N,,,N,N
군자동,villa,미래하이츠,ORIGINAL,464-5,동일로 300,RENT,29.84,202512,09,100,42,4,2024,202512~202803,Y,N,,,Y,Y
군자동,villa,미래하이츠,ORIGINAL,464-5,동일로 300,RENT,29.84,202512,09,100,42,3,2024,202512~202803,Y,N,,,Y,Y
군자동,villa,조은빌딩,ORIGINAL,477-8,능동로31길 8-3,RENT,15.79,202512,09,1000,60,7,2013,202602~202801,Y,N,,,Y,Y
군자동,officetel,스테이 더 디자이너스 군자,ORIGINAL,473-21,천호대로 538,RENT,16.94,202512,08,1000,95,16,2020,202601~202801,Y,N,,,N,N
군자동,officetel,천호대로 530,ROAD_ADDR,473-1,천호대로 530,RENT,18.08,202512,08,1000,86,6,2019,202601~202701,Y,N,,,N,N
군자동,officetel,미래하이츠,ORIGINAL,464-5,동일로 300,RENT,25.45,202512,06,100,37,7,2024,202512~202803,Y,N,,,Y,Y
군자동,officetel,천호대로 530,ROAD_ADDR,473-1,천호대로 530,RENT,16.68,202512,06,1000,85,12,2019,202601~202801,N,N,1000.0,66.0,N,N
군자동,officetel,스테이 더 디자이너스 군자,ORIGINAL,473-21,천호대로 538,RENT,16.94,202512,06,10000,41,3,2020,202601~202801,Y,N,,,N,N
군자동,officetel,스테이 더 디자이너스 군자,ORIGINAL,473-21,천호대로 538,RENT,16.94,202512,06,3000,76,13,2020,202601~202701,Y,N,,,N,N
군자동,villa,M캐슬봄,ORIGINAL,27-20,능동로25길 10-8,RENT,29.98,202512,06,27000,10,3,2016,202601~202801,N,Y,27000.0,0.0,N,N
군자동,villa,조은빌딩,ORIGINAL,477-8,능동로31길 8-3,RENT,12.56,202512,06,1000,58,5,2013,202512~202712,Y,N,,,Y,Y
군자동,villa,광나루로15길 27,ROAD_ADDR,352-7,광나루로15길 27,RENT,22.0,202512,05,8790,4,2,2002,202601~202801,Y,N,,,N,N
군자동,officetel,천호대로 530,ROAD_ADDR,473-1,천호대로 530,RENT,18.1,202512,04,18000,15,10,2019,202601~202801,Y,N,,,N,N
군자동,officetel,천호대로 530,ROAD_ADDR,473-1,천호대로 530,RENT,18.1,202512,03,5000,70,5,2019,202512~202612,Y,N,,,N,Y
군자동,officetel,천호대로 530,ROAD_ADDR,473-1,천호대로 530,RENT,16.68,202512,02,1000,90,15,2019,202512~202702,Y,N,,,N,N
군자동,officetel,스테이 더 디자이너스 군자,ORIGINAL,473-21,천호대로 538,RENT,16.94,202512,02,1000,80,8,2020,202512~202712,N,N,1000.0,70.0,N,N
군자동,villa,송정오피스텔,ORIGINAL,363-13,군자로 76,RENT,28.44,202512,01,3000,130,3,1984,202512~202712,Y,N,,,N,N
군자동,villa,광나루로15길 18,ROAD_ADDR,358-5,광나루로15길 18,RENT,33.0,202511,30,13500,27,4,2002,202512~202712,N,N,11900.0,30.0,N,N
군자동,officetel,동원데쟈뷰,ORIGINAL,355-1,동일로 194,RENT,17.16,202511,29,16000,22,7,2020,202601~202801,Y,N,,,N,N
군자동,villa,윤스빌,ORIGINAL,49-2,면목로 24-1,RENT,17.24,202511,29,2000,45,1,2011,202601~202801,Y,N,,,Y,Y
군자동,villa,미성아트빌,ORIGINAL,465-13,천호대로102길 27,RENT,29.1,202511,29,2000,90,4,2008,202512~202712,Y,N,,,N,N
군자동,officetel,동원데쟈뷰,ORIGINAL,355-1,동일로 194,RENT,17.16,202511,27,19600,3,5,2020,202512~202712,N,N,19600.0,0.0,N,N
군자동,officetel,스테이 더 디자이너스 군자,ORIGINAL,473-21,천호대로 538,RENT,16.94,202511,25,2000,88,16,2020,202512~202612,Y,N,,,N,N
군자동,officetel,천호대로 530,ROAD_ADDR,473-1,천호대로 530,RENT,18.1,202511,24,1000,93,11,2019,202601~202801,Y,N,,,N,N
군자동,officetel,천호대로 530,ROAD_ADDR,473-1,천호대로 530,RENT,18.13,202511,22,2000,90,10,2019,202512~202712,Y,N,,,N,N
군자동,villa,무지개빌라(B),ORIGINAL,117-21,동일로52길 15-10,RENT,36.93,202511,22,1000,90,1,1993,202511~202711,Y,N,,,N,N
군자동,officetel,동원데쟈뷰,ORIGINAL,355-1,동일로 194,RENT,17.16,202511,21,1000,90,2,2020,202512~202712,Y,N,,,N,N
군자동,officetel,스테이 더 디자이너스 군자,ORIGINAL,473-21,천호대로 538,RENT,16.94,202511,19,1000,90,10,2020,202512~202712,Y,N,,,N,N
군자동,officetel,천호대로 530,ROAD_ADDR,473-1,천호대로 530,RENT,18.08,202511,19,1000,85,3,2019,202601~202801,Y,N,,,N,N
군자동,officetel,천호대로 530,ROAD_ADDR,473-1,천호대로 530,RENT,18.08,202511,17,2000,85,7,2019,202511~202711,Y,N,,,N,N
군자동,officetel,천호대로 530,ROAD_ADDR,473-1,천호대로 530,RENT,18.08,202511,15,18000,20,12,2019,202512~202712,Y,N,,,N,N
군자동,villa,로마네스크5,ORIGINAL,93-8,동일로58길 28,RENT,22.89,202511,15,13000,20,4,2009,202512~202712,N,N,3000.0,53.0,N,N
군자동,villa,유안3차,ORIGINAL,130-39,동일로48길 16,RENT,29.08,202511,14,5000,80,5,2017,202511~202711,Y,N,,,N,N
군자동,villa,시티하임B동,ORIGINAL,88-37,능동로25길 31,RENT,24.94,202511,14,27200,24,2,2021,202511~202611,Y,N,,,N,N
군자동,officetel,천호대로 530,ROAD_ADDR,473-1,천호대로 530,RENT,18.13,202511,13,18000,20,7,2019,202601~202801,Y,N,,,N,N
군자동,villa,동일로56다길 20,ROAD_ADDR,40-1,동일로56다길 20,RENT,38.31,202511,12,24400,10,3,2013,202512~202801,Y,N,,,N,N
군자동,villa,천호대로104나길 15-6,ROAD_ADDR,26-2,천호대로104나길 15-6,RENT,20.95,202511,12,1000,61,2,2014,202512~202712,Y,N,,,N,Y
군자동,officetel,동원데쟈뷰,ORIGINAL,355-1,동일로 194,RENT,17.16,202511,11,1000,90,10,2020,202511~202611,Y,N,,,N,N
군자동,villa,광나루로15길 18,ROAD_ADDR,358-5,광나루로15길 18,RENT,20.93,202511,11,8000,35,3,2002,202511~202711,Y,N,,,Y,N
군자동,officetel,스테이 더 디자이너스 군자,ORIGINAL,473-21,천호대로 538,RENT,17.25,202511,10,1000,94,14,2020,202512~202612,Y,N,,,N,N
군자동,villa,로마네스크5,ORIGINAL,93-8,동일로58길 28,RENT,36.23,202511,09,18190,12,4,2009,202511~202711,N,N,18190.0,8.0,N,N
군자동,officetel,천호대로 530,ROAD_ADDR,473-1,천호대로 530,RENT,18.08,202511,08,18000,5,4,2019,202512~202712,Y,N,,,N,N
군자동,officetel,천호대로 530,ROAD_ADDR,473-1,천호대로 530,RENT,18.08,202511,08,18000,25,16,2019,202511~202711,Y,N,,,N,N
군자동,officetel,천호대로 530,ROAD_ADDR,473-1,천호대로 530,RENT,18.2,202511,07,18000,20,8,2019,202601~202801,Y,N,,,N,N
군자동,villa,더지안빌,ORIGINAL,357-6,광나루로15길 15,RENT,29.97,202511,07,1000,65,5,2020,202512~202712,Y,N,,,N,Y
군자동,officetel,동원데쟈뷰,ORIGINAL,355-1,동일로 194,RENT,17.16,202511,06,1000,84,9,2020,202511~202611,Y,N,,,N,N
군자동,villa,군자로10길 25,ROAD_ADDR,362-16,군자로10길 25,RENT,27.38,202511,06,8000,40,2,2018,202602~202802,Y,N,,,Y,N
군자동,officetel,스테이 더 디자이너스 군자,ORIGINAL,473-21,천호대로 538,RENT,16.94,202511,05,2000,85,4,2020,202512~202712,N,N,2000.0,85.0,N,N
군자동,officetel,뫼비우스,ORIGINAL,91-1,동일로 294,RENT,37.4,202511,04,3000,100,3,2019,202512~202712,Y,N,,,N,N
군자동,villa,능동로29가길 24,ROAD_ADDR,200-1,능동로29가길 24,RENT,21.66,202511,04,1000,65,4,2002,202511~202711,Y,N,,,N,Y
군자동,officetel,천호대로 530,ROAD_ADDR,473-1,천호대로 530,RENT,16.68,202511,03,1000,90,14,2019,202512~202712,N,N,1000.0,85.0,N,N
군자동,officetel,스테이 더 디자이너스 군자,ORIGINAL,473-21,천호대로 538,RENT,16.94,202511,03,15000,32,14,2020,202511~202611,Y,N,,,N,N
군자동,villa,군자로15길 40,ROAD_ADDR,60-53,군자로15길 40,RENT,35.3,202511,03,6000,46,2,2012,202511~202711,N,Y,6000.0,40.0,Y,Y
군자동,officetel,천호대로 530,ROAD_ADDR,473-1,천호대로 530,RENT,18.1,202511,02,18000,30,17,2019,202512~202712,Y,N,,,N,N
군자동,officetel,스테이 더 디자이너스 군자,ORIGINAL,473-21,천호대로 538,RENT,16.94,202511,01,15600,30,13,2020,202511~202711,Y,N,,,N,N
군자동,officetel,천호대로 530,ROAD_ADDR,473-1,천호대로 530,RENT,18.2,202511,01,10000,52,4,2019,202511~202711,Y,N,,,N,N
군자동,officetel,동원데쟈뷰,ORIGINAL,355-1,동일로 194,RENT,17.16,202511,01,19000,5,4,2020,202512~202712,Y,N,,,N,N
군자동,officetel,스테이 더 디자이너스 군자,ORIGINAL,473-21,천호대로 538,RENT,16.94,202511,01,15600,25,8,2020,202512~202712,Y,N,,,N,N
군자동,officetel,스테이 더 디자이너스 군자,ORIGINAL,473-21,천호대로 538,RENT,16.94,202511,01,15600,32,12,2020,202511~202709,Y,N,,,N,N
군자동,villa,군자로15길 40,ROAD_ADDR,60-53,군자로15길 40,RENT,32.3,202511,01,14560,3,2,2012,202512~202710,Y,N,,,N,N
군자동,villa,유진파크뷰,ORIGINAL,116-3,동일로50길 39,RENT,16.01,202511,01,5000,55,4,2017,202601~202801,Y,N,,,Y,Y
군자동,officetel,천호대로 530,ROAD_ADDR,473-1,천호대로 530,RENT,18.2,202510,30,18000,9,15,2019,202512~202712,N,N,19350.0,0.0,N,N
군자동,officetel,천호대로 530,ROAD_ADDR,473-1,천호대로 530,RENT,18.13,202510,29,2000,95,10,2019,202511~202611,Y,N,,,N,N
군자동,villa,유안3차,ORIGINAL,130-39,동일로48길 16,RENT,28.02,202510,29,4000,80,2,2017,202511~202711,Y,N,,,N,N
군자동,officetel,스테이 더 디자이너스 군자,ORIGINAL,473-21,천호대로 538,RENT,16.94,202510,27,1000,85,7,2020,202512~202612,Y,N,,,N,N
군자동,villa,송정오피스텔,ORIGINAL,363-13,군자로 76,RENT,12.96,202510,27,1000,85,4,1984,202511~202711,Y,N,,,N,N
군자동,officetel,천호대로 530,ROAD_ADDR,473-1,천호대로 530,RENT,18.13,202510,25,18000,4,5,2019,202511~202711,N,N,18300.0,0.0,N,N
군자동,villa,애드하우징,ORIGINAL,355-16,광나루로13길 5,RENT,28.32,202510,25,24000,7,5,2017,202510~202710,N,N,24000.0,3.0,N,N
군자동,officetel,천호대로 530,ROAD_ADDR,473-1,천호대로 530,RENT,18.13,202510,24,5500,65,7,2019,202512~202612,Y,N,,,N,Y
군자동,officetel,스테이 더 디자이너스 군자,ORIGINAL,473-21,천호대로 538,RENT,16.94,202510,23,2000,83,4,2020,202511~202711,Y,N,,,N,N
군자동,villa,아스하임,ORIGINAL,361-21,광나루로17길 13-3,RENT,27.25,202510,23,5000,130,7,2022,202510~202710,Y,N,,,N,N
군자동,officetel,천호대로 530,ROAD_ADDR,473-1,천호대로 530,RENT,18.13,202510,22,19000,10,12,2019,202511~202711,N,N,19000.0,10.0,N,N
군자동,officetel,스테이 더 디자이너스 군자,ORIGINAL,473-21,천호대로 538,RENT,16.94,202510,21,1000,90,5,2020,202510~202710,Y,N,,,N,N
군자동,officetel,동원데쟈뷰,ORIGINAL,355-1,동일로 194,RENT,17.16,202510,20,2000,90,5,2020,202510~202610,Y,N,,,N,N
군자동,villa,천호대로104길 37,ROAD_ADDR,469-7,천호대로104길 37,RENT,28.46,202510,20,17900,10,3,2017,202511~202711,N,N,17900.0,6.0,N,N
군자동,villa,군자로10길 25,ROAD_ADDR,362-16,군자로10길 25,RENT,27.16,202510,16,1000,87,2,2018,202511~202711,Y,N,,,N,N
군자동,villa,미래하우스,ORIGINAL,71-9,능동로27나길 17,RENT,15.39,202510,16,1000,55,5,2019,202511~202711,Y,N,,,Y,Y
군자동,villa,클라인하우제,ORIGINAL,36,면목로5길 23,RENT,16.54,202510,15,2000,44,2,2013,202510~202710,Y,N,,,Y,Y
군자동,officetel,천호대로 530,ROAD_ADDR,473-1,천호대로 530,RENT,18.1,202510,14,3000,83,8,2019,202512~202612,N,Y,3000.0,75.0,N,N
군자동,officetel,천호대로 530,ROAD_ADDR,473-1,천호대로 530,RENT,18.1,202510,13,18000,15,9,2019,202511~202711,N,N,19000.0,10.0,N,N
군자동,villa,광나루로15길 18,ROAD_ADDR,358-5,광나루로15길 18,RENT,35.93,202510,13,14800,33,2,2002,202512~202712,Y,N,,,N,N
군자동,officetel,천호대로 530,ROAD_ADDR,473-1,천호대로 530,RENT,18.08,202510,11,18000,10,6,2019,202510~202710,Y,N,,,N,N
군자동,officetel,동원데쟈뷰,ORIGINAL,355-1,동일로 194,RENT,17.16,202510,11,6000,62,9,2020,202511~202711,Y,N,,,N,Y
군자동,villa,대명이튼캐슬,ORIGINAL,504,군자로10길 17,RENT,25.24,202510,11,27000,6,3,2019,202510~202710,N,N,27300.0,0.0,N,N
군자동,villa,수한리치빌,ORIGINAL,355-22,광나루로13길 15-6,RENT,17.62,202510,11,5500,72,4,2016,202512~202712,Y,N,,,N,N
군자동,villa,동일로60길 48-7,ROAD_ADDR,468-11,동일로60길 48-7,RENT,39.72,202510,10,3000,100,4,2003,202511~202711,Y,N,,,N,N
군자동,officetel,천호대로 530,ROAD_ADDR,473-1,천호대로 530,RENT,18.1,202510,01,18000,9,10,2019,202511~202711,N,N,19350.0,0.0,N,N
군자동,officetel,천호대로 530,ROAD_ADDR,473-1,천호대로 530,RENT,18.13,202509,30,18000,9,3,2019,202510~202710,N,N,19350.0,0.0,N,N
능동,villa,천호대로112길 43-3,ROAD_ADDR,232-18,천호대로112길 43-3,RENT,24.16,202609,23,2000,66,2,2016,202609~202809,Y,N,,,N,Y
능동,villa,코지빌,ORIGINAL,256-8,능동로36길 181,RENT,29.99,202609,23,29700,5,3,2020,202611~202811,N,N,30000.0,0.0,N,N
능동,officetel,베아투스,OTHER_RECORD,222-7,능동로36길 29,RENT,31.74,202609,22,8000,75,6,2017,202611~202811,Y,N,,,N,N
능동,villa,베아투스,ORIGINAL,222-7,능동로36길 29,RENT,20.61,202609,21,10000,71,9,2017,202611~202811,Y,N,,,N,N
능동,villa,베아투스,ORIGINAL,222-7,능동로36길 29,RENT,20.61,202609,21,10000,71,9,2017,202611~202811,Y,N,,,N,N
능동,villa,에스에치빌,ORIGINAL,254-28,천호대로120길 17,RENT,24.57,202609,21,10000,46,5,2016,202611~202811,N,N,10000.0,42.0,N,N
능동,villa,능동로32길 98,ROAD_ADDR,242-1,능동로32길 98,RENT,28.16,202609,19,12600,5,2,2012,202610~202810,N,N,12600.0,3.0,N,N
능동,villa,능동로32길 67,ROAD_ADDR,239-36,능동로32길 67,RENT,23.96,202609,18,500,50,2,2002,202609~202809,N,N,500.0,20.0,Y,Y
능동,villa,능동로32길 67,ROAD_ADDR,239-36,능동로32길 67,RENT,26.66,202609,18,500,50,4,2002,202609~202809,N,N,500.0,30.0,Y,Y
능동,villa,능동로32길 67,ROAD_ADDR,239-36,능동로32길 67,RENT,22.4,202609,18,500,45,2,2002,202609~202809,N,N,500.0,40.0,Y,Y
능동,villa,솔하우스,ORIGINAL,223-19,능동로34길 11-17,RENT,18.04,202609,14,11000,35,4,2018,202609~202809,Y,N,,,N,N
능동,villa,나마스떼,ORIGINAL,250-2,능동로32길 130,RENT,16.14,202609,10,16000,8,5,2018,202610~202810,Y,N,,,N,N
능동,villa,이에스에듀하임,ORIGINAL,251-46,능동로32길 132,RENT,22.63,202609,08,31000,5,4,2026,202609~202809,Y,N,,,N,N
능동,villa,더파크뷰능동,ORIGINAL,284-6,능동로30길 26,RENT,22.73,202609,05,3000,90,2,2023,202610~202810,Y,N,,,N,N
능동,villa,유은팰리스(248-11),ORIGINAL,248-11,능동로34길 123-1,RENT,33.47,202609,03,28000,10,2,2017,202609~202809,Y,N,,,N,N
능동,officetel,군자 아델리제,ORIGINAL,222-2,천호대로 570,RENT,17.65,202609,02,1000,90,8,2019,202609~202709,Y,N,,,N,N
능동,officetel,베아투스,OTHER_RECORD,222-7,능동로36길 29,RENT,31.74,202608,31,8000,65,3,2017,202609~202809,Y,N,,,N,N
능동,villa,능동로32길 88,ROAD_ADDR,241-33,능동로32길 88,RENT,22.87,202608,31,19800,3,4,2015,202609~202809,N,N,18900.0,3.0,N,N
능동,officetel,베아투스,OTHER_RECORD,222-7,능동로36길 29,RENT,31.74,202608,26,8000,65,3,2017,202609~202809,Y,N,,,N,N
능동,villa,이에스에듀하임,ORIGINAL,251-46,능동로32길 132,RENT,22.63,202608,26,31000,5,2,2026,202610~202810,Y,N,,,N,N
능동,villa,능동에스하임,ORIGINAL,466,능동로36길 129,RENT,26.87,202608,25,100,49,1,2024,202608~202812,Y,N,,,Y,Y
능동,villa,씨티하우스,ORIGINAL,237-22,능동로36길 71,RENT,20.1,202608,24,1000,52,6,2013,202610~202810,Y,N,,,Y,Y
능동,villa,천호대로118길 20,ROAD_ADDR,245-7,천호대로118길 20,RENT,30.13,202608,23,20000,5,2,2013,202608~202808,N,Y,19840.0,0.0,N,N
능동,villa,능동로28길 29,ROAD_ADDR,393,능동로28길 29,RENT,26.74,202608,21,20000,27,3,2017,202610~202810,Y,N,,,N,N
능동,villa,레나빌(320-83),ORIGINAL,320-83,능동로32길 28-10,RENT,15.67,202608,21,9000,10,1,2016,202610~202810,Y,N,,,N,N
능동,villa,능동로36길 80,ROAD_ADDR,238-35,능동로36길 80,RENT,38.03,202608,18,1000,50,5,2015,202609~202809,Y,N,,,Y,Y
능동,villa,레나8,ORIGINAL,320-5,능동로32길 20-19,RENT,26.91,202608,16,21000,14,2,2017,202609~202709,N,Y,21000.0,10.0,N,N
능동,villa,레나8,ORIGINAL,320-5,능동로32길 20-19,RENT,26.91,202608,16,21000,14,2,2017,202609~202709,N,Y,21000.0,10.0,N,N
능동,villa,이에스에듀하임,ORIGINAL,251-46,능동로32길 132,RENT,22.08,202608,11,30000,10,2,2026,202611~202811,Y,N,,,N,N
능동,villa,씨티하우스,ORIGINAL,237-22,능동로36길 71,RENT,39.49,202608,11,23000,13,6,2013,202609~202809,Y,N,,,N,N
능동,villa,이에스에듀하임,ORIGINAL,251-46,능동로32길 132,RENT,22.47,202608,06,30000,5,4,2026,202610~202810,Y,N,,,N,N
능동,villa,이에스에듀하임,ORIGINAL,251-46,능동로32길 132,RENT,22.77,202608,04,30000,10,5,2026,202609~202809,Y,N,,,N,N
능동,villa,솔하우스,ORIGINAL,223-19,능동로34길 11-17,RENT,16.95,202608,03,16000,7,3,2018,202609~202809,N,N,16000.0,0.0,N,N
능동,villa,솔하우스,ORIGINAL,223-19,능동로34길 11-17,RENT,16.95,202608,03,16000,11,3,2018,202609~202809,N,N,16000.0,0.0,N,N
능동,villa,천호대로112길 43-3,ROAD_ADDR,232-18,천호대로112길 43-3,RENT,28.0,202608,01,500,50,4,2016,202608~202808,Y,N,,,Y,Y
능동,villa,세리빌,ORIGINAL,223-11,능동로34길 7,RENT,27.63,202607,31,3000,82,2,2018,202608~202808,Y,N,,,N,N
능동,villa,이에스에듀하임,ORIGINAL,251-46,능동로32길 132,RENT,22.08,202607,30,30000,10,4,2026,202609~202809,Y,N,,,N,N
능동,villa,능동로30길 19,ROAD_ADDR,320-57,능동로30길 19,RENT,24.41,202607,30,23000,4,2,2019,202608~202808,N,N,23000.0,0.0,N,N
능동,villa,만호BAUM(B),ORIGINAL,248-37,천호대로120길 20,RENT,14.04,202607,29,1000,47,3,2013,202609~202809,N,N,1000.0,45.0,Y,Y
능동,officetel,노블레스 빌,ORIGINAL,255-18,천호대로 632,RENT,23.96,202607,28,1000,70,5,2003,202610~202710,N,N,1000.0,65.0,N,Y
능동,villa,천호대로112길 58-10,ROAD_ADDR,370,천호대로112길 58-10,RENT,17.87,202607,25,10000,55,4,2020,202608~202808,Y,N,,,N,N
능동,officetel,베아투스,OTHER_RECORD,222-7,능동로36길 29,RENT,31.74,202607,23,8000,77,6,2017,202609~202809,Y,N,,,N,N
능동,villa,원진빌딩(프라임빌),ORIGINAL,223-9,능동로34길 27,RENT,16.83,202607,23,5000,55,4,2012,202608~202808,Y,N,,,Y,Y
능동,villa,능동로32길 28-12,ROAD_ADDR,320-78,능동로32길 28-12,RENT,10.89,202607,20,1000,65,5,2016,202608~202807,Y,N,,,N,Y
능동,villa,능동로36길 110,ROAD_ADDR,245-4,능동로36길 110,RENT,27.56,202607,20,10000,3,2,2001,202609~202809,Y,N,,,N,N
능동,villa,원진빌딩(프라임빌),ORIGINAL,223-9,능동로34길 27,RENT,14.52,202607,20,5000,46,2,2012,202607~202807,Y,N,,,Y,Y
능동,villa,팰리시아,ORIGINAL,240-15,천호대로114길 45,RENT,22.04,202607,20,18000,4,3,2018,202609~202809,Y,N,,,N,N
능동,villa,능동로24길 55,ROAD_ADDR,389-3,능동로24길 55,RENT,19.82,202607,18,3000,57,2,2019,202609~202809,Y,N,,,Y,Y
능동,villa,갤러리홈스타,ORIGINAL,247-14,능동로36길 131,RENT,26.75,202607,17,1000,80,1,2014,202608~202808,Y,N,,,N,N
능동,villa,능동로32길 98,ROAD_ADDR,242-1,능동로32길 98,RENT,36.06,202607,17,18690,8,2,2012,202608~202808,N,N,18690.0,4.0,N,N
능동,officetel,군자 아델리제,ORIGINAL,222-2,천호대로 570,RENT,22.98,202607,16,3500,100,3,2019,202608~202808,Y,N,,,N,N
능동,villa,쉬크빌,ORIGINAL,254-30,능동로36길 152,RENT,31.91,202607,16,24000,36,2,2017,202608~202808,Y,N,,,N,N
능동,officetel,베아투스,OTHER_RECORD,222-7,능동로36길 29,RENT,31.74,202607,15,8000,77,6,2017,202609~202809,Y,N,,,N,N
능동,officetel,베아투스,OTHER_RECORD,222-7,능동로36길 29,RENT,31.74,202607,15,18900,12,5,2017,202608~202808,N,N,21000.0,0.0,N,N
능동,villa,유은팰리스(231-2),ORIGINAL,231-2,능동로32길 34,RENT,16.47,202607,15,2000,96,4,2017,202607~202807,Y,N,,,N,N
능동,villa,능동벨류,ORIGINAL,253-26,능동로32길 149,RENT,27.31,202607,08,26500,15,3,2019,202608~202808,Y,N,,,N,N
능동,villa,청솔빌라,ORIGINAL,248-32,천호대로118길 17,RENT,19.81,202607,01,5000,110,4,2013,202608~202808,Y,N,,,N,N
능동,villa,능동로36길 97,ROAD_ADDR,246-18,능동로36길 97,RENT,36.81,202607,01,5000,74,3,2015,202607~202807,Y,N,,,N,N
능동,villa,능동로36길 152-1,ROAD_ADDR,254-29,능동로36길 152-1,RENT,39.53,202606,30,20000,56,2,2017,202609~202809,Y,N,,,N,N
능동,villa,능동로32길 82-27,ROAD_ADDR,135-8,능동로32길 82-27,RENT,22.14,202606,29,16000,30,4,2016,202606~202806,N,N,19000.0,15.0,N,N
능동,villa,나마스떼,ORIGINAL,250-2,능동로32길 130,RENT,13.61,202606,27,15400,7,3,2018,202608~202808,N,N,15400.0,4.0,N,N
능동,villa,나마스떼,ORIGINAL,250-2,능동로32길 130,RENT,15.49,202606,27,17000,11,2,2018,202608~202808,N,N,17000.0,7.0,N,N
능동,villa,에이스빌,ORIGINAL,283-24,천호대로110길 92,RENT,18.0,202606,26,1000,52,3,2001,202608~202808,Y,N,,,Y,Y
능동,villa,원진빌딩(프라임빌),ORIGINAL,223-9,능동로34길 27,RENT,14.52,202606,25,8900,25,4,2012,202607~202807,Y,N,,,N,N
능동,villa,힐탑,ORIGINAL,284-11,천호대로110길 83,RENT,19.96,202606,23,1000,63,1,2012,202607~202807,Y,N,,,N,Y
능동,villa,레나빌(320-83),ORIGINAL,320-83,능동로32길 28-10,RENT,15.97,202606,23,13000,30,4,2016,202606~202802,Y,N,,,N,N
능동,villa,갤러리홈스타,ORIGINAL,247-14,능동로36길 131,RENT,30.03,202606,22,1000,82,2,2014,202607~202807,Y,N,,,N,N
능동,villa,마므레홈(236-6),ORIGINAL,236-6,능동로36길 65,RENT,34.76,202606,22,24000,10,4,2014,-,,N,,,N,N
능동,villa,마므레홈(236-6),ORIGINAL,236-6,능동로36길 65,RENT,34.76,202606,21,24000,10,4,2014,202607~202707,N,N,24000.0,5.0,N,N
능동,villa,마므레홈(236-6),ORIGINAL,236-6,능동로36길 65,RENT,15.12,202606,19,12700,4,3,2014,202608~202808,N,N,12700.0,1.0,N,N
능동,villa,능동로30길 19,ROAD_ADDR,320-57,능동로30길 19,RENT,17.98,202606,19,20800,4,5,2019,202607~202807,N,N,20800.0,0.0,N,N
능동,villa,레나7,ORIGINAL,320-55,천호대로110길 71-6,RENT,19.49,202606,19,5000,28,4,2016,202607~202807,Y,N,,,Y,Y
능동,officetel,베아투스,OTHER_RECORD,222-7,능동로36길 29,RENT,31.74,202606,16,7000,57,3,2017,202606~202806,Y,N,,,Y,N
능동,villa,능동로30길 19,ROAD_ADDR,320-57,능동로30길 19,RENT,18.27,202606,16,15000,35,2,2019,202607~202807,Y,N,,,N,N
능동,villa,능동로36길 81-5,ROAD_ADDR,237-8,능동로36길 81-5,RENT,15.05,202606,15,1000,45,2,2012,202607~202807,Y,N,,,Y,Y
능동,villa,에이스빌,ORIGINAL,283-24,천호대로110길 92,RENT,22.04,202606,13,3000,53,2,2001,202608~202808,Y,N,,,Y,Y
능동,villa,퀸즈하우스,ORIGINAL,257-16,능동로36길 182,RENT,11.55,202606,12,3700,62,4,2020,202607~202807,N,N,3700.0,59.0,N,Y
능동,villa,원진빌딩(프라임빌),ORIGINAL,223-9,능동로34길 27,RENT,14.52,202606,10,5000,45,4,2012,202607~202807,Y,N,,,Y,Y
능동,officetel,군자 아델리제,ORIGINAL,222-2,천호대로 570,RENT,17.65,202606,08,18600,15,7,2019,202607~202807,Y,N,,,N,N
능동,villa,능동로32길 74-4,ROAD_ADDR,240-3,능동로32길 74-4,RENT,22.685,202606,08,1000,63,2,2018,202606~202806,Y,N,,,N,Y
능동,officetel,군자 아델리제,ORIGINAL,222-2,천호대로 570,RENT,22.98,202606,04,5500,99,6,2019,202607~202807,Y,N,,,N,N
능동,villa,하우젠팰리스,ORIGINAL,245-10,능동로34길 97,RENT,29.86,202605,30,25200,7,3,2017,202607~202807,N,Y,26900.0,0.0,N,N
능동,villa,더에이치,ORIGINAL,245-6,천호대로118길 16,RENT,39.96,202605,27,46950,10,2,2021,202607~202807,N,N,48000.0,0.0,N,N
능동,villa,능동로36길 81-5,ROAD_ADDR,237-8,능동로36길 81-5,RENT,19.14,202605,24,1000,50,2,2012,202607~202807,Y,N,,,Y,Y
능동,officetel,군자 아델리제,ORIGINAL,222-2,천호대로 570,RENT,22.98,202605,23,5500,96,9,2019,202606~202806,Y,N,,,N,N
능동,villa,로뎀하우스,ORIGINAL,239-42,천호대로116길 30,RENT,25.39,202605,20,11000,12,4,2009,202606~202806,Y,N,,,N,N
능동,villa,능동로34길 89-3,ROAD_ADDR,245-19,능동로34길 89-3,RENT,21.96,202605,20,11550,2,3,2014,202606~202806,Y,N,,,N,N
능동,villa,세리빌,ORIGINAL,223-11,능동로34길 7,RENT,28.36,202605,18,1000,75,2,2018,202605~202705,Y,N,,,N,N
능동,officetel,군자 아델리제,ORIGINAL,222-2,천호대로 570,RENT,17.65,202605,16,1000,90,9,2019,202606~202706,Y,N,,,N,N
능동,villa,에이스빌,ORIGINAL,283-24,천호대로110길 92,RENT,25.96,202605,16,1000,63,3,2001,202605~202805,Y,N,,,N,Y
능동,villa,파라도르,ORIGINAL,244-6,천호대로118길 28,RENT,19.02,202605,13,17800,10,2,2015,202606~202806,N,N,17800.0,8.0,N,N
능동,villa,솔하우스,ORIGINAL,223-19,능동로34길 11-17,RENT,16.51,202605,13,16000,14,3,2018,202608~202808,Y,N,,,N,N
능동,villa,원진빌딩(프라임빌),ORIGINAL,223-9,능동로34길 27,RENT,14.52,202605,12,5000,45,2,2012,202607~202806,Y,N,,,Y,Y
능동,villa,마므레홈(236-6),ORIGINAL,236-6,능동로36길 65,RENT,18.2,202605,12,10000,20,3,2014,202607~202807,Y,N,,,N,N
능동,villa,능동로32길 28-8,ROAD_ADDR,320-84,능동로32길 28-8,RENT,29.84,202605,09,15000,28,3,2016,202605~202805,N,Y,15000.0,24.0,N,N
능동,villa,스톤빌리지,ORIGINAL,254-1,천호대로120길 15,RENT,26.87,202605,09,2000,71,3,2017,202605~202805,Y,N,,,N,N
능동,villa,스위트홈,ORIGINAL,238-3,천호대로116길 14,RENT,31.45,202605,08,12000,65,4,2015,-,,N,,,N,N
능동,officetel,노블레스 빌,ORIGINAL,255-18,천호대로 632,RENT,23.96,202605,06,14300,20,2,2003,202606~202806,Y,N,,,N,N
능동,villa,윤성빌,ORIGINAL,246-3,천호대로116길 7,RENT,29.895,202605,04,12000,35,3,2014,202606~202806,Y,N,,,N,N
능동,villa,능동로36길 152-1,ROAD_ADDR,254-29,능동로36길 152-1,RENT,39.53,202605,01,20000,48,3,2017,202605~202711,Y,N,,,N,N
능동,villa,능동로30길 19,ROAD_ADDR,320-57,능동로30길 19,RENT,15.12,202605,01,1000,70,4,2019,202605~202705,Y,N,,,N,Y
능동,officetel,베아투스,OTHER_RECORD,222-7,능동로36길 29,RENT,20.94,202604,30,5000,60,5,2017,202607~202807,N,Y,5000.0,57.0,Y,Y
능동,officetel,노블레스 빌,ORIGINAL,255-18,천호대로 632,RENT,23.96,202604,29,14000,10,2,2003,202606~202806,Y,N,,,N,N
능동,officetel,노블레스 빌,ORIGINAL,255-18,천호대로 632,RENT,35.57,202604,29,19000,20,3,2003,202606~202806,Y,N,,,N,N
능동,villa,우송하우시스비,ORIGINAL,248-35,능동로36길 138,RENT,23.82,202604,26,2000,80,2,2017,202604~202804,N,N,2000.0,76.0,N,N
능동,villa,청호하우스,ORIGINAL,255-13,천호대로120길 7,RENT,35.76,202604,23,3000,129,4,2022,202607~202807,Y,N,,,N,N
능동,villa,능동로34길 89-3,ROAD_ADDR,245-19,능동로34길 89-3,RENT,27.81,202604,21,12600,5,3,2014,202606~202806,Y,N,,,N,N
능동,villa,원진빌딩(프라임빌),ORIGINAL,223-9,능동로34길 27,RENT,16.83,202604,20,6000,54,4,2012,202605~202805,Y,N,,,Y,Y
능동,villa,퀸즈하우스,ORIGINAL,257-16,능동로36길 182,RENT,13.25,202604,17,16800,3,3,2020,202605~202805,Y,N,,,N,N
능동,villa,레나빌6,ORIGINAL,240-18,능동로32길 82-16,RENT,29.26,202604,16,22000,4,2,2016,202607~202807,Y,N,,,N,N
능동,officetel,군자 아델리제,ORIGINAL,222-2,천호대로 570,RENT,17.65,202604,15,1000,90,3,2019,202605~202705,Y,N,,,N,N
능동,villa,레나7,ORIGINAL,320-55,천호대로110길 71-6,RENT,19.68,202604,09,16000,13,2,2016,202606~202806,Y,N,,,N,N
능동,villa,윤성빌,ORIGINAL,246-3,천호대로116길 7,RENT,29.81,202604,09,13000,26,2,2014,202606~202806,Y,N,,,N,N
능동,villa,레나7,ORIGINAL,320-55,천호대로110길 71-6,RENT,19.68,202604,09,16000,13,2,2016,202606~202806,Y,N,,,N,N
능동,villa,레나빌9차,ORIGINAL,238-17,천호대로116길 22-16,RENT,29.94,202604,07,23500,4,3,2018,202605~202805,Y,N,,,N,N
능동,villa,유호그라시아,ORIGINAL,249-2,능동로34길 114,RENT,26.05,202604,04,26000,30,3,2021,202605~202805,Y,N,,,N,N
능동,villa,더에이치,ORIGINAL,245-6,천호대로118길 16,RENT,38.16,202604,03,44850,9,2,2021,202605~202805,Y,N,,,N,N
능동,villa,더에이치,ORIGINAL,245-6,천호대로118길 16,RENT,38.7,202604,03,45300,39,2,2021,202605~202805,Y,N,,,N,N
능동,villa,우송,ORIGINAL,247-12,능동로36길 139,RENT,29.16,202604,01,2000,80,4,2017,202605~202805,Y,N,,,N,N
능동,villa,클래시하우스,ORIGINAL,257-1,능동로36길 174,RENT,29.11,202603,31,12000,75,4,2022,202605~202705,Y,N,,,N,N
능동,villa,더에이치,ORIGINAL,245-6,천호대로118길 16,RENT,39.59,202603,30,37170,46,4,2021,202605~202805,Y,N,,,N,N
능동,villa,더에이치,ORIGINAL,245-6,천호대로118길 16,RENT,39.59,202603,30,37170,46,4,2021,202605~202805,Y,N,,,N,N
능동,villa,능동로36길 74,ROAD_ADDR,238-32,능동로36길 74,RENT,21.78,202603,29,1700,63,2,2018,202605~202805,Y,N,,,N,Y
능동,officetel,군자 아델리제,ORIGINAL,222-2,천호대로 570,RENT,22.98,202603,27,2000,97,6,2019,202604~202804,Y,N,,,N,N
능동,villa,세리빌,ORIGINAL,223-11,능동로34길 7,RENT,21.37,202603,27,1000,75,4,2018,202605~202805,Y,N,,,N,N
능동,villa,더에이치,ORIGINAL,245-6,천호대로118길 16,RENT,38.7,202603,25,45300,21,3,2021,202605~202805,N,N,57500.0,0.0,N,N
능동,villa,송일빌라트,ORIGINAL,237-18,능동로36길 77,RENT,21.6,202603,25,1000,47,4,2003,202603~202803,Y,N,,,Y,Y
능동,villa,천호대로116길 51-3,ROAD_ADDR,242-15,천호대로116길 51-3,RENT,31.24,202603,24,5000,53,1,2011,202604~202804,Y,N,,,Y,Y
능동,villa,에이스빌,ORIGINAL,283-24,천호대로110길 92,RENT,24.57,202603,23,1000,65,1,2001,202604~202804,Y,N,,,N,Y
능동,villa,하우젠팰리스,ORIGINAL,245-10,능동로34길 97,RENT,29.86,202603,21,25000,7,4,2017,202604~202804,N,N,26400.0,0.0,N,N
능동,officetel,베아투스,OTHER_RECORD,222-7,능동로36길 29,RENT,31.74,202603,20,8000,67,3,2017,202605~202805,Y,N,,,N,N
능동,villa,스텔라하우스,ORIGINAL,240-11,능동로32길 82-38,RENT,18.58,202603,20,10000,100,3,2015,202605~202805,Y,N,,,N,N
능동,villa,능동로32길 82-15,ROAD_ADDR,241-27,능동로32길 82-15,RENT,24.01,202603,20,2000,58,2,2012,202605~202805,Y,N,,,Y,Y
능동,villa,스텔라하우스,ORIGINAL,240-11,능동로32길 82-38,RENT,18.58,202603,20,20000,50,3,2015,202605~202805,Y,N,,,N,N
능동,villa,능동로32길 82-15,ROAD_ADDR,241-27,능동로32길 82-15,RENT,24.01,202603,20,2000,58,2,2012,202605~202805,Y,N,,,Y,Y
능동,villa,능동로24길 55,ROAD_ADDR,389-3,능동로24길 55,RENT,25.04,202603,18,10000,74,4,2019,202605~202805,Y,N,,,N,N
능동,villa,더에이치,ORIGINAL,245-6,천호대로118길 16,RENT,29.84,202603,17,29700,48,4,2021,202604~202804,Y,N,,,N,N
능동,villa,더에이치,ORIGINAL,245-6,천호대로118길 16,RENT,29.76,202603,17,25000,63,5,2021,202604~202804,Y,N,,,N,N
능동,villa,능동로30길 19,ROAD_ADDR,320-57,능동로30길 19,RENT,24.41,202603,16,23000,4,4,2019,202604~202804,N,N,23000.0,0.0,N,N
능동,villa,로뎀하우스,ORIGINAL,239-42,천호대로116길 30,RENT,12.28,202603,11,8500,10,2,2009,202604~202804,Y,N,,,N,N
능동,villa,레나8,ORIGINAL,320-5,능동로32길 20-19,RENT,26.0,202603,07,21000,4,1,2017,202603~202803,N,N,21000.0,0.0,N,N
능동,villa,능동로32길 20-17,ROAD_ADDR,320-75,능동로32길 20-17,RENT,29.93,202603,07,2000,120,2,2014,202606~202806,Y,N,,,N,N
능동,villa,능동로32길 20-17,ROAD_ADDR,320-75,능동로32길 20-17,RENT,29.93,202603,07,2000,120,2,2014,202606~202806,Y,N,,,N,N
능동,villa,갤러리홈스타,ORIGINAL,247-14,능동로36길 131,RENT,30.03,202603,03,2000,80,1,2014,202603~202803,Y,N,,,N,N
능동,villa,능동로32길 98,ROAD_ADDR,242-1,능동로32길 98,RENT,28.16,202603,02,13000,5,2,2012,202603~202803,N,N,13000.0,5.0,N,N
능동,villa,에이스빌,ORIGINAL,283-24,천호대로110길 92,RENT,27.1,202602,27,1000,70,1,2001,202603~202803,Y,N,,,N,Y
능동,villa,천호대로118길 20,ROAD_ADDR,245-7,천호대로118길 20,RENT,17.04,202602,25,7500,22,3,2013,202603~202803,Y,N,,,Y,N
능동,villa,능동로36길 81-5,ROAD_ADDR,237-8,능동로36길 81-5,RENT,14.0,202602,25,1000,45,2,2012,202604~202804,Y,N,,,Y,Y
능동,villa,갤러리홈스타,ORIGINAL,247-14,능동로36길 131,RENT,24.84,202602,23,1000,66,2,2014,202604~202804,Y,N,,,N,Y
능동,villa,퀸즈하우스,ORIGINAL,257-16,능동로36길 182,RENT,21.17,202602,23,21000,4,3,2020,202603~202803,N,N,21000.0,0.0,N,N
능동,villa,써니빌,ORIGINAL,208,천호대로112길 48-6,RENT,29.65,202602,19,1500,95,3,2016,202603~202803,Y,N,,,N,N
능동,villa,씨티하우스,ORIGINAL,237-22,능동로36길 71,RENT,24.12,202602,19,7000,32,3,2013,202602~202802,Y,N,,,Y,N
능동,villa,레나빌6,ORIGINAL,240-18,능동로32길 82-16,RENT,29.26,202602,19,21500,11,3,2016,202603~202803,Y,N,,,N,N
능동,villa,능동벨류,ORIGINAL,253-26,능동로32길 149,RENT,25.23,202602,15,24000,25,3,2019,202604~202804,Y,N,,,N,N
능동,villa,능동벨류,ORIGINAL,253-26,능동로32길 149,RENT,25.23,202602,15,24000,25,3,2019,202604~202804,Y,N,,,N,N
능동,villa,원진빌딩(프라임빌),ORIGINAL,223-9,능동로34길 27,RENT,14.52,202602,13,7000,37,2,2012,202602~202802,Y,N,,,Y,N
능동,villa,스텔라하우스,ORIGINAL,240-11,능동로32길 82-38,RENT,35.26,202602,12,9000,90,2,2015,202603~202703,N,N,8000.0,80.0,N,N
능동,villa,스톤빌리지,ORIGINAL,254-1,천호대로120길 15,RENT,15.68,202602,11,16000,10,2,2017,202603~202803,Y,N,,,N,N
능동,villa,천호대로110길 40,ROAD_ADDR,221-13,천호대로110길 40,RENT,24.73,202602,11,1000,66,3,2012,202604~202704,Y,N,,,N,Y
능동,villa,스톤빌리지,ORIGINAL,254-1,천호대로120길 15,RENT,26.87,202602,11,2000,71,3,2017,202602~202802,Y,N,,,N,N
능동,officetel,군자 아델리제,ORIGINAL,222-2,천호대로 570,RENT,17.65,202602,10,5000,63,3,2019,202602~202802,Y,N,,,N,Y
능동,villa,대명이튼캐슬,ORIGINAL,380,천호대로112길 68,RENT,30.83,202602,10,27900,18,5,2019,202604~202804,Y,N,,,N,N
능동,villa,에스에치빌,ORIGINAL,254-28,천호대로120길 17,RENT,25.62,202602,10,14400,75,4,2016,202604~202804,Y,N,,,N,N
능동,villa,스톤빌리지,ORIGINAL,254-1,천호대로120길 15,RENT,14.93,202602,10,1000,60,2,2017,202602~202802,Y,N,,,Y,Y
능동,villa,스텔라하우스,ORIGINAL,240-11,능동로32길 82-38,RENT,36.03,202602,10,25000,18,1,2015,202603~202803,Y,N,,,N,N
능동,villa,레나빌9차,ORIGINAL,238-17,천호대로116길 22-16,RENT,21.6,202602,06,17000,3,2,2018,202603~202803,Y,N,,,N,N
능동,villa,선림하이츠빌,ORIGINAL,254-10,능동로34길 139,RENT,38.22,202602,05,20000,56,3,2018,202605~202805,N,N,20000.0,50.0,N,N
능동,villa,천호대로112길 48-7,ROAD_ADDR,369-6,천호대로112길 48-7,RENT,29.5,202602,05,3000,110,3,2019,202603~202803,Y,N,,,N,N
능동,villa,레나7,ORIGINAL,320-55,천호대로110길 71-6,RENT,19.68,202602,04,15200,16,2,2016,202603~202803,Y,N,,,N,N
능동,villa,우송하우시스비,ORIGINAL,248-35,능동로36길 138,RENT,22.25,202602,03,1000,80,4,2017,202603~202803,Y,N,,,N,N
능동,villa,윤성빌,ORIGINAL,246-3,천호대로116길 7,RENT,29.895,202602,02,13000,28,2,2014,202603~202803,Y,N,,,N,N
능동,villa,푸르미르,ORIGINAL,224-2,능동로34길 6,RENT,29.92,202601,31,25500,25,3,2017,202603~202803,Y,N,,,N,N
능동,officetel,군자 아델리제,ORIGINAL,222-2,천호대로 570,RENT,22.98,202601,30,5500,77,7,2019,202603~202803,Y,N,,,N,N
능동,villa,하우젠파크빌,ORIGINAL,241-10,능동로32길 82-19,RENT,26.04,202601,30,15210,75,4,2016,202606~202806,Y,N,,,N,N
능동,villa,능동로32길 20-7,ROAD_ADDR,320-2,능동로32길 20-7,RENT,15.35,202601,29,500,51,1,2014,202602~202802,N,N,500.0,46.0,Y,Y
능동,villa,탑클래스,ORIGINAL,247-7,능동로36길 141,RENT,30.89,202601,29,23800,15,6,2016,202602~202802,N,N,23800.0,11.0,N,N
능동,villa,원진빌딩(프라임빌),ORIGINAL,223-9,능동로34길 27,RENT,14.52,202601,29,5000,46,4,2012,202603~202803,Y,N,,,Y,Y
능동,villa,유은팰리스(248-11),ORIGINAL,248-11,능동로34길 123-1,RENT,25.54,202601,28,3000,138,4,2017,202602~202802,Y,N,,,N,N
능동,officetel,능동로 268,ROAD_ADDR,283-15,능동로 268,RENT,28.88,202601,27,15000,10,4,2004,202602~202802,Y,N,,,N,N
능동,villa,더에이치,ORIGINAL,245-6,천호대로118길 16,RENT,39.96,202601,26,5000,190,3,2021,202602~202802,Y,N,,,N,N
능동,villa,로뎀하우스,ORIGINAL,239-42,천호대로116길 30,RENT,12.15,202601,24,8800,10,2,2009,202603~202803,Y,N,,,N,N
능동,villa,로뎀하우스,ORIGINAL,239-42,천호대로116길 30,RENT,12.9,202601,24,8400,5,1,2009,202603~202803,Y,N,,,N,N
능동,villa,로뎀하우스,ORIGINAL,239-42,천호대로116길 30,RENT,12.74,202601,24,8500,17,3,2009,202603~202803,Y,N,,,N,N
능동,villa,청호하우스,ORIGINAL,255-13,천호대로120길 7,RENT,27.73,202601,23,5000,80,2,2022,202602~202802,Y,N,,,N,N
능동,villa,창조공간,ORIGINAL,244-10,능동로32길 105,RENT,36.17,202601,22,5000,59,2,2013,202603~202803,Y,N,,,Y,Y
능동,villa,푸르미르,ORIGINAL,224-2,능동로34길 6,RENT,29.92,202601,20,6000,92,3,2017,202602~202802,N,N,5000.0,92.0,N,N
능동,villa,원진빌딩(프라임빌),ORIGINAL,223-9,능동로34길 27,RENT,16.83,202601,20,10000,32,2,2012,202602~202802,Y,N,,,N,N
능동,villa,하우젠빌,ORIGINAL,249-15,능동로34길 116,RENT,28.15,202601,17,24000,15,3,2016,202602~202802,N,N,24000.0,10.0,N,N
능동,villa,천호대로114길 21,ROAD_ADDR,238-6,천호대로114길 21,RENT,25.2,202601,16,13940,45,5,2021,202601~202801,N,N,23940.0,0.0,N,N
능동,villa,능동로36길 133,ROAD_ADDR,247-8,능동로36길 133,RENT,28.74,202601,16,1000,80,1,2015,202601~202801,Y,N,,,N,N
능동,villa,팰리시아,ORIGINAL,240-15,천호대로114길 45,RENT,17.9,202601,15,16800,6,3,2018,202601~202801,N,N,16800.0,4.0,N,N
능동,villa,스톤빌리지,ORIGINAL,254-1,천호대로120길 15,RENT,26.87,202601,14,1000,73,3,2017,202603~202803,Y,N,,,N,N
능동,villa,씨티하우스,ORIGINAL,237-22,능동로36길 71,RENT,20.1,202601,13,1000,50,6,2013,202602~202802,Y,N,,,Y,Y
능동,villa,yeroomparkside,ORIGINAL,437-1,능동로24길 46,RENT,31.11,202601,12,1000,109,2,2001,202602~202801,Y,N,,,N,N
능동,villa,능동로32길 53-4,ROAD_ADDR,234-13,능동로32길 53-4,RENT,25.44,202601,09,500,31,-1,2001,202601~202801,N,N,500.0,31.0,Y,Y
능동,villa,파라도르,ORIGINAL,244-6,천호대로118길 28,RENT,18.82,202601,07,15000,22,2,2015,202602~202802,N,N,15000.0,21.0,N,N
능동,officetel,군자 아델리제,ORIGINAL,222-2,천호대로 570,RENT,17.65,202601,06,2000,84,5,2019,202601~202801,Y,N,,,N,N
능동,villa,송일빌라트,ORIGINAL,237-18,능동로36길 77,RENT,17.88,202601,05,10000,14,4,2003,202602~202802,Y,N,,,N,N
능동,officetel,베아투스,OTHER_RECORD,222-7,능동로36길 29,RENT,31.74,202601,03,7000,57,3,2017,202605~202804,Y,N,,,Y,N
능동,villa,만호BAUM(A),ORIGINAL,248-9,천호대로120길 22,RENT,12.6,202601,02,1000,50,4,2013,202602~202802,Y,N,,,Y,Y
능동,villa,레나빌(320-83),ORIGINAL,320-83,능동로32길 28-10,RENT,15.97,202512,31,13000,30,4,2016,202602~202802,Y,N,,,N,N
능동,villa,로뎀하우스,ORIGINAL,239-42,천호대로116길 30,RENT,12.74,202512,30,9000,9,2,2009,202602~202802,Y,N,,,N,N
능동,villa,송일빌라트,ORIGINAL,237-18,능동로36길 77,RENT,20.58,202512,29,10160,16,4,2003,202603~202803,N,N,10500.0,12.0,N,N
능동,villa,송일빌라트,ORIGINAL,237-18,능동로36길 77,RENT,20.58,202512,29,10160,16,4,2003,202603~202803,N,N,10500.0,12.0,N,N
능동,officetel,베아투스,OTHER_RECORD,222-7,능동로36길 29,RENT,20.94,202512,27,6000,39,4,2017,202603~202803,N,N,15500.0,0.0,Y,Y
능동,villa,더파크뷰능동,ORIGINAL,284-6,능동로30길 26,RENT,22.73,202512,27,5000,90,3,2023,202601~202801,Y,N,,,N,N
능동,villa,레나7,ORIGINAL,320-55,천호대로110길 71-6,RENT,19.49,202512,26,5000,28,4,2016,202602~202802,Y,N,,,Y,Y
능동,villa,한성센트빌,ORIGINAL,225-16,능동로 278-7,RENT,35.23,202512,26,22000,10,2,2012,202601~202801,Y,N,,,N,N
능동,villa,씨티하우스,ORIGINAL,237-22,능동로36길 71,RENT,22.4,202512,24,2000,57,5,2013,202607~202801,Y,N,,,Y,Y
능동,villa,더에이치,ORIGINAL,245-6,천호대로118길 16,RENT,26.54,202512,24,26200,40,3,2021,202602~202802,Y,N,,,N,N
능동,villa,탑클래스,ORIGINAL,247-7,능동로36길 141,RENT,33.16,202512,22,10000,145,6,2016,202602~202802,Y,N,,,N,N
능동,villa,능동로32길 16-3,ROAD_ADDR,320-65,능동로32길 16-3,RENT,24.19,202512,22,6000,85,3,2019,202601~202801,Y,N,,,N,N
능동,villa,베아투스,ORIGINAL,222-7,능동로36길 29,RENT,24.72,202512,22,11000,62,7,2017,202602~202802,Y,N,,,N,N
능동,villa,코지빌,ORIGINAL,256-8,능동로36길 181,RENT,29.98,202512,22,26800,5,2,2020,202602~202802,Y,N,,,N,N
능동,villa,탑클래스,ORIGINAL,247-7,능동로36길 141,RENT,33.16,202512,22,10000,145,6,2016,202602~202802,Y,N,,,N,N
능동,villa,베아투스,ORIGINAL,222-7,능동로36길 29,RENT,24.72,202512,22,11000,62,7,2017,202602~202802,Y,N,,,N,N
능동,villa,능동로36길 81-5,ROAD_ADDR,237-8,능동로36길 81-5,RENT,15.05,202512,20,1000,40,2,2012,202601~202801,Y,N,,,Y,Y
능동,villa,대공원뜨란채,ORIGINAL,231-5,능동로32길 28-5,RENT,20.37,202512,18,100,20,4,2014,202512~202612,Y,N,,,Y,Y
능동,villa,더에이치,ORIGINAL,245-6,천호대로118길 16,RENT,26.54,202512,16,31200,25,3,2021,202602~202702,N,N,36000.0,0.0,N,N
능동,villa,더에이치,ORIGINAL,245-6,천호대로118길 16,RENT,38.16,202512,16,42750,17,3,2021,202603~202803,N,N,45000.0,0.0,N,N
능동,villa,세리빌,ORIGINAL,223-11,능동로34길 7,RENT,19.98,202512,15,3000,68,3,2018,202601~202801,Y,N,,,N,Y
능동,villa,베아투스,ORIGINAL,222-7,능동로36길 29,RENT,20.61,202512,15,10000,65,8,2017,202601~202801,N,N,1000.0,94.0,N,N
능동,villa,세리빌,ORIGINAL,223-11,능동로34길 7,RENT,27.63,202512,14,2500,83,3,2018,202601~202801,N,N,2500.0,82.0,N,N
능동,villa,갤러리홈스타,ORIGINAL,247-14,능동로36길 131,RENT,30.03,202512,13,2000,80,1,2014,202512~202712,Y,N,,,N,N
능동,villa,능동로30길 19,ROAD_ADDR,320-57,능동로30길 19,RENT,15.12,202512,13,1000,75,4,2019,202601~202712,N,N,1000.0,70.0,N,N
능동,villa,힐탑,ORIGINAL,284-11,천호대로110길 83,RENT,26.76,202512,12,3000,65,3,2012,202601~202801,Y,N,,,N,Y
능동,villa,천호대로118길 20,ROAD_ADDR,245-7,천호대로118길 20,RENT,17.67,202512,11,11550,2,3,2013,202602~202802,Y,N,,,N,N
능동,officetel,군자 아델리제,ORIGINAL,222-2,천호대로 570,RENT,17.65,202512,10,1000,70,5,2019,202602~202802,Y,N,,,N,Y
능동,officetel,노블레스 빌,ORIGINAL,255-18,천호대로 632,RENT,23.96,202512,09,14300,15,2,2003,202512~202612,N,N,14650.0,0.0,N,N
능동,villa,에이스빌,ORIGINAL,283-24,천호대로110길 92,RENT,20.9,202512,09,2000,50,1,2001,202601~202801,Y,N,,,Y,Y
능동,villa,더에이치,ORIGINAL,245-6,천호대로118길 16,RENT,29.59,202512,05,29230,48,4,2021,202602~202802,Y,N,,,N,N
능동,villa,더에이치,ORIGINAL,245-6,천호대로118길 16,RENT,25.14,202512,05,24940,44,4,2021,202602~202802,Y,N,,,N,N
능동,villa,베아투스,ORIGINAL,222-7,능동로36길 29,RENT,20.61,202512,04,16000,43,7,2017,202601~202801,Y,N,,,N,N
능동,officetel,군자 아델리제,ORIGINAL,222-2,천호대로 570,RENT,17.65,202512,02,1000,90,8,2019,202512~202612,Y,N,,,N,N
능동,villa,유호그라시아,ORIGINAL,249-2,능동로34길 114,RENT,26.05,202512,01,26900,30,2,2021,202601~202801,Y,N,,,N,N
능동,villa,능동로36길 80,ROAD_ADDR,238-35,능동로36길 80,RENT,34.975,202511,29,10000,80,4,2015,202601~202801,Y,N,,,N,N
능동,officetel,군자 아델리제,ORIGINAL,222-2,천호대로 570,RENT,17.65,202511,27,19600,5,10,2019,202512~202712,N,N,20000.0,0.0,N,N
능동,villa,능동로24길 55,ROAD_ADDR,389-3,능동로24길 55,RENT,22.07,202511,26,3000,63,4,2019,202512~202712,N,N,3000.0,61.0,N,Y
능동,officetel,군자 아델리제,ORIGINAL,222-2,천호대로 570,RENT,22.98,202511,25,3500,104,9,2019,202601~202801,N,N,3500.0,98.0,N,N
능동,villa,능동벨류,ORIGINAL,253-26,능동로32길 149,RENT,28.91,202511,24,5000,92,2,2019,202602~202802,Y,N,,,N,N
능동,villa,로뎀하우스,ORIGINAL,239-42,천호대로116길 30,RENT,12.74,202511,21,7000,12,2,2009,202512~202612,N,N,5000.0,22.0,Y,N
능동,villa,로뎀하우스,ORIGINAL,239-42,천호대로116길 30,RENT,12.74,202511,21,5000,22,2,2009,202512~202612,N,N,5000.0,22.0,Y,Y
능동,villa,로뎀하우스,ORIGINAL,239-42,천호대로116길 30,RENT,12.28,202511,20,10000,10,3,2009,202512~202712,N,N,10000.0,5.0,N,N
능동,villa,능동로36길 74-1,ROAD_ADDR,238-33,능동로36길 74-1,RENT,29.94,202511,20,3000,100,4,2018,202511~202711,Y,N,,,N,N
능동,officetel,군자 아델리제,ORIGINAL,222-2,천호대로 570,RENT,22.98,202511,19,5500,94,5,2019,202601~202801,N,N,3500.0,96.0,N,N
능동,villa,송일빌라트,ORIGINAL,237-18,능동로36길 77,RENT,18.0,202511,18,1000,48,4,2003,202601~202801,N,N,500.0,50.0,Y,Y
능동,villa,능동로32길 28-8,ROAD_ADDR,320-84,능동로32길 28-8,RENT,29.84,202511,17,5000,82,3,2016,202601~202801,Y,N,,,N,N
능동,officetel,군자 아델리제,ORIGINAL,222-2,천호대로 570,RENT,17.65,202511,14,1000,85,8,2019,202511~202611,N,N,1000.0,78.0,N,N
능동,villa,능동로30길 19,ROAD_ADDR,320-57,능동로30길 19,RENT,23.31,202511,10,22000,4,2,2019,202512~202712,N,N,22000.0,0.0,N,N
능동,officetel,군자 아델리제,ORIGINAL,222-2,천호대로 570,RENT,22.98,202511,08,5000,100,3,2019,202511~202611,Y,N,,,N,N
능동,officetel,군자 아델리제,ORIGINAL,222-2,천호대로 570,RENT,17.65,202511,08,1000,91,9,2019,202512~202612,Y,N,,,N,N
능동,villa,능동로32길 98,ROAD_ADDR,242-1,능동로32길 98,RENT,28.16,202511,08,10000,26,3,2012,202512~202712,Y,N,,,N,N
능동,villa,능동로36길 97,ROAD_ADDR,246-18,능동로36길 97,RENT,34.49,202511,07,5000,60,3,2015,202601~202801,Y,N,,,Y,Y
능동,villa,레나7,ORIGINAL,320-55,천호대로110길 71-6,RENT,18.18,202511,06,10000,26,4,2016,202512~202712,Y,N,,,N,N
능동,officetel,군자 아델리제,ORIGINAL,222-2,천호대로 570,RENT,22.98,202511,05,5500,105,10,2019,202512~202612,Y,N,,,N,N
능동,officetel,군자 아델리제,ORIGINAL,222-2,천호대로 570,RENT,22.98,202511,05,5500,109,12,2019,202512~202712,Y,N,,,N,N
능동,officetel,군자 아델리제,ORIGINAL,222-2,천호대로 570,RENT,17.65,202511,03,19200,5,7,2019,202512~202712,Y,N,,,N,N
능동,villa,능동로28길 29,ROAD_ADDR,393,능동로28길 29,RENT,28.21,202511,01,21000,13,2,2017,202511~202711,N,N,21000.0,13.0,N,N
능동,officetel,군자 아델리제,ORIGINAL,222-2,천호대로 570,RENT,17.65,202510,28,15000,30,7,2019,202512~202712,Y,N,,,N,N
능동,officetel,군자 아델리제,ORIGINAL,222-2,천호대로 570,RENT,17.65,202510,28,14000,35,6,2019,202512~202712,Y,N,,,N,N
능동,villa,원진빌딩(프라임빌),ORIGINAL,223-9,능동로34길 27,RENT,14.52,202510,25,5000,42,4,2012,202511~202711,Y,N,,,Y,Y
능동,villa,능동로24길 55,ROAD_ADDR,389-3,능동로24길 55,RENT,22.07,202510,22,2000,68,3,2019,202511~202711,Y,N,,,N,Y
능동,villa,능동로24길 55,ROAD_ADDR,389-3,능동로24길 55,RENT,19.82,202510,22,3000,58,4,2019,202511~202711,Y,N,,,Y,Y
능동,villa,원진빌딩(프라임빌),ORIGINAL,223-9,능동로34길 27,RENT,14.52,202510,22,8000,40,2,2012,202511~202711,N,N,8000.0,32.0,Y,N
능동,villa,능동로32길 82-15,ROAD_ADDR,241-27,능동로32길 82-15,RENT,20.0,202510,18,13600,3,3,2012,202512~202712,N,N,13600.0,0.0,N,N
능동,villa,yeroomparkside,OTHER_RECORD,437-1,능동로24길 46,RENT,20.13,202510,18,1000,55,1,2001,202510~202610,Y,N,,,Y,Y
능동,villa,로뎀하우스,ORIGINAL,239-42,천호대로116길 30,RENT,11.61,202510,15,6500,25,1,2009,202511~202711,Y,N,,,Y,Y
능동,officetel,군자 아델리제,ORIGINAL,222-2,천호대로 570,RENT,17.65,202510,13,18600,10,3,2019,202512~202712,N,Y,20700.0,0.0,N,N
능동,villa,능동로36길 152-1,ROAD_ADDR,254-29,능동로36길 152-1,RENT,39.53,202510,13,20000,48,3,2017,202511~202711,Y,N,,,N,N
능동,villa,능동로30길 19,ROAD_ADDR,320-57,능동로30길 19,RENT,14.54,202510,13,10500,25,3,2019,202510~202710,N,N,10500.0,22.0,N,N
능동,villa,yeroomparkside,ORIGINAL,437-1,능동로24길 46,RENT,33.33,202510,11,1000,113,3,2001,202510~202710,Y,N,,,N,N
능동,officetel,베아투스,OTHER_RECORD,222-7,능동로36길 29,RENT,31.74,202510,10,8300,74,4,2017,202512~202711,Y,N,,,N,N
능동,villa,로뎀하우스,ORIGINAL,239-42,천호대로116길 30,RENT,11.61,202510,07,6500,25,1,2009,202511~202711,Y,N,,,Y,Y
능동,villa,갤러리홈스타,ORIGINAL,247-14,능동로36길 131,RENT,30.03,202510,04,2000,80,3,2014,202511~202711,Y,N,,,N,N
능동,villa,능동로28길 33,ROAD_ADDR,392,능동로28길 33,RENT,37.47,202510,01,26250,42,2,2023,-,,N,,,N,N
능동,villa,능동로28길 33,ROAD_ADDR,392,능동로28길 33,RENT,37.47,202510,01,26250,42,2,2023,202510~202710,N,N,25000.0,0.0,N,N
능동,villa,yeroomparkside,ORIGINAL,437-1,능동로24길 46,RENT,31.11,202509,30,1000,109,2,2001,202510~202709,Y,N,,,N,N
능동,villa,유은팰리스(231-2),ORIGINAL,231-2,능동로32길 34,RENT,30.57,202509,30,27300,3,2,2017,202510~202710,N,N,26000.0,3.0,N,N
자양동,villa,U.M Castle(659-16),ORIGINAL,659-16,뚝섬로57길 14,RENT,20.31,202609,22,14200,11,2,2016,202610~202810,N,Y,14200.0,8.0,N,N
자양동,villa,진성빌,ORIGINAL,684-5,자양로6길 46-3,RENT,20.25,202609,18,3100,40,3,2017,202611~202811,N,N,12600.0,0.0,Y,Y
자양동,villa,에코하임8차,ORIGINAL,232-5,아차산로44가길 22,RENT,27.39,202609,18,20000,40,3,2016,202611~202811,Y,N,,,N,N
자양동,villa,에코하임8차,ORIGINAL,232-5,아차산로44가길 22,RENT,27.39,202609,18,20000,40,3,2016,202611~202811,Y,N,,,N,N
자양동,officetel,안틸리아 자양,ORIGINAL,680-2,자양로 92,RENT,25.98,202609,17,300,150,8,2022,202609~202703,Y,N,,,N,N
자양동,villa,뚝섬로45길 5-2,ROAD_ADDR,609-20,뚝섬로45길 5-2,RENT,14.78,202609,15,2000,30,1,2013,202609~202809,Y,N,,,Y,Y
자양동,villa,인트로자양,ORIGINAL,47-49,뚝섬로26길 41,RENT,29.25,202609,14,7000,100,1,2022,202609~202809,Y,N,,,N,N
자양동,villa,리치팰리스,ORIGINAL,846-23,뚝섬로23가길 26,RENT,29.92,202609,13,30000,10,3,2022,202609~202709,N,N,30000.0,10.0,N,N
자양동,officetel,타워더모스트광진아크로텔,ORIGINAL,779,아차산로 355,RENT,27.17,202609,12,1000,100,13,2014,202610~202710,Y,N,,,N,N
자양동,villa,화이트하우스(664-12),ORIGINAL,664-12,자양로3길 40-8,RENT,29.01,202609,12,14490,2,5,2009,202610~202810,Y,N,,,N,N
자양동,villa,가은빌,ORIGINAL,553-5,능동로7길 38,RENT,18.07,202609,10,1000,66,2,2015,202609~202807,Y,N,,,N,Y
자양동,officetel,이스트폴,ORIGINAL,870,아차산로 400,RENT,32.13,202609,09,2000,154,17,2025,202609~202709,Y,N,,,N,N
자양동,officetel,자양오피스텔,ORIGINAL,767-4,자양로 135,RENT,30.24,202609,05,5000,40,9,1999,202609~202809,Y,N,,,Y,Y
자양동,officetel,건대입구역자이엘라,ORIGINAL,2-2,능동로 87,RENT,18.91,202609,05,1000,87,8,2022,202609~202709,Y,N,,,N,N
자양동,villa,유안스타빌,ORIGINAL,229-13,아차산로42길 58,RENT,16.61,202609,05,5000,110,4,2019,202610~202810,Y,N,,,N,N
자양동,villa,형제빌딩,ORIGINAL,655,뚝섬로57길 39,RENT,24.39,202609,05,3000,120,3,2018,202611~202811,Y,N,,,N,N
자양동,villa,브랙핸즈Ⅴ,ORIGINAL,227-297,자양번영로11길 19-11,RENT,16.74,202609,05,5000,105,4,2018,202610~202810,Y,N,,,N,N
자양동,villa,BRICKHANDS,ORIGINAL,227-298,자양번영로9길 16-7,RENT,29.92,202609,04,28100,12,2,2018,202610~202810,Y,N,,,N,N
자양동,villa,진연빌(678-26),ORIGINAL,678-26,자양로3길 14-15,RENT,33.78,202609,04,15000,18,2,2014,202610~202810,Y,N,,,N,N
자양동,villa,늘봄정원집,ORIGINAL,624-34,뚝섬로59길 81-13,RENT,18.29,202609,03,1000,58,2,2013,202610~202810,Y,N,,,Y,Y
자양동,villa,월튼파크뷰3차,ORIGINAL,227-97,자양번영로11길 18,RENT,28.66,202609,03,30000,15,6,2018,202609~202809,N,N,19900.0,43.0,N,N
자양동,villa,동일로18가길 31,ROAD_ADDR,840-13,동일로18가길 31,RENT,29.75,202609,02,1000,110,2,2019,202609~202809,Y,N,,,N,N
자양동,villa,아차산로22길 17-6,ROAD_ADDR,16-39,아차산로22길 17-6,RENT,27.16,202609,02,4000,170,5,2026,202609~202809,Y,N,,,N,N
자양동,villa,아차산로40길 33,ROAD_ADDR,229-45,아차산로40길 33,RENT,25.4,202609,02,26250,32,5,2022,202611~202811,N,Y,25000.0,30.0,N,N
자양동,officetel,자양 호반써밋,ORIGINAL,861,능동로 69,RENT,21.38,202609,01,3000,105,13,2021,202609~202709,N,N,3000.0,99.0,N,N
자양동,officetel,건대입구역자이엘라,ORIGINAL,2-2,능동로 87,RENT,18.1,202608,31,1000,135,16,2022,202609~202708,Y,N,,,N,N
자양동,officetel,이스트폴,ORIGINAL,870,아차산로 400,RENT,32.13,202608,31,2000,154,18,2025,202609~202709,Y,N,,,N,N
자양동,officetel,이스트폴,ORIGINAL,870,아차산로 400,RENT,24.21,202608,31,1000,117,20,2025,202609~202709,Y,N,,,N,N
자양동,officetel,이스트폴,ORIGINAL,870,아차산로 400,RENT,24.21,202608,31,1000,112,9,2025,202609~202709,Y,N,,,N,N
자양동,villa,자양로2길 10,ROAD_ADDR,690-30,자양로2길 10,RENT,38.02,202608,31,1000,30,2,1995,202609~202809,Y,N,,,Y,Y
자양동,villa,태영빌라,ORIGINAL,687-23,뚝섬로62길 33-9,RENT,32.01,202608,31,10000,47,5,2007,202609~202809,N,Y,10000.0,45.0,N,N
자양동,villa,플레이스자양2차,ORIGINAL,16-15,아차산로24길 24-4,RENT,25.82,202608,30,500,135,3,2026,202608~202702,Y,N,,,N,N
자양동,villa,뚝섬로43길 8,ROAD_ADDR,609-4,뚝섬로43길 8,RENT,21.9,202608,30,1000,57,5,2016,202609~202809,N,N,1000.0,52.0,Y,Y
자양동,villa,뚝섬로23길 97,ROAD_ADDR,4-4,뚝섬로23길 97,RENT,16.705,202608,29,500,63,2,2013,202608~202809,Y,N,,,N,Y
자양동,villa,도시엔,ORIGINAL,857,동일로18길 36,RENT,13.38,202608,29,1000,67,5,2011,202609~202809,Y,N,,,N,Y
자양동,villa,부광아트빌라,ORIGINAL,589-19,자양강변길 275,RENT,34.74,202608,29,15000,45,2,1990,202609~202809,N,N,24000.0,0.0,N,N
자양동,villa,드림리버뷰,ORIGINAL,57-105,능동로3길 67,RENT,22.65,202608,28,10000,45,4,2019,202610~202810,Y,N,,,N,N
자양동,villa,드림리버뷰,ORIGINAL,57-105,능동로3길 67,RENT,22.65,202608,28,10000,45,4,2019,202610~202810,Y,N,,,N,N
자양동,villa,드림리버뷰,ORIGINAL,57-105,능동로3길 67,RENT,22.65,202608,28,10000,45,4,2019,202610~202810,Y,N,,,N,N
자양동,officetel,아스하임,ORIGINAL,626-3,자양로13길 8,RENT,18.88,202608,26,2000,120,4,2017,202608~202808,Y,N,,,N,N
자양동,officetel,건대입구역자이엘라,ORIGINAL,2-2,능동로 87,RENT,18.41,202608,25,1000,125,15,2022,202608~202708,Y,N,,,N,N
자양동,villa,행복,ORIGINAL,16-47,아차산로22길 31-3,RENT,14.08,202608,25,1000,110,5,2017,202608~202808,Y,N,,,N,N
자양동,officetel,타워더모스트광진아크로텔,ORIGINAL,779,아차산로 355,RENT,23.97,202608,24,20000,4,9,2014,202610~202810,N,Y,20000.0,0.0,N,N
자양동,officetel,자양오피스텔,ORIGINAL,767-4,자양로 135,RENT,30.87,202608,21,1000,65,5,1999,202608~202808,Y,N,,,N,Y
자양동,villa,능동로7길 61,ROAD_ADDR,845-2,능동로7길 61,RENT,23.89,202608,20,500,54,3,2015,202608~202808,Y,N,,,Y,Y
자양동,villa,도시엔,ORIGINAL,857,동일로18길 36,RENT,12.17,202608,20,500,57,2,2011,202608~202808,Y,N,,,Y,Y
자양동,villa,가은빌,ORIGINAL,553-5,능동로7길 38,RENT,18.8,202608,20,1000,69,2,2015,202608~202808,Y,N,,,N,Y
자양동,officetel,타워더모스트광진아크로텔,ORIGINAL,779,아차산로 355,RENT,23.97,202608,19,1000,95,21,2014,202609~202709,Y,N,,,N,N
자양동,villa,플레이스자양2차,ORIGINAL,16-15,아차산로24길 24-4,RENT,29.35,202608,19,2000,150,6,2026,202608~202808,Y,N,,,N,N
자양동,officetel,이스트폴,ORIGINAL,870,아차산로 400,RENT,35.93,202608,18,2000,171,16,2025,202608~202708,Y,N,,,N,N
자양동,villa,가은빌,ORIGINAL,553-5,능동로7길 38,RENT,21.73,202608,15,1000,69,2,2015,202608~202807,Y,N,,,N,Y
자양동,villa,그레이스빌,ORIGINAL,617-39,자양로13다길 8,RENT,28.6,202608,15,15000,24,3,2017,202609~202809,Y,N,,,N,N
자양동,villa,그레이스빌,ORIGINAL,617-39,자양로13다길 8,RENT,28.6,202608,15,15000,24,3,2017,202609~202809,Y,N,,,N,N
자양동,villa,동일로18가길 18,ROAD_ADDR,839-1,동일로18가길 18,RENT,11.52,202608,15,500,60,3,2012,202608~202808,Y,N,,,Y,Y
자양동,officetel,이스트폴,ORIGINAL,870,아차산로 400,RENT,34.2,202608,14,2000,153,9,2025,202608~202708,Y,N,,,N,N
자양동,officetel,타워더모스트광진아크로텔,ORIGINAL,779,아차산로 355,RENT,23.97,202608,14,1000,95,11,2014,202608~202708,Y,N,,,N,N
자양동,villa,랜드마크Ⅱ,ORIGINAL,57-97,능동로3마길 10-6,RENT,22.11,202608,14,30000,10,6,2022,202610~202810,Y,N,,,N,N
자양동,villa,성우하이츠,ORIGINAL,647-22,뚝섬로52마길 43,RENT,29.21,202608,14,22200,20,4,2015,202609~202809,N,Y,22400.0,15.0,N,N
자양동,villa,성우하이츠,ORIGINAL,647-22,뚝섬로52마길 43,RENT,29.21,202608,14,22200,20,4,2015,202609~202809,N,Y,22400.0,15.0,N,N
자양동,villa,도시엔,ORIGINAL,857,동일로18길 36,RENT,13.23,202608,14,3000,35,3,2011,202608~202611,Y,N,,,Y,Y
자양동,villa,서원빌리지,ORIGINAL,219-3,아차산로46가길 31,RENT,18.85,202608,13,20000,29,6,2020,202609~202809,Y,N,,,N,N
자양동,officetel,이스트폴,ORIGINAL,870,아차산로 400,RENT,32.13,202608,12,2000,148,9,2025,202608~202708,Y,N,,,N,N
자양동,officetel,자양오피스텔,ORIGINAL,219-6,아차산로46가길 19,RENT,22.45,202608,12,5000,52,2,2003,202608~202808,Y,N,,,Y,Y
자양동,officetel,타워더모스트광진아크로텔,ORIGINAL,779,아차산로 355,RENT,31.1,202608,12,1000,130,7,2014,202609~202709,Y,N,,,N,N
자양동,officetel,타워더모스트광진아크로텔,ORIGINAL,779,아차산로 355,RENT,23.97,202608,12,1000,95,22,2014,202609~202809,Y,N,,,N,N
자양동,villa,동일로4길 56-2,ROAD_ADDR,52-104,동일로4길 56-2,RENT,23.37,202608,12,1000,63,4,2004,202609~202809,Y,N,,,N,Y
자양동,villa,에비앙하우스,ORIGINAL,639-22,뚝섬로52다길 14-8,RENT,25.5,202608,12,25000,10,5,2016,202611~202811,Y,N,,,N,N
자양동,villa,랜드마크,ORIGINAL,52-200,뚝섬로24길 6,RENT,30.12,202608,11,24000,10,4,2016,202610~202809,Y,N,,,N,N
자양동,officetel,타워더모스트광진아크로텔,ORIGINAL,779,아차산로 355,RENT,25.21,202608,10,1000,95,8,2014,202609~202709,Y,N,,,N,N
자양동,officetel,제이 타워,ORIGINAL,219-8,아차산로 356,RENT,12.92,202608,10,60,31,11,2020,202608~202812,Y,N,,,Y,Y
자양동,officetel,제이 타워,ORIGINAL,219-8,아차산로 356,RENT,14.12,202608,10,60,34,12,2020,202608~202812,Y,N,,,Y,Y
자양동,officetel,건대 메이저 캐슬,ORIGINAL,219-24,아차산로46가길 1,RENT,22.99,202608,10,60,35,3,2020,202608~202812,Y,N,,,Y,Y
자양동,officetel,이스트폴,ORIGINAL,870,아차산로 400,RENT,32.13,202608,08,2000,147,11,2025,202610~202710,N,N,2000.0,145.0,N,N
자양동,villa,로데빌,ORIGINAL,9-2,아차산로30길 20-8,RENT,18.87,202608,08,1000,93,2,2012,202608~202808,Y,N,,,N,N
자양동,villa,아차산로30길 25-5,ROAD_ADDR,6-6,아차산로30길 25-5,RENT,19.5,202608,08,1000,55,4,2003,202608~202808,Y,N,,,Y,Y
자양동,officetel,이스트폴,ORIGINAL,870,아차산로 400,RENT,24.21,202608,06,1000,117,18,2025,202608~202708,Y,N,,,N,N
자양동,villa,뚝섬로24길 71,ROAD_ADDR,57-140,뚝섬로24길 71,RENT,14.72,202608,06,1000,60,5,2017,202610~202810,Y,N,,,Y,Y
자양동,villa,동일빌,ORIGINAL,687-3,자양로4길 44,RENT,26.89,202608,06,13000,22,2,2016,202609~202809,N,Y,13000.0,19.0,N,N
자양동,villa,준빌리지,ORIGINAL,653-16,뚝섬로 649-5,RENT,29.98,202608,06,25000,25,4,2016,202609~202809,N,Y,25000.0,20.0,N,N
자양동,villa,미산빌8차,ORIGINAL,52-89,능동로3나길 25,RENT,16.44,202608,05,1000,70,5,2021,202608~202808,Y,N,,,N,Y
자양동,villa,뚝섬로45길 5-2,ROAD_ADDR,609-20,뚝섬로45길 5-2,RENT,33.78,202608,05,6000,49,2,2013,202608~202808,N,N,6000.0,46.0,Y,Y
자양동,officetel,이스트폴,ORIGINAL,870,아차산로 400,RENT,24.21,202608,04,1000,119,14,2025,202608~202708,Y,N,,,N,N
자양동,officetel,타워더모스트광진아크로텔,ORIGINAL,779,아차산로 355,RENT,30.61,202608,03,1000,130,11,2014,202608~202708,Y,N,,,N,N
자양동,villa,베일리하임,ORIGINAL,680-13,자양로16길 18,RENT,24.36,202608,01,1000,68,6,2018,202609~202808,Y,N,,,N,Y
자양동,villa,드림빌(631-8),ORIGINAL,631-8,자양로13길 53,RENT,14.38,202608,01,1000,67,3,2011,202608~202808,Y,N,,,N,Y
자양동,villa,뚝섬로23길 97,ROAD_ADDR,4-4,뚝섬로23길 97,RENT,19.31,202608,01,1000,63,5,2013,202608~202807,Y,N,,,N,Y
자양동,officetel,이스트폴,ORIGINAL,870,아차산로 400,RENT,32.13,202607,31,2000,147,17,2025,202608~202708,Y,N,,,N,N
자양동,villa,도시엔,ORIGINAL,857,동일로18길 36,RENT,12.17,202607,31,600,70,4,2011,202608~202807,Y,N,,,N,Y
자양동,villa,도시엔,ORIGINAL,857,동일로18길 36,RENT,12.17,202607,30,1000,60,3,2011,202608~202708,Y,N,,,Y,Y
자양동,villa,형제빌딩,ORIGINAL,655,뚝섬로57길 39,RENT,24.06,202607,30,1000,70,4,2018,202610~202809,Y,N,,,N,Y
자양동,villa,대원빌15차,ORIGINAL,599-10,뚝섬로44길 45-3,RENT,27.84,202607,30,25000,30,2,2018,202609~202808,Y,N,,,N,N
자양동,officetel,타워더모스트광진아크로텔,ORIGINAL,779,아차산로 355,RENT,27.17,202607,29,21000,30,10,2014,202609~202809,Y,N,,,N,N
자양동,officetel,건대입구역자이엘라,ORIGINAL,2-2,능동로 87,RENT,18.6,202607,29,1000,130,14,2022,202608~202808,Y,N,,,N,N
자양동,villa,아차산로44가길 25,ROAD_ADDR,231-49,아차산로44가길 25,RENT,23.75,202607,29,2000,75,2,2009,202608~202807,Y,N,,,N,N
자양동,villa,랜드마크,ORIGINAL,52-200,뚝섬로24길 6,RENT,30.01,202607,27,25000,20,2,2016,202608~202808,N,N,25000.0,0.0,N,N
자양동,villa,뚝섬로49길 35,ROAD_ADDR,620-26,뚝섬로49길 35,RENT,20.13,202607,27,500,49,2,2012,202608~202808,Y,N,,,Y,Y
자양동,officetel,건대입구역자이엘라,ORIGINAL,2-2,능동로 87,RENT,18.6,202607,25,14000,75,13,2022,202609~202708,N,N,14000.0,70.0,N,N
자양동,villa,뚝섬로52라길 50-6,ROAD_ADDR,647-8,뚝섬로52라길 50-6,RENT,22.46,202607,25,2760,47,5,2018,202608~202808,Y,N,,,Y,Y
자양동,villa,로빈힐즈,ORIGINAL,771-20,자양로19가길 14-1,RENT,28.68,202607,25,19700,4,1,2020,202609~202809,N,Y,19700.0,0.0,N,N
자양동,villa,로빈힐즈,ORIGINAL,771-20,자양로19가길 14-1,RENT,28.68,202607,25,19700,4,1,2020,202609~202809,N,Y,19700.0,0.0,N,N
자양동,officetel,타워더모스트광진아크로텔,ORIGINAL,779,아차산로 355,RENT,27.17,202607,24,21000,30,10,2014,202608~202708,Y,N,,,N,N
자양동,villa,아차산로22길 17-6,ROAD_ADDR,16-39,아차산로22길 17-6,RENT,21.03,202607,24,1000,145,5,2026,202609~202809,Y,N,,,N,N
자양동,villa,아트하임기흥,ORIGINAL,612-47,자양로15길 52,RENT,29.23,202607,23,5000,160,2,2023,202607~202807,Y,N,,,N,N
자양동,villa,뚝섬로23길 54,ROAD_ADDR,553-474,뚝섬로23길 54,RENT,33.69,202607,23,13200,15,2,2011,202610~202810,N,Y,12600.0,15.0,N,N
자양동,officetel,타워더모스트광진아크로텔,ORIGINAL,779,아차산로 355,RENT,23.97,202607,22,20000,4,16,2014,202609~202809,N,Y,20000.0,0.0,N,N
자양동,villa,뚝섬로58길 28,ROAD_ADDR,664-27,뚝섬로58길 28,RENT,19.35,202607,22,1000,56,3,2013,202608~202808,Y,N,,,Y,Y
자양동,villa,리채,ORIGINAL,595-9,자양번영로2길 59-8,RENT,36.57,202607,21,5000,120,2,2015,202609~202809,Y,N,,,N,N
자양동,officetel,타워더모스트광진아크로텔,ORIGINAL,779,아차산로 355,RENT,22.76,202607,20,1000,79,8,2014,202607~202707,N,Y,1000.0,75.0,N,N
자양동,officetel,타워더모스트광진아크로텔,ORIGINAL,779,아차산로 355,RENT,22.76,202607,20,15000,40,20,2014,202608~202708,Y,N,,,N,N
자양동,villa,기성펠리체3,ORIGINAL,218-15,아차산로46길 19,RENT,31.77,202607,20,30000,5,3,2018,202609~202809,Y,N,,,N,N
자양동,villa,윤영홈,ORIGINAL,678-6,뚝섬로58길 23,RENT,32.63,202607,20,10000,44,4,2013,202607~202807,N,N,10000.0,44.0,N,N
자양동,villa,플레이스자양2차,ORIGINAL,16-15,아차산로24길 24-4,RENT,23.25,202607,18,2000,150,3,2026,202608~202808,Y,N,,,N,N
자양동,villa,드림빌(631-8),ORIGINAL,631-8,자양로13길 53,RENT,14.16,202607,18,2000,62,4,2011,202608~202808,Y,N,,,N,Y
자양동,villa,유플러스빌,ORIGINAL,661-33,뚝섬로 663,RENT,32.41,202607,18,21830,4,3,2014,202607~202807,Y,N,,,N,N
자양동,officetel,타워더모스트광진아크로텔,ORIGINAL,779,아차산로 355,RENT,23.97,202607,17,20000,20,16,2014,202608~202808,Y,N,,,N,N
자양동,officetel,건대입구역자이엘라,ORIGINAL,2-2,능동로 87,RENT,18.91,202607,17,15000,65,17,2022,202611~202811,N,Y,15000.0,50.0,N,N
자양동,officetel,자양 호반써밋,ORIGINAL,861,능동로 69,RENT,29.94,202607,17,5000,170,7,2021,202608~202808,Y,N,,,N,N
자양동,villa,파랑새빌라(597-30),ORIGINAL,597-30,자양번영로4길 42-17,RENT,23.2,202607,17,22500,13,4,2016,202607~202807,Y,N,,,N,N
자양동,villa,그랑시아,ORIGINAL,685-7,자양로6길 22,RENT,24.06,202607,17,5500,94,5,2017,202610~202810,Y,N,,,N,N
자양동,villa,유일빌딩,ORIGINAL,616-24,뚝섬로 623,RENT,33.78,202607,16,4000,150,3,2014,202609~202809,Y,N,,,N,N
자양동,officetel,건대입구역자이엘라,ORIGINAL,2-2,능동로 87,RENT,18.41,202607,15,1000,126,17,2022,202608~202708,N,Y,1000.0,120.0,N,N
자양동,villa,우석메이빌,ORIGINAL,603-23,자양번영로6길 30,RENT,29.41,202607,15,21500,15,3,2017,202607~202707,N,N,21500.0,4.0,N,N
자양동,villa,청록빌라,ORIGINAL,614-50,뚝섬로47길 29,RENT,36.45,202607,15,14500,10,-1,2002,202608~202808,Y,N,,,N,N
자양동,officetel,이스트폴,ORIGINAL,870,아차산로 400,RENT,32.13,202607,14,2000,144,13,2025,202609~202709,N,N,2000.0,142.0,N,N
자양동,villa,뚝섬로52나길 50-15,ROAD_ADDR,650-43,뚝섬로52나길 50-15,RENT,38.7,202607,14,18000,18,2,2016,202609~202809,Y,N,,,N,N
자양동,villa,세인빌딩,ORIGINAL,622-27,뚝섬로51길 49,RENT,36.8,202607,14,17000,30,2,2001,202608~202808,Y,N,,,N,N
자양동,officetel,이스트폴,ORIGINAL,870,아차산로 400,RENT,23.71,202607,13,1000,113,20,2025,202609~202709,Y,N,,,N,N
자양동,villa,케이제이팰리스,ORIGINAL,219-36,아차산로46가길 11,RENT,28.56,202607,13,1500,92,7,2019,202609~202809,Y,N,,,N,N
자양동,villa,기성펠리체3,ORIGINAL,218-15,아차산로46길 19,RENT,17.83,202607,13,13000,20,5,2018,202607~202807,Y,N,,,N,N
자양동,officetel,타워더모스트광진아크로텔,ORIGINAL,779,아차산로 355,RENT,23.97,202607,11,1000,95,13,2014,202607~202807,Y,N,,,N,N
자양동,villa,자양스윗빌,ORIGINAL,227-134,자양번영로11길 5-1,RENT,23.91,202607,11,16000,24,2,2016,202607~202807,N,Y,16000.0,20.0,N,N
자양동,villa,리베르떼자양,ORIGINAL,58-5,능동로3라길 12,RENT,29.92,202607,11,23000,10,5,2020,202609~202809,Y,N,,,N,N
자양동,villa,뚝섬로46길 19-5,ROAD_ADDR,603-28,뚝섬로46길 19-5,RENT,30.24,202607,11,5000,60,3,2008,202608~202808,Y,N,,,Y,Y
자양동,villa,아차산로22길 17-6,ROAD_ADDR,16-39,아차산로22길 17-6,RENT,23.38,202607,09,2000,150,2,2026,202608~202808,Y,N,,,N,N
자양동,villa,아차산로30길 25-5,ROAD_ADDR,6-6,아차산로30길 25-5,RENT,18.3,202607,09,1000,53,2,2003,202607~202807,Y,N,,,Y,Y
자양동,villa,아차산로30길 25-5,ROAD_ADDR,6-6,아차산로30길 25-5,RENT,18.75,202607,09,500,30,4,2003,202607~202807,Y,N,,,Y,Y
자양동,villa,아차산로44길 11,ROAD_ADDR,221-6,아차산로44길 11,RENT,21.68,202607,08,5000,80,3,2023,202607~202807,Y,N,,,N,N
자양동,villa,플레이스자양2차,ORIGINAL,16-15,아차산로24길 24-4,RENT,25.63,202607,07,2000,155,3,2026,202607~202807,Y,N,,,N,N
자양동,officetel,타워더모스트광진아크로텔,ORIGINAL,779,아차산로 355,RENT,23.97,202607,06,1000,95,15,2014,202609~202709,Y,N,,,N,N
자양동,villa,아스하임(626-3),ORIGINAL,626-3,자양로13길 8,RENT,15.66,202607,06,2000,135,8,2017,202607~202807,Y,N,,,N,N
자양동,villa,그랑시아,ORIGINAL,685-7,자양로6길 22,RENT,28.02,202607,06,3000,100,6,2017,202607~202807,Y,N,,,N,N
자양동,villa,까사리버,ORIGINAL,202-36,뚝섬로22길 33-6,RENT,20.64,202607,06,22000,4,3,2022,202608~202808,N,Y,22000.0,0.0,N,N
자양동,villa,라테우스,ORIGINAL,46-8,뚝섬로28길 21,RENT,22.11,202607,05,29000,5,6,2024,202608~202808,N,Y,29000.0,0.0,N,N
자양동,villa,아차산로30길 25-5,ROAD_ADDR,6-6,아차산로30길 25-5,RENT,18.75,202607,04,500,60,4,2003,202608~202808,Y,N,,,Y,Y
자양동,villa,RS6264,ORIGINAL,626-4,자양로13길 6,RENT,19.84,202607,04,3000,116,7,2025,202607~202807,Y,N,,,N,N
자양동,villa,뚝섬로52마길 47,ROAD_ADDR,647-24,뚝섬로52마길 47,RENT,32.93,202607,04,24000,11,3,2015,202609~202809,N,N,24000.0,6.0,N,N
자양동,villa,은호빌,ORIGINAL,669-5,뚝섬로58길 83-9,RENT,31.65,202607,04,2000,65,4,2003,202608~202808,Y,N,,,N,Y
자양동,villa,RS6264,ORIGINAL,626-4,자양로13길 6,RENT,19.84,202607,04,3000,125,7,2025,202607~202807,Y,N,,,N,N
자양동,villa,동일로18길 41,ROAD_ADDR,13-40,동일로18길 41,RENT,29.63,202607,02,1000,110,3,2014,202607~202807,Y,N,,,N,N
자양동,villa,라클라쎄,ORIGINAL,666-16,자양로3길 65-9,RENT,29.79,202607,02,5000,148,4,2021,202608~202808,Y,N,,,N,N
자양동,villa,라클라쎄,ORIGINAL,666-16,자양로3길 65-9,RENT,29.79,202607,02,5000,147,4,2021,202608~202808,Y,N,,,N,N
자양동,villa,가은빌,ORIGINAL,553-5,능동로7길 38,RENT,11.96,202607,01,1000,66,4,2015,202607~202807,N,N,1000.0,63.0,N,Y
자양동,villa,WinnerSiwon,ORIGINAL,227-144,자양번영로11길 9-5,RENT,23.08,202607,01,12000,80,7,2019,202607~202807,Y,N,,,N,N
자양동,villa,WinnerSiwon,ORIGINAL,227-144,자양번영로11길 9-5,RENT,23.08,202607,01,12000,80,7,2019,202607~202807,Y,N,,,N,N
자양동,villa,라클라쎄,ORIGINAL,666-16,자양로3길 65-9,RENT,29.79,202607,01,5000,148,4,2021,202608~202808,Y,N,,,N,N
자양동,villa,뚝섬로47길 32-5,ROAD_ADDR,620-1,뚝섬로47길 32-5,RENT,9.84,202607,01,10000,50,4,2015,202608~202808,Y,N,,,N,N
자양동,villa,WinnerSiwon,ORIGINAL,227-144,자양번영로11길 9-5,RENT,23.08,202607,01,12000,80,7,2019,202607~202807,Y,N,,,N,N
자양동,officetel,드림타운,ORIGINAL,794,아차산로 312,RENT,18.2,202606,30,1000,52,4,1983,202607~202807,Y,N,,,Y,Y
자양동,officetel,이스트폴,ORIGINAL,870,아차산로 400,RENT,34.2,202606,30,2000,156,19,2025,202607~202707,Y,N,,,N,N
자양동,officetel,이스트폴,ORIGINAL,870,아차산로 400,RENT,32.66,202606,30,2000,150,11,2025,202607~202707,Y,N,,,N,N
자양동,villa,첼시하우스,ORIGINAL,677-12,자양로3길 10,RENT,27.55,202606,30,21000,13,2,2018,202607~202807,N,Y,21000.0,9.0,N,N
자양동,officetel,이스트폴,ORIGINAL,870,아차산로 400,RENT,32.13,202606,29,2000,141,8,2025,202607~202707,Y,N,,,N,N
자양동,villa,준빌라트,ORIGINAL,655-40,자양로7길 30,RENT,28.01,202606,29,1000,71,2,2010,202608~202808,Y,N,,,N,N
자양동,villa,지인재,ORIGINAL,218-44,아차산로46나길 7,RENT,22.98,202606,29,7000,63,2,2021,202607~202707,N,N,7000.0,60.0,N,N
자양동,villa,베일리하임,ORIGINAL,680-13,자양로16길 18,RENT,12.95,202606,29,13000,16,7,2018,202608~202808,Y,N,,,N,N
자양동,villa,뚝섬로47길 32-5,ROAD_ADDR,620-1,뚝섬로47길 32-5,RENT,20.35,202606,27,3000,65,4,2015,202608~202808,N,N,3000.0,65.0,N,Y
자양동,villa,준성빌,ORIGINAL,553-288,능동로5길 25,RENT,29.94,202606,26,500,46,2,2016,202607~202807,Y,N,,,Y,Y
자양동,villa,BRICKHANDS,ORIGINAL,227-298,자양번영로9길 16-7,RENT,20.64,202606,26,14000,11,2,2018,202607~202807,Y,N,,,N,N
자양동,officetel,이스트폴,ORIGINAL,870,아차산로 400,RENT,32.13,202606,25,2000,157,16,2025,202607~202707,Y,N,,,N,N
자양동,villa,골든빌,ORIGINAL,631-25,자양로13길 63-4,RENT,18.6,202606,24,1000,60,3,2021,202607~202807,Y,N,,,Y,Y
자양동,villa,형제빌딩,ORIGINAL,655,뚝섬로57길 39,RENT,24.39,202606,24,3000,120,2,2018,202608~202808,Y,N,,,N,N
자양동,villa,아차산로22길 17-6,ROAD_ADDR,16-39,아차산로22길 17-6,RENT,24.48,202606,24,2000,145,3,2026,202607~202807,Y,N,,,N,N
자양동,officetel,타워더모스트광진아크로텔,ORIGINAL,779,아차산로 355,RENT,23.97,202606,23,20200,20,10,2014,202608~202808,Y,N,,,N,N
자양동,villa,성지빌라,ORIGINAL,683-28,자양로6길 45,RENT,29.48,202606,23,3000,116,5,2017,202607~202807,Y,N,,,N,N
자양동,villa,아차산로22길 17-6,ROAD_ADDR,16-39,아차산로22길 17-6,RENT,23.38,202606,23,5000,124,3,2026,202606~202806,Y,N,,,N,N
자양동,villa,아차산로26길 34,ROAD_ADDR,13-70,아차산로26길 34,RENT,14.76,202606,23,1000,50,3,2009,202608~202807,Y,N,,,Y,Y
자양동,villa,뚝섬로62길 60,ROAD_ADDR,690-18,뚝섬로62길 60,RENT,38.4,202606,23,0,5,2,2003,202606~202806,Y,N,,,Y,Y
자양동,villa,더트윈2,ORIGINAL,219-23,아차산로46가길 5,RENT,29.87,202606,22,5000,111,6,2020,202608~202808,Y,N,,,N,N
자양동,villa,럭스빌(616-3),ORIGINAL,616-3,자양로13다길 13,RENT,17.28,202606,22,3000,60,4,2011,202606~202806,Y,N,,,Y,Y
자양동,officetel,타워더모스트광진아크로텔,ORIGINAL,779,아차산로 355,RENT,30.61,202606,20,1000,130,14,2014,202606~202706,Y,N,,,N,N
자양동,officetel,더 퍼스트 스테이,ORIGINAL,680-9,자양로16길 12,RENT,21.87,202606,20,1100,75,4,2019,202607~202807,Y,N,,,N,N
자양동,villa,윤영홈,ORIGINAL,678-6,뚝섬로58길 23,RENT,32.63,202606,20,3000,90,2,2013,202606~202806,N,N,3000.0,90.0,N,N
자양동,villa,경성타워,ORIGINAL,640-20,뚝섬로52라길 12,RENT,28.19,202606,20,21000,15,5,2013,202607~202610,N,Y,20000.0,15.0,N,N
자양동,villa,팔라티노(684-19),ORIGINAL,684-19,자양로4길 43-3,RENT,27.85,202606,20,15750,61,4,2020,202606~202806,N,N,15000.0,58.0,N,N
자양동,officetel,이스트폴,ORIGINAL,870,아차산로 400,RENT,24.21,202606,19,1000,115,12,2025,202606~202706,Y,N,,,N,N
자양동,villa,금성빌,ORIGINAL,631-1,뚝섬로57길 59,RENT,20.38,202606,18,1000,57,3,2011,202606~202806,N,Y,1000.0,54.0,Y,Y
자양동,villa,자양리치빌Ⅳ,ORIGINAL,57-90,능동로3마길 10-3,RENT,16.95,202606,18,1000,60,4,2021,202606~202806,Y,N,,,Y,Y
자양동,officetel,타워더모스트광진아크로텔,ORIGINAL,779,아차산로 355,RENT,23.97,202606,17,1000,100,7,2014,202606~202706,Y,N,,,N,N
자양동,officetel,이스트폴,ORIGINAL,870,아차산로 400,RENT,32.13,202606,17,2000,151,15,2025,202607~202706,Y,N,,,N,N
자양동,officetel,자양 호반써밋,ORIGINAL,861,능동로 69,RENT,18.74,202606,17,1000,110,5,2021,202607~202707,Y,N,,,N,N
자양동,villa,토미빌,ORIGINAL,596-13,뚝섬로50길 33,RENT,29.59,202606,17,4000,60,2,2009,202606~202806,Y,N,,,Y,Y
자양동,officetel,이스트폴,ORIGINAL,870,아차산로 400,RENT,22.46,202606,16,1000,102,16,2025,202607~202706,Y,N,,,N,N
자양동,officetel,아차산로 317,ROAD_ADDR,224-12,아차산로 317,RENT,20.52,202606,15,12000,15,4,2002,202607~202807,Y,N,,,N,N
자양동,villa,도시엔,ORIGINAL,857,동일로18길 36,RENT,12.17,202606,15,10000,15,2,2011,202607~202707,N,N,10000.0,15.0,N,N
자양동,villa,스타필드리버뷰Ⅰ,ORIGINAL,687-13,뚝섬로64길 34,RENT,25.5,202606,15,30000,10,4,2023,202608~202808,Y,N,,,N,N
자양동,villa,스타필드리버뷰Ⅰ,ORIGINAL,687-13,뚝섬로64길 34,RENT,25.5,202606,15,30000,10,4,2023,202608~202808,Y,N,,,N,N
자양동,villa,뚝섬로24길 10,ROAD_ADDR,52-203,뚝섬로24길 10,RENT,26.64,202606,15,5000,77,3,2018,202607~202807,Y,N,,,N,N
자양동,officetel,결,ORIGINAL,680-6,자양로16길 8-3,RENT,23.56,202606,13,29000,5,5,2020,202608~202808,N,Y,29000.0,0.0,N,N
자양동,villa,자양로4길 50,ROAD_ADDR,687-14,자양로4길 50,RENT,29.58,202606,13,22800,10,5,2005,202608~202808,Y,N,,,N,N
자양동,villa,자양번영로12길 5-4,ROAD_ADDR,798-8,자양번영로12길 5-4,RENT,16.125,202606,13,10000,17,5,2014,202607~202807,Y,N,,,N,N
자양동,villa,금강빌라,ORIGINAL,474-7,자양번영로3다길 20,RENT,37.08,202606,12,3000,85,3,1994,202606~202806,N,N,3000.0,80.0,N,N
자양동,villa,퀸앤킹(622-28),ORIGINAL,622-28,뚝섬로51길 47,RENT,31.92,202606,12,15000,20,5,2013,202608~202808,Y,N,,,N,N
자양동,villa,퀸앤킹(622-28),ORIGINAL,622-28,뚝섬로51길 47,RENT,15.61,202606,12,5000,40,4,2013,202608~202702,Y,N,,,Y,Y
자양동,officetel,이스트폴,ORIGINAL,870,아차산로 400,RENT,24.21,202606,11,1000,112,11,2025,202607~202707,Y,N,,,N,N
자양동,villa,아름빌(622-12),ORIGINAL,622-12,뚝섬로49길 64,RENT,32.48,202606,11,7000,60,2,2009,202608~202808,Y,N,,,Y,N
자양동,villa,삼원제우스,ORIGINAL,54-23,뚝섬로22가길 56,RENT,29.03,202606,11,4000,85,2,2016,202606~202806,N,N,4000.0,75.0,N,N
자양동,officetel,이스트폴,ORIGINAL,870,아차산로 400,RENT,24.21,202606,10,1000,117,10,2025,202607~202707,Y,N,,,N,N
자양동,villa,아차산로22길 17-6,ROAD_ADDR,16-39,아차산로22길 17-6,RENT,27.16,202606,10,3000,145,6,2026,202606~202806,Y,N,,,N,N
자양동,villa,아차산로34길 32-3,ROAD_ADDR,5-31,아차산로34길 32-3,RENT,17.85,202606,10,500,42,4,1992,202607~202707,Y,N,,,Y,Y
자양동,villa,트윈빌,ORIGINAL,10-44,아차산로26길 17-6,RENT,20.75,202606,09,500,55,3,2015,202607~202807,Y,N,,,Y,Y
자양동,villa,유진빌,ORIGINAL,217-4,아차산로46나길 8-5,RENT,25.36,202606,09,2000,65,4,2019,202607~202807,Y,N,,,N,Y
자양동,villa,트윈빌,ORIGINAL,10-44,아차산로26길 17-6,RENT,18.56,202606,09,500,53,3,2015,202607~202807,Y,N,,,Y,Y
자양동,officetel,이스트폴,ORIGINAL,870,아차산로 400,RENT,32.13,202606,08,2000,151,13,2025,202606~202706,Y,N,,,N,N
자양동,villa,아차산로22길 17-6,ROAD_ADDR,16-39,아차산로22길 17-6,RENT,23.91,202606,08,2000,150,4,2026,202606~202806,Y,N,,,N,N
자양동,villa,자양번영로8길 17,ROAD_ADDR,611-32,자양번영로8길 17,RENT,36.83,202606,07,6000,48,2,2007,202606~202806,Y,N,,,Y,Y
자양동,officetel,자양 호반써밋,ORIGINAL,861,능동로 69,RENT,18.74,202606,06,1000,150,10,2021,202606~202706,Y,N,,,N,N
자양동,villa,능동로3라길 11,ROAD_ADDR,57-91,능동로3라길 11,RENT,28.27,202606,06,13000,55,6,2018,202606~202706,N,N,13000.0,50.0,N,N
자양동,villa,드림하이빌1차,ORIGINAL,227-102,자양번영로11길 16-1,RENT,29.95,202606,06,5000,115,3,2019,202607~202807,Y,N,,,N,N
자양동,villa,리버빌B동(610-49),ORIGINAL,610-49,뚝섬로43길 25,RENT,39.22,202606,06,29400,20,4,2015,202607~202807,N,Y,29400.0,15.0,N,N
자양동,villa,자양빌딩,ORIGINAL,227-223,아차산로38길 20,RENT,26.85,202606,06,1000,70,3,2003,202606~202806,Y,N,,,N,Y
자양동,villa,향기빌리지,ORIGINAL,624,자양로13가길 8,RENT,24.86,202606,06,24570,13,4,2019,202608~202808,N,Y,24000.0,10.0,N,N
자양동,villa,아스하임(626-3),ORIGINAL,626-3,자양로13길 8,RENT,17.22,202606,06,23000,10,6,2017,202608~202808,Y,N,,,N,N
자양동,officetel,타워더모스트광진아크로텔,ORIGINAL,779,아차산로 355,RENT,23.97,202606,05,500,95,17,2014,202606~202706,N,N,500.0,90.0,N,N
자양동,officetel,이스트폴,ORIGINAL,870,아차산로 400,RENT,23.71,202606,05,1000,117,18,2025,202606~202706,Y,N,,,N,N
자양동,villa,미산빌8차,ORIGINAL,52-89,능동로3나길 25,RENT,16.44,202606,05,1000,70,5,2021,202608~202808,Y,N,,,N,Y
자양동,villa,아차산로44길 3,ROAD_ADDR,221-4,아차산로44길 3,RENT,18.74,202606,05,5500,120,5,2018,202607~202807,Y,N,,,N,N
자양동,officetel,이스트폴,ORIGINAL,870,아차산로 400,RENT,23.71,202606,04,1000,115,12,2025,202606~202706,Y,N,,,N,N
자양동,officetel,이스트폴,ORIGINAL,870,아차산로 400,RENT,24.21,202606,04,1000,112,9,2025,202606~202706,Y,N,,,N,N
자양동,officetel,이스트폴,ORIGINAL,870,아차산로 400,RENT,22.46,202606,04,1000,102,17,2025,202606~202706,Y,N,,,N,N
자양동,villa,RS6264,ORIGINAL,626-4,자양로13길 6,RENT,30.96,202606,04,3000,160,5,2025,202606~202806,Y,N,,,N,N
자양동,villa,더트윈1,ORIGINAL,219-22,아차산로46가길 7,RENT,14.26,202606,04,17700,9,6,2020,202607~202807,N,Y,17700.0,6.0,N,N
자양동,villa,도시엔,ORIGINAL,857,동일로18길 36,RENT,12.17,202606,03,1000,60,2,2011,202606~202706,Y,N,,,Y,Y
자양동,villa,해피빌,ORIGINAL,625-23,뚝섬로51길 69-1,RENT,21.18,202606,03,1000,59,4,2012,202606~202806,Y,N,,,Y,Y
자양동,officetel,그라시아빌딩,ORIGINAL,222-2,아차산로 340,RENT,26.03,202606,02,5000,80,2,2022,202606~202806,Y,N,,,N,N
자양동,officetel,이스트폴,ORIGINAL,870,아차산로 400,RENT,32.13,202606,02,2000,154,18,2025,202606~202706,Y,N,,,N,N
자양동,villa,자양빌딩,ORIGINAL,227-223,아차산로38길 20,RENT,30.01,202606,02,1000,70,3,2003,202606~202706,N,N,8000.0,28.0,N,Y
자양동,villa,리치빌-10,ORIGINAL,16-6,아차산로24길 10,RENT,12.16,202606,02,500,60,3,2012,202606~202806,Y,N,,,Y,Y
자양동,villa,아트하임기흥,ORIGINAL,612-47,자양로15길 52,RENT,29.47,202606,02,3000,168,3,2023,202606~202806,N,Y,3000.0,160.0,N,N
자양동,villa,리치빌-10,ORIGINAL,16-6,아차산로24길 10,RENT,12.95,202606,02,500,70,4,2012,202606~202806,Y,N,,,N,Y
자양동,officetel,타워더모스트광진아크로텔,ORIGINAL,779,아차산로 355,RENT,23.97,202606,01,11000,50,10,2014,202606~202806,Y,N,,,N,N
자양동,officetel,타워더모스트광진아크로텔,ORIGINAL,779,아차산로 355,RENT,23.97,202606,01,20000,4,19,2014,202606~202806,N,Y,20000.0,0.0,N,N
자양동,villa,다온터,ORIGINAL,838-10,동일로10가길 14-1,RENT,20.79,202606,01,1000,68,4,2017,202606~202805,Y,N,,,N,Y
자양동,villa,강변愛팰리스,ORIGINAL,672-16,자양로3가길 46,RENT,28.66,202606,01,5000,100,2,2015,202607~202807,Y,N,,,N,N
자양동,officetel,금강태극빌,ORIGINAL,779-3,아차산로 353,RENT,30.93,202605,30,12000,30,3,2005,202606~202806,Y,N,,,N,N
자양동,officetel,자양 호반써밋,ORIGINAL,861,능동로 69,RENT,21.38,202605,30,1000,104,7,2021,202606~202706,Y,N,,,N,N
자양동,villa,팔라티노(684-18),ORIGINAL,684-18,자양로4길 43-4,RENT,28.15,202605,30,12000,44,3,2020,202607~202807,Y,N,,,N,N
자양동,villa,Y-PARK2차,ORIGINAL,680-11,자양로16길 14,RENT,20.01,202605,30,26460,3,7,2021,202609~202809,Y,N,,,N,N
자양동,villa,팔라티노(684-18),ORIGINAL,684-18,자양로4길 43-4,RENT,28.15,202605,30,12000,44,3,2020,202607~202807,Y,N,,,N,N
자양동,villa,팔라티노(684-18),ORIGINAL,684-18,자양로4길 43-4,RENT,28.15,202605,30,12000,45,3,2020,202607~202807,Y,N,,,N,N
자양동,officetel,더 트윈1,ORIGINAL,219-22,아차산로46가길 7,RENT,38.83,202605,29,30000,12,5,2020,202608~202808,Y,N,,,N,N
자양동,officetel,이스트폴,ORIGINAL,870,아차산로 400,RENT,35.93,202605,29,2000,165,11,2025,202606~202706,Y,N,,,N,N
자양동,officetel,타워더모스트광진아크로텔,ORIGINAL,779,아차산로 355,RENT,23.97,202605,29,1000,95,8,2014,202606~202706,Y,N,,,N,N
자양동,villa,아차산로40길 33,ROAD_ADDR,229-45,아차산로40길 33,RENT,25.4,202605,29,25000,25,2,2022,202606~202806,N,Y,25000.0,20.0,N,N
자양동,villa,도시엔,ORIGINAL,857,동일로18길 36,RENT,13.38,202605,29,1000,60,4,2011,202605~202705,Y,N,,,Y,Y
자양동,villa,미도빌,ORIGINAL,6-17,아차산로32길 26,RENT,15.96,202605,29,1000,75,3,2013,202606~202806,Y,N,,,N,N
자양동,villa,성호,ORIGINAL,16-5,아차산로22길 21-1,RENT,29.76,202605,29,1000,65,1,1990,202606~202806,Y,N,,,N,Y
자양동,villa,파랑새빌라(597-30),ORIGINAL,597-30,자양번영로4길 42-17,RENT,23.2,202605,28,22500,13,4,2016,202607~202807,Y,N,,,N,N
자양동,villa,더스위트자양,ORIGINAL,202-34,뚝섬로22길 35,RENT,18.95,202605,27,3000,110,3,2022,202606~202806,Y,N,,,N,N
자양동,villa,헤렌하우스(772-19),ORIGINAL,772-19,자양로19길 62-7,RENT,28.74,202605,27,19000,40,4,2018,202607~202807,Y,N,,,N,N
자양동,villa,광성,ORIGINAL,678-1,뚝섬로58길 19,RENT,26.6,202605,27,1000,63,4,2005,202607~202807,Y,N,,,N,Y
자양동,officetel,이스트폴,ORIGINAL,870,아차산로 400,RENT,34.2,202605,26,2000,159,17,2025,202606~202706,Y,N,,,N,N
자양동,officetel,타워더모스트광진아크로텔,ORIGINAL,779,아차산로 355,RENT,23.97,202605,25,18000,30,13,2014,202607~202807,Y,N,,,N,N
자양동,villa,서원하우징(661-28),ORIGINAL,661-28,뚝섬로55길 6-6,RENT,29.69,202605,25,4000,67,3,2014,202605~202805,N,N,4000.0,62.0,N,Y
자양동,villa,WinnerSiwon,ORIGINAL,227-144,자양번영로11길 9-5,RENT,23.32,202605,25,2000,94,4,2019,202606~202806,N,Y,2000.0,90.0,N,N
자양동,villa,미도빌,ORIGINAL,6-17,아차산로32길 26,RENT,15.04,202605,25,1000,78,3,2013,202606~202806,Y,N,,,N,N
자양동,villa,뚝섬로62길 5,ROAD_ADDR,683-16,뚝섬로62길 5,RENT,17.02,202605,23,2000,53,5,2006,202605~202805,N,Y,2000.0,50.0,Y,Y
자양동,villa,시그니처601,ORIGINAL,601-10,자양번영로 24,RENT,29.11,202605,23,41000,5,2,2020,202607~202807,N,N,40000.0,0.0,N,N
자양동,villa,동일로2길 34,ROAD_ADDR,193-32,동일로2길 34,RENT,16.96,202605,23,1000,45,2,2007,202606~202806,Y,N,,,Y,Y
자양동,villa,시그니처601,ORIGINAL,601-10,자양번영로 24,RENT,29.11,202605,23,41000,4,2,2020,202607~202807,N,N,40000.0,0.0,N,N
자양동,officetel,자양 호반써밋,ORIGINAL,861,능동로 69,RENT,21.38,202605,22,2000,115,15,2021,202607~202707,Y,N,,,N,N
자양동,officetel,건대입구역자이엘라,ORIGINAL,2-2,능동로 87,RENT,18.1,202605,22,16500,24,8,2022,202605~202805,N,N,17000.0,18.0,N,N
자양동,villa,아차산로30길 25-5,ROAD_ADDR,6-6,아차산로30길 25-5,RENT,22.53,202605,22,1000,53,3,2003,202606~202806,N,N,1000.0,50.0,Y,Y
자양동,villa,랜드마크Ⅱ,ORIGINAL,57-97,능동로3마길 10-6,RENT,20.4,202605,22,30000,5,4,2022,202608~202808,Y,N,,,N,N
자양동,officetel,이스트폴,ORIGINAL,870,아차산로 400,RENT,32.13,202605,21,2000,157,17,2025,202606~202706,Y,N,,,N,N
자양동,villa,아스하임(626-3),ORIGINAL,626-3,자양로13길 8,RENT,15.66,202605,21,1000,105,7,2017,202605~202705,N,N,1000.0,100.0,N,N
자양동,officetel,이스트폴,ORIGINAL,870,아차산로 400,RENT,24.21,202605,20,1000,112,8,2025,202605~202705,Y,N,,,N,N
자양동,villa,준빌라트,ORIGINAL,655-40,자양로7길 30,RENT,30.79,202605,20,2000,44,4,2010,202606~202706,Y,N,,,Y,Y
자양동,villa,미샹보르b,ORIGINAL,52-100,능동로3나길 22,RENT,29.76,202605,20,5000,145,4,2021,202606~202806,Y,N,,,N,N
자양동,villa,뚝섬로52나길 41,ROAD_ADDR,651-56,뚝섬로52나길 41,RENT,29.68,202605,20,2000,60,1,2016,202605~202805,Y,N,,,Y,Y
자양동,officetel,큐브스테이트,ORIGINAL,680-12,자양로16길 16,RENT,36.44,202605,19,3000,140,4,2018,202606~202806,Y,N,,,N,N
자양동,officetel,이스트폴,ORIGINAL,870,아차산로 400,RENT,23.71,202605,19,1000,113,9,2025,202605~202705,Y,N,,,N,N
자양동,villa,도시엔,ORIGINAL,857,동일로18길 36,RENT,13.38,202605,19,3000,53,2,2011,202606~202806,N,Y,3000.0,53.0,Y,Y
자양동,villa,뚝섬로57길 55,ROAD_ADDR,631-3,뚝섬로57길 55,RENT,38.74,202605,19,2000,91,3,2013,202607~202807,Y,N,,,N,N
자양동,villa,한아름빌,ORIGINAL,838-2,동일로10가길 24-4,RENT,18.04,202605,18,2000,130,5,2019,202605~202805,Y,N,,,N,N
자양동,villa,건대메이저캐슬,ORIGINAL,219-24,아차산로46가길 1,RENT,18.32,202605,18,5386,20,9,2020,202607~202806,N,N,5180.0,43.0,Y,Y
자양동,officetel,더 퍼스트 스테이,ORIGINAL,680-9,자양로16길 12,RENT,32.05,202605,16,3000,140,3,2019,202606~202806,Y,N,,,N,N
자양동,officetel,자양 호반써밋,ORIGINAL,861,능동로 69,RENT,29.94,202605,16,3000,150,5,2021,202606~202806,Y,N,,,N,N
자양동,villa,자양스윗빌,ORIGINAL,227-134,자양번영로11길 5-1,RENT,22.75,202605,16,3000,85,3,2016,202606~202806,Y,N,,,N,N
자양동,villa,미도빌,ORIGINAL,6-17,아차산로32길 26,RENT,14.82,202605,16,1000,75,3,2013,202605~202805,Y,N,,,N,N
자양동,officetel,타워더모스트광진아크로텔,ORIGINAL,779,아차산로 355,RENT,27.17,202605,15,1000,95,7,2014,202606~202806,N,N,1000.0,90.0,N,N
자양동,officetel,이스트폴,ORIGINAL,870,아차산로 400,RENT,24.21,202605,15,1000,115,15,2025,202605~202705,Y,N,,,N,N
자양동,officetel,이스트폴,ORIGINAL,870,아차산로 400,RENT,24.21,202605,15,1000,115,14,2025,202605~202705,Y,N,,,N,N
자양동,villa,형제빌딩,ORIGINAL,655,뚝섬로57길 39,RENT,13.5,202605,15,2000,65,4,2018,202606~202806,Y,N,,,N,Y
자양동,villa,한솔센트빌,ORIGINAL,595-4,자양번영로2길 59-11,RENT,21.6,202605,15,500,60,5,2009,202606~202806,Y,N,,,Y,Y
자양동,villa,자양에스하임1,ORIGINAL,643-16,뚝섬로52마길 42-9,RENT,28.91,202605,14,300,26,4,2015,202606~202808,Y,N,,,Y,Y
자양동,villa,자양번영로6길 26,ROAD_ADDR,603,자양번영로6길 26,RENT,12.06,202605,14,5000,35,3,2013,202605~202805,N,N,5000.0,35.0,Y,Y
자양동,officetel,이스트폴,ORIGINAL,870,아차산로 400,RENT,23.71,202605,13,1000,109,8,2025,202605~202705,Y,N,,,N,N
자양동,officetel,이스트폴,ORIGINAL,870,아차산로 400,RENT,23.71,202605,13,1000,113,17,2025,202605~202705,Y,N,,,N,N
자양동,officetel,드림타운,ORIGINAL,794,아차산로 312,RENT,27.33,202605,13,1000,65,2,1983,202606~202806,Y,N,,,N,Y
자양동,villa,로빈힐즈,ORIGINAL,771-20,자양로19가길 14-1,RENT,37.25,202605,13,28790,10,2,2020,202608~202808,N,N,29850.0,0.0,N,N
자양동,villa,아데나루체,ORIGINAL,229-23,아차산로40길 59-5,RENT,29.74,202605,13,20000,15,3,2016,202605~202805,N,N,20000.0,11.0,N,N
자양동,villa,대원빌15차,ORIGINAL,599-10,뚝섬로44길 45-3,RENT,27.84,202605,13,25000,25,3,2018,202606~202806,N,Y,25000.0,20.0,N,N
자양동,villa,어반캐슬(611-36),ORIGINAL,611-36,아차산로40길 72,RENT,30.31,202605,11,10000,81,6,2016,202606~202806,N,Y,10000.0,76.0,N,N
자양동,villa,닥터하우스,ORIGINAL,603-26,자양번영로6길 34,RENT,31.38,202605,11,20000,50,2,2016,202607~202807,Y,N,,,N,N
자양동,villa,BRICKHANDS,ORIGINAL,227-298,자양번영로9길 16-7,RENT,29.92,202605,11,27300,16,2,2018,202605~202802,N,N,28350.0,11.0,N,N
자양동,officetel,타워더모스트광진아크로텔,ORIGINAL,779,아차산로 355,RENT,23.97,202605,10,1000,92,19,2014,202605~202705,Y,N,,,N,N
자양동,villa,아차산로24길 1,ROAD_ADDR,13-29,아차산로24길 1,RENT,17.64,202605,09,1000,60,4,2012,202605~202805,Y,N,,,Y,Y
자양동,villa,드림하이빌1차,ORIGINAL,227-102,자양번영로11길 16-1,RENT,29.95,202605,08,2000,130,3,2019,202605~202805,N,Y,8400.0,0.0,N,N
자양동,villa,동일로18가길 31,ROAD_ADDR,840-13,동일로18가길 31,RENT,29.75,202605,08,1000,110,3,2019,202605~202805,Y,N,,,N,N
자양동,officetel,이스트폴,ORIGINAL,870,아차산로 400,RENT,23.71,202605,07,1000,109,9,2025,202605~202705,Y,N,,,N,N
자양동,officetel,타워더모스트광진아크로텔,ORIGINAL,779,아차산로 355,RENT,23.97,202605,07,19200,8,6,2014,202607~202807,N,Y,20200.0,0.0,N,N
자양동,villa,진성리버뷰,ORIGINAL,193-2,동일로2길 29-4,RENT,27.03,202605,07,12000,50,3,2021,202605~202805,Y,N,,,N,N
자양동,villa,더블랙(THEBLACK)자양,ORIGINAL,610-12,뚝섬로 595,RENT,13.53,202605,07,14000,13,5,2018,202606~202806,Y,N,,,N,N
자양동,villa,래디앙,ORIGINAL,678-13,자양로3길 14-21,RENT,28.82,202605,07,23000,20,4,2014,202606~202806,Y,N,,,N,N
자양동,officetel,이스트폴,ORIGINAL,870,아차산로 400,RENT,34.2,202605,06,2000,162,18,2025,202605~202705,Y,N,,,N,N
자양동,officetel,이스트폴,ORIGINAL,870,아차산로 400,RENT,23.71,202605,06,1000,109,11,2025,202605~202705,Y,N,,,N,N
자양동,officetel,이스트폴,ORIGINAL,870,아차산로 400,RENT,23.71,202605,06,1000,113,17,2025,202605~202705,Y,N,,,N,N
자양동,officetel,이스트폴,ORIGINAL,870,아차산로 400,RENT,23.71,202605,06,1000,113,16,2025,202605~202705,Y,N,,,N,N
자양동,villa,제이파크,ORIGINAL,55-4,뚝섬로22가길 44,RENT,29.35,202605,06,8000,100,5,2017,202606~202806,Y,N,,,N,N
자양동,villa,능동로3가길 16,ROAD_ADDR,79-20,능동로3가길 16,RENT,13.75,202605,06,2000,65,2,2016,202605~202805,Y,N,,,N,Y
자양동,officetel,타워더모스트광진아크로텔,ORIGINAL,779,아차산로 355,RENT,23.97,202605,05,1000,83,20,2014,202605~202705,Y,N,,,N,N
자양동,villa,U.M Castle(659-16),ORIGINAL,659-16,뚝섬로57길 14,RENT,20.31,202605,05,1000,53,3,2016,202606~202806,Y,N,,,Y,Y
자양동,villa,스위트자양4차,ORIGINAL,193-18,동일로2길 26,RENT,26.56,202605,02,35000,55,5,2023,202606~202806,Y,N,,,N,N
자양동,villa,더스위트자양,ORIGINAL,202-34,뚝섬로22길 35,RENT,18.95,202605,02,3000,125,2,2022,202606~202806,Y,N,,,N,N
자양동,villa,미산빌17차,ORIGINAL,197-12,동일로4가길 10,RENT,22.93,202605,02,3000,90,3,2022,202605~202805,Y,N,,,N,N
자양동,officetel,타워더모스트광진아크로텔,ORIGINAL,779,아차산로 355,RENT,23.97,202605,01,1000,92,5,2014,202605~202705,Y,N,,,N,N
자양동,villa,아차산로30길 33-10,ROAD_ADDR,6-66,아차산로30길 33-10,RENT,15.81,202605,01,1000,50,3,2012,202605~202805,Y,N,,,Y,Y
자양동,villa,파크빌,ORIGINAL,229-63,아차산로40길 39-13,RENT,34.96,202605,01,6000,40,5,2010,202605~202805,Y,N,,,Y,Y
자양동,villa,능동로3가길 16,ROAD_ADDR,79-20,능동로3가길 16,RENT,36.39,202604,30,13000,50,2,2016,202604~202804,N,N,23000.0,0.0,N,N
자양동,villa,자양드림힐6차,ORIGINAL,225-45,아차산로39길 14,RENT,29.54,202604,30,10000,135,5,2017,202606~202806,Y,N,,,N,N
자양동,villa,아차산로32길 24,ROAD_ADDR,6-69,아차산로32길 24,RENT,14.8,202604,30,500,57,4,2013,202604~202804,Y,N,,,Y,Y
자양동,villa,스위트자양4차,ORIGINAL,193-18,동일로2길 26,RENT,25.89,202604,30,2000,150,3,2023,202604~202704,Y,N,,,N,N
자양동,villa,류한빌딩,ORIGINAL,638-4,뚝섬로52나길 10,RENT,38.3,202604,30,2000,70,4,2002,202606~202806,Y,N,,,N,Y
자양동,officetel,이스트폴,ORIGINAL,870,아차산로 400,RENT,23.71,202604,29,1000,113,16,2025,202605~202705,Y,N,,,N,N
자양동,officetel,이스트폴,ORIGINAL,870,아차산로 400,RENT,35.93,202604,29,2000,168,12,2025,202604~202704,Y,N,,,N,N
자양동,officetel,이스트폴,ORIGINAL,870,아차산로 400,RENT,24.21,202604,29,1000,115,13,2025,202606~202706,N,N,1000.0,113.0,N,N
자양동,officetel,이스트폴,ORIGINAL,870,아차산로 400,RENT,32.13,202604,29,2000,151,11,2025,202605~202705,Y,N,,,N,N
자양동,villa,진연빌2차,ORIGINAL,652-37,뚝섬로52가길 53,RENT,20.52,202604,28,10000,80,4,2019,202606~202806,Y,N,,,N,N
자양동,villa,키스톤하우스-7,ORIGINAL,227-279,자양번영로7길 16,RENT,26.76,202604,28,5500,145,6,2017,202606~202806,Y,N,,,N,N
자양동,villa,진연빌2차,ORIGINAL,652-37,뚝섬로52가길 53,RENT,20.52,202604,28,10000,80,4,2019,202606~202806,Y,N,,,N,N
자양동,villa,해오름빌,ORIGINAL,682,뚝섬로 694-1,RENT,34.61,202604,27,8000,75,5,2015,202604~202804,N,N,3000.0,100.0,N,N
자양동,villa,U.M Castle(659-16),ORIGINAL,659-16,뚝섬로57길 14,RENT,19.71,202604,27,1000,56,3,2016,202606~202806,Y,N,,,Y,Y
자양동,officetel,이스트폴,ORIGINAL,870,아차산로 400,RENT,24.21,202604,25,1000,111,9,2025,202604~202704,Y,N,,,N,N
자양동,officetel,타워더모스트광진아크로텔,ORIGINAL,779,아차산로 355,RENT,23.97,202604,25,1000,89,15,2014,202605~202705,N,N,1000.0,85.0,N,N
자양동,villa,아차산로26길 32-6,ROAD_ADDR,13-5,아차산로26길 32-6,RENT,29.78,202604,25,1000,52,3,2014,202605~202805,Y,N,,,Y,Y
자양동,villa,자양번영로12길 5-4,ROAD_ADDR,798-8,자양번영로12길 5-4,RENT,16.125,202604,25,10400,8,4,2014,202605~202805,Y,N,,,N,N
자양동,villa,뚝섬로48길 30,ROAD_ADDR,598-20,뚝섬로48길 30,RENT,36.96,202604,25,1000,65,4,2008,202604~202804,Y,N,,,N,Y
자양동,villa,자양번영로6길 26,ROAD_ADDR,603,자양번영로6길 26,RENT,12.06,202604,25,1000,65,4,2013,202605~202805,Y,N,,,N,Y
자양동,villa,자양번영로12길 5-4,ROAD_ADDR,798-8,자양번영로12길 5-4,RENT,16.125,202604,25,10400,8,4,2014,202605~202805,Y,N,,,N,N
자양동,villa,서원빌리지,ORIGINAL,219-3,아차산로46가길 31,RENT,18.85,202604,24,20000,24,8,2020,202605~202805,N,N,19000.0,24.0,N,N
자양동,villa,뚝섬로57길 55,ROAD_ADDR,631-3,뚝섬로57길 55,RENT,38.74,202604,24,2000,92,2,2013,202605~202805,Y,N,,,N,N
자양동,villa,엘스빌,ORIGINAL,843-7,뚝섬로23가길 3,RENT,18.93,202604,23,1000,55,5,2013,202605~202805,Y,N,,,Y,Y
자양동,villa,엘케이플레이스8차,ORIGINAL,842-32,동일로10다길 13-5,RENT,24.21,202604,23,2000,140,2,2025,202605~202804,Y,N,,,N,N
자양동,villa,한강아트빌(639-19),ORIGINAL,639-19,뚝섬로52다길 8-5,RENT,34.77,202604,22,3000,130,4,2015,202604~202804,Y,N,,,N,N
자양동,villa,리버스테이,ORIGINAL,193-16,뚝섬로22길 77,RENT,29.96,202604,22,25000,34,6,2022,202605~202805,N,N,20000.0,47.0,N,N
자양동,officetel,제이 타워,ORIGINAL,219-8,아차산로 356,RENT,13.38,202604,21,60,31,7,2020,202604~202806,Y,N,,,Y,Y
자양동,officetel,건대입구역자이엘라,ORIGINAL,2-2,능동로 87,RENT,18.12,202604,21,1000,125,14,2022,202605~202805,Y,N,,,N,N
자양동,villa,한아름빌,ORIGINAL,838-2,동일로10가길 24-4,RENT,19.74,202604,21,5000,90,5,2019,202605~202805,Y,N,,,N,N
자양동,villa,리버스테이,ORIGINAL,193-16,뚝섬로22길 77,RENT,29.08,202604,21,29000,16,3,2022,202605~202805,N,Y,29000.0,10.0,N,N
자양동,villa,리버스테이,ORIGINAL,193-16,뚝섬로22길 77,RENT,29.08,202604,21,29000,17,3,2022,202605~202805,N,Y,29000.0,10.0,N,N
자양동,officetel,타워더모스트광진아크로텔,ORIGINAL,779,아차산로 355,RENT,23.97,202604,20,1000,90,21,2014,202605~202705,N,N,1000.0,88.0,N,N
자양동,villa,팔라티노(684-19),ORIGINAL,684-19,자양로4길 43-3,RENT,28.87,202604,20,12600,47,3,2020,202606~202806,N,Y,12000.0,45.0,N,N
자양동,villa,뚝섬로29길 29,ROAD_ADDR,553-415,뚝섬로29길 29,RENT,14.93,202604,20,300,59,2,2015,202604~202804,Y,N,,,Y,Y
자양동,villa,케이제이팰리스,ORIGINAL,219-36,아차산로46가길 11,RENT,28.56,202604,18,5000,75,6,2019,202606~202806,Y,N,,,N,N
자양동,villa,리버스테이,ORIGINAL,193-16,뚝섬로22길 77,RENT,29.96,202604,18,25000,34,6,2022,-,,N,,,N,N
자양동,villa,뚝섬로43길 8,ROAD_ADDR,609-4,뚝섬로43길 8,RENT,37.225,202604,18,20000,14,3,2016,202605~202805,Y,N,,,N,N
자양동,villa,해피빌,ORIGINAL,625-23,뚝섬로51길 69-1,RENT,31.96,202604,18,1000,61,4,2012,202605~202804,Y,N,,,N,Y
자양동,villa,뚝섬로52나길 50-15,ROAD_ADDR,650-43,뚝섬로52나길 50-15,RENT,38.7,202604,18,8000,55,3,2016,202607~202807,Y,N,,,Y,N
자양동,officetel,타워더모스트광진아크로텔,ORIGINAL,779,아차산로 355,RENT,30.61,202604,17,2000,120,19,2014,202605~202705,Y,N,,,N,N
자양동,villa,서원빌리지,ORIGINAL,219-3,아차산로46가길 31,RENT,18.85,202604,17,24100,5,9,2020,202606~202806,N,N,24100.0,0.0,N,N
자양동,villa,지인재,ORIGINAL,218-44,아차산로46나길 7,RENT,12.54,202604,17,3000,80,4,2021,202606~202806,Y,N,,,N,N
자양동,villa,지오빌,ORIGINAL,589-5,자양번영로3나길 31,RENT,30.36,202604,17,3397,8,5,2015,202606~202805,N,N,3343.0,7.0,Y,Y
자양동,villa,진성리버뷰,ORIGINAL,193-2,동일로2길 29-4,RENT,27.03,202604,17,12000,50,3,2021,202605~202805,Y,N,,,N,N
자양동,villa,승승재,ORIGINAL,797-5,아차산로40길 16-12,RENT,28.2,202604,16,1000,73,3,2020,202605~202805,N,N,1000.0,70.0,N,N
자양동,officetel,제이원하이텔,ORIGINAL,608-21,자양번영로 34,RENT,23.94,202604,15,2000,70,6,2004,202605~202805,Y,N,,,N,Y
자양동,villa,팔라티노(684-19),ORIGINAL,684-19,자양로4길 43-3,RENT,16.92,202604,15,2100,105,5,2020,202605~202805,Y,N,,,N,N
자양동,villa,린채하우스,ORIGINAL,803-8,자양번영로10길 22,RENT,29.79,202604,15,10000,159,5,2018,202605~202805,N,Y,10000.0,150.0,N,N
자양동,officetel,타워더모스트광진아크로텔,ORIGINAL,779,아차산로 355,RENT,23.97,202604,14,20000,20,6,2014,202606~202806,Y,N,,,N,N
자양동,villa,대원캐슬7차,ORIGINAL,603-7,자양번영로4길 29-6,RENT,29.93,202604,14,28000,25,5,2023,202606~202806,Y,N,,,N,N
자양동,villa,엘케이플레이스8차,ORIGINAL,842-32,동일로10다길 13-5,RENT,24.46,202604,13,2000,130,3,2025,202604~202804,Y,N,,,N,N
자양동,villa,플레이스자양2차,ORIGINAL,16-15,아차산로24길 24-4,RENT,25.63,202604,13,2000,150,5,2026,202604~202804,Y,N,,,N,N
자양동,officetel,자양 호반써밋,ORIGINAL,861,능동로 69,RENT,21.38,202604,11,1000,120,19,2021,202604~202704,Y,N,,,N,N
자양동,officetel,더 트윈2,ORIGINAL,219-23,아차산로46가길 5,RENT,20.35,202604,10,1000,69,3,2020,202606~202806,N,N,1000.0,66.0,N,Y
자양동,villa,더트윈2,ORIGINAL,219-23,아차산로46가길 5,RENT,29.87,202604,10,5000,107,8,2020,202605~202805,N,N,5000.0,101.0,N,N
자양동,officetel,타워더모스트광진아크로텔,ORIGINAL,779,아차산로 355,RENT,25.21,202604,09,20400,6,9,2014,202605~202805,Y,N,,,N,N
자양동,officetel,더 트윈2,ORIGINAL,219-23,아차산로46가길 5,RENT,38.83,202604,09,3000,113,4,2020,202606~202806,Y,N,,,N,N
자양동,villa,대원캐슬,ORIGINAL,633-7,자양로9길 64-4,RENT,29.8,202604,09,29000,40,3,2021,202606~202806,N,Y,29000.0,0.0,N,N
자양동,villa,자양로 71-9,ROAD_ADDR,628-22,자양로 71-9,RENT,21.93,202604,09,1000,52,2,2013,202604~202804,Y,N,,,Y,Y
자양동,villa,자양에스하임11,ORIGINAL,218-9,아차산로46가길 10-3,RENT,29.94,202604,08,714,25,5,2019,202604~202806,Y,N,,,Y,Y
자양동,villa,자양리치빌B,ORIGINAL,238-20,뚝섬로 470-1,RENT,29.47,202604,08,10000,100,5,2015,202605~202805,Y,N,,,N,N
자양동,villa,자양에스하임11,ORIGINAL,218-9,아차산로46가길 10-3,RENT,29.94,202604,08,1786,23,5,2019,202604~202806,Y,N,,,Y,Y
자양동,villa,한아름빌,ORIGINAL,838-2,동일로10가길 24-4,RENT,25.9,202604,07,2000,116,4,2019,202605~202805,Y,N,,,N,N
자양동,villa,위너시원(XI),ORIGINAL,227-276,자양번영로7길 12,RENT,27.77,202604,07,100,61,5,2019,202604~202806,Y,N,,,N,Y
자양동,villa,위너시원(XI),ORIGINAL,227-276,자양번영로7길 12,RENT,27.77,202604,07,100,61,2,2019,202604~202806,Y,N,,,N,Y
자양동,villa,삼성하이츠,ORIGINAL,57-77,뚝섬로24길 50,RENT,13.83,202604,07,5000,50,5,2018,202604~202704,Y,N,,,Y,Y
자양동,villa,뚝섬로52마길 9,ROAD_ADDR,640-15,뚝섬로52마길 9,RENT,14.27,202604,06,500,45,4,2007,202604~202804,Y,N,,,Y,Y
자양동,villa,동일로18가길 18,ROAD_ADDR,839-1,동일로18가길 18,RENT,31.95,202604,06,13000,39,2,2012,202604~202804,Y,N,,,N,N
자양동,villa,팔라티노(684-19),ORIGINAL,684-19,자양로4길 43-3,RENT,28.15,202604,06,12000,34,2,2020,202605~202805,N,Y,12000.0,30.0,N,N
자양동,villa,서원빌리지,ORIGINAL,219-3,아차산로46가길 31,RENT,18.85,202604,06,23000,9,8,2020,202605~202805,Y,N,,,N,N
자양동,villa,진봉(661-3),ORIGINAL,661-3,뚝섬로57가길 17,RENT,31.29,202604,04,5000,75,3,2006,202605~202805,Y,N,,,N,N
자양동,villa,집앤사오로시,ORIGINAL,605-7,자양번영로4길 59-8,RENT,21.34,202604,04,20000,25,4,2024,202605~202805,Y,N,,,N,N
자양동,villa,뚝섬로52라길 41,ROAD_ADDR,648-27,뚝섬로52라길 41,RENT,25.92,202604,04,9000,17,2,2015,202605~202805,Y,N,,,N,N
자양동,villa,아차산로30길 25-5,ROAD_ADDR,6-6,아차산로30길 25-5,RENT,16.77,202604,01,1000,52,2,2003,202604~202804,Y,N,,,Y,Y
자양동,villa,뚝섬리버빌3차,ORIGINAL,588-11,자양번영로3나길 34,RENT,28.33,202604,01,2000,95,3,2019,202605~202805,Y,N,,,N,N
자양동,villa,행복,ORIGINAL,16-47,아차산로22길 31-3,RENT,21.28,202603,31,1500,140,4,2017,202603~202802,N,N,1500.0,130.0,N,N
자양동,villa,아트하임기흥,ORIGINAL,612-47,자양로15길 52,RENT,29.47,202603,31,5000,160,2,2023,202603~202803,Y,N,,,N,N
자양동,officetel,타워더모스트광진아크로텔,ORIGINAL,779,아차산로 355,RENT,23.97,202603,30,1000,89,9,2014,202604~202704,N,N,1000.0,85.0,N,N
자양동,officetel,타워더모스트광진아크로텔,ORIGINAL,779,아차산로 355,RENT,30.61,202603,30,1000,130,19,2014,202605~202804,Y,N,,,N,N
자양동,officetel,타워더모스트광진아크로텔,ORIGINAL,779,아차산로 355,RENT,23.97,202603,30,1000,95,10,2014,202605~202705,Y,N,,,N,N
자양동,officetel,타워더모스트광진아크로텔,ORIGINAL,779,아차산로 355,RENT,23.97,202603,30,1000,95,12,2014,202604~202704,N,N,1000.0,90.0,N,N
자양동,officetel,이스트폴,ORIGINAL,870,아차산로 400,RENT,23.71,202603,30,1000,109,13,2025,202604~202704,Y,N,,,N,N
자양동,villa,동일하이빌,ORIGINAL,206-4,동일로2길 3,RENT,29.96,202603,28,2000,130,3,2015,202607~202807,Y,N,,,N,N
자양동,villa,16에스티뷰,ORIGINAL,680-14,자양로16길 20-4,RENT,23.69,202603,28,4000,103,7,2019,202604~202804,Y,N,,,N,N
자양동,villa,뚝섬로51길 82-2,ROAD_ADDR,624-19,뚝섬로51길 82-2,RENT,28.5,202603,26,10000,27,5,2010,202604~202804,N,Y,10000.0,24.0,N,N
자양동,villa,뚝섬로51길 82-2,ROAD_ADDR,624-19,뚝섬로51길 82-2,RENT,28.5,202603,26,10000,27,5,2010,202604~202804,N,N,10000.0,24.0,N,N
자양동,villa,준빌리지,ORIGINAL,653-16,뚝섬로 649-5,RENT,28.11,202603,26,14000,45,2,2016,202605~202805,Y,N,,,N,N
자양동,officetel,드림타운,ORIGINAL,794,아차산로 312,RENT,27.33,202603,25,1000,65,4,1983,202605~202805,Y,N,,,N,Y
자양동,villa,욱현하이브빌,ORIGINAL,638-13,뚝섬로52나길 18-6,RENT,32.55,202603,25,14000,95,5,2016,202603~202803,N,Y,14000.0,95.0,N,N
자양동,villa,제이와이빌라,ORIGINAL,227-98,자양번영로11길 18-8,RENT,17.5,202603,25,2000,60,6,2017,202603~202803,Y,N,,,Y,Y
자양동,villa,욱현하이브빌,ORIGINAL,638-13,뚝섬로52나길 18-6,RENT,32.55,202603,25,14000,95,5,2016,202603~202803,N,Y,14000.0,95.0,N,N
자양동,officetel,타워더모스트광진아크로텔,ORIGINAL,779,아차산로 355,RENT,23.97,202603,24,1000,95,16,2014,202603~202703,Y,N,,,N,N
자양동,villa,아차산로40길 33,ROAD_ADDR,229-45,아차산로40길 33,RENT,23.37,202603,24,25000,30,6,2022,202605~202805,Y,N,,,N,N
자양동,villa,아차산로40길 33,ROAD_ADDR,229-45,아차산로40길 33,RENT,23.37,202603,24,25000,30,6,2022,202605~202805,Y,N,,,N,N
자양동,villa,큐브스테이트,ORIGINAL,680-12,자양로16길 16,RENT,25.55,202603,23,26580,17,6,2018,202606~202806,Y,N,,,N,N
자양동,villa,큐브스테이트,ORIGINAL,680-12,자양로16길 16,RENT,25.55,202603,23,26580,17,6,2018,202606~202806,Y,N,,,N,N
자양동,officetel,타워더모스트광진아크로텔,ORIGINAL,779,아차산로 355,RENT,23.97,202603,21,20000,8,8,2014,202605~202805,Y,N,,,N,N
자양동,officetel,타워더모스트광진아크로텔,ORIGINAL,779,아차산로 355,RENT,23.97,202603,21,7000,72,5,2014,202604~202804,Y,N,,,N,N
자양동,officetel,자양 호반써밋,ORIGINAL,861,능동로 69,RENT,18.74,202603,21,3000,100,19,2021,202605~202705,Y,N,,,N,N
자양동,officetel,이스트폴,ORIGINAL,870,아차산로 400,RENT,22.46,202603,20,1000,99,14,2025,202605~202705,N,N,1000.0,98.0,N,N
자양동,villa,아차산로 331,ROAD_ADDR,774-24,아차산로 331,RENT,21.96,202603,20,1000,55,5,2012,202605~202805,Y,N,,,Y,Y
자양동,villa,아차산로40길 33,ROAD_ADDR,229-45,아차산로40길 33,RENT,23.6,202603,20,23000,40,5,2022,202605~202805,Y,N,,,N,N
자양동,villa,대원캐슬3차,ORIGINAL,611-2,자양번영로 60-1,RENT,36.17,202603,20,25000,65,6,2022,202605~202805,Y,N,,,N,N
자양동,villa,길린빌,ORIGINAL,6-45,아차산로30길 19-6,RENT,29.84,202603,20,4000,92,4,2014,202603~202803,Y,N,,,N,N
자양동,villa,안틸리아자양,ORIGINAL,680-2,자양로 92,RENT,20.9,202603,19,5000,147,11,2022,202604~202804,Y,N,,,N,N
자양동,officetel,타워더모스트광진아크로텔,ORIGINAL,779,아차산로 355,RENT,23.97,202603,18,6000,73,16,2014,202604~202804,Y,N,,,N,N
자양동,officetel,이스트폴,ORIGINAL,870,아차산로 400,RENT,24.21,202603,18,1000,110,10,2025,202603~202703,Y,N,,,N,N
자양동,villa,경성홈타운(227-113),ORIGINAL,227-113,자양번영로11길 10,RENT,27.75,202603,18,26500,5,4,2017,202603~202803,N,N,26500.0,0.0,N,N
자양동,officetel,타워더모스트광진아크로텔,ORIGINAL,779,아차산로 355,RENT,23.97,202603,17,1000,83,15,2014,202604~202704,Y,N,,,N,N
자양동,officetel,이스트폴,ORIGINAL,870,아차산로 400,RENT,23.71,202603,17,1000,115,14,2025,202605~202705,N,N,1000.0,113.0,N,N
자양동,officetel,제이 타워,ORIGINAL,219-8,아차산로 356,RENT,14.12,202603,17,60,33,8,2020,202603~202806,Y,N,,,Y,Y
자양동,officetel,타워더모스트광진아크로텔,ORIGINAL,779,아차산로 355,RENT,23.97,202603,17,1000,83,15,2014,202604~202704,Y,N,,,N,N
자양동,villa,경인,ORIGINAL,611,자양번영로 62-1,RENT,29.47,202603,17,4000,78,3,2016,202605~202805,Y,N,,,N,N
자양동,villa,한양팰리스(637-21),ORIGINAL,637-21,뚝섬로52가길 12,RENT,25.8,202603,17,3000,100,3,2015,202605~202805,Y,N,,,N,N
자양동,villa,샤인빌(78-41),ORIGINAL,78-41,능동로3가길 6,RENT,23.49,202603,17,3000,100,2,2021,202604~202804,Y,N,,,N,N
자양동,officetel,타워더모스트광진아크로텔,ORIGINAL,779,아차산로 355,RENT,23.97,202603,16,1000,95,13,2014,202603~202703,Y,N,,,N,N
자양동,officetel,타워더모스트광진아크로텔,ORIGINAL,779,아차산로 355,RENT,23.97,202603,16,1000,94,21,2014,202605~202705,Y,N,,,N,N
자양동,villa,강변애팰리스,ORIGINAL,672-5,자양로3가길 40,RENT,29.69,202603,16,16000,70,6,2015,202605~202805,N,Y,16000.0,60.0,N,N
자양동,villa,자양로3길 39-4,ROAD_ADDR,667-32,자양로3길 39-4,RENT,29.84,202603,16,5000,50,4,2017,202604~202804,Y,N,,,Y,Y
자양동,villa,해오름,ORIGINAL,13-17,아차산로24길 25,RENT,20.71,202603,16,2000,48,2,2009,202603~202803,Y,N,,,Y,Y
자양동,villa,플레이스자양2차,ORIGINAL,16-15,아차산로24길 24-4,RENT,29.35,202603,16,500,120,6,2026,202603~202609,Y,N,,,N,N
자양동,villa,자양리치빌V,ORIGINAL,46-33,뚝섬로30가길 12,RENT,13.14,202603,16,16000,25,4,2022,202604~202804,N,N,15000.0,25.0,N,N
자양동,villa,아차산로46가길 12,ROAD_ADDR,218-10,아차산로46가길 12,RENT,27.54,202603,15,500,45,1,1989,202603~202803,N,N,500.0,40.0,Y,Y
자양동,villa,뚝섬로46길 5-7,ROAD_ADDR,607-21,뚝섬로46길 5-7,RENT,28.58,202603,15,6000,47,5,2014,202604~202804,N,Y,6000.0,44.0,Y,Y
자양동,villa,루시드자양102,ORIGINAL,52-98,능동로3나길 7,RENT,26.89,202603,14,26000,5,2,2021,202604~202804,N,Y,26000.0,0.0,N,N
자양동,villa,베일리하임,ORIGINAL,680-13,자양로16길 18,RENT,24.36,202603,14,2000,64,7,2018,202605~202805,Y,N,,,N,Y
자양동,villa,BRICKHANDS,ORIGINAL,227-298,자양번영로9길 16-7,RENT,22.33,202603,14,17760,18,5,2018,202603~202703,N,N,17760.0,14.0,N,N
자양동,villa,미산빌3차,ORIGINAL,842-8,동일로18나길 24,RENT,25.68,202603,14,5000,106,2,2021,202603~202803,N,Y,5000.0,100.0,N,N
자양동,villa,뚝섬로52라길 41,ROAD_ADDR,648-27,뚝섬로52라길 41,RENT,21.01,202603,14,12000,5,2,2015,202604~202804,Y,N,,,N,N
자양동,villa,연준하우스,ORIGINAL,622-18,뚝섬로49길 68,RENT,14.26,202603,14,12200,6,3,2013,202605~202805,Y,N,,,N,N
자양동,villa,동광팰리스,ORIGINAL,595-14,뚝섬로50길 45,RENT,29.16,202603,14,10000,64,5,2016,202604~202804,N,Y,10000.0,60.0,N,N
자양동,villa,센트럴리버뷰,ORIGINAL,193-13,뚝섬로22길 79-9,RENT,23.3,202603,14,23000,23,5,2021,202604~202804,N,Y,23000.0,20.0,N,N
자양동,villa,삼성홈타운17차(229-33),ORIGINAL,229-33,아차산로40길 53-20,RENT,29.88,202603,14,25000,15,6,2017,202604~202804,N,Y,25000.0,10.0,N,N
자양동,villa,뚝섬로43길 3-10,ROAD_ADDR,610-27,뚝섬로43길 3-10,RENT,39.27,202603,13,17500,30,2,1986,202605~202805,Y,N,,,N,N
자양동,villa,월튼파크뷰3차,ORIGINAL,227-97,자양번영로11길 18,RENT,28.66,202603,13,30000,8,5,2018,202604~202804,Y,N,,,N,N
자양동,villa,유진빌,ORIGINAL,217-4,아차산로46나길 8-5,RENT,21.04,202603,12,11000,31,3,2019,202604~202804,Y,N,,,N,N
자양동,villa,리치빌-10,ORIGINAL,16-6,아차산로24길 10,RENT,12.16,202603,12,9700,11,3,2012,202603~202803,Y,N,,,N,N
자양동,villa,리빙하우스,ORIGINAL,667-19,자양로3길 33,RENT,38.1,202603,12,10000,70,3,2009,202606~202806,Y,N,,,N,N
자양동,villa,유진빌,ORIGINAL,217-4,아차산로46나길 8-5,RENT,21.04,202603,12,11000,31,3,2019,202604~202804,Y,N,,,N,N
자양동,villa,뚝섬로45길 5-2,ROAD_ADDR,609-20,뚝섬로45길 5-2,RENT,33.78,202603,11,5000,52,3,2013,202604~202804,Y,N,,,Y,Y
자양동,villa,드림빌(631-8),ORIGINAL,631-8,자양로13길 53,RENT,13.34,202603,11,4000,57,4,2011,202604~202804,Y,N,,,Y,Y
자양동,villa,자양에스하임2,ORIGINAL,595-12,자양번영로2길 53-5,RENT,37.04,202603,11,300,26,4,2015,202603~202805,Y,N,,,Y,Y
자양동,villa,진연빌,ORIGINAL,635-37,뚝섬로57가길 55-1,RENT,29.95,202603,10,22000,12,3,2014,202604~202804,Y,N,,,N,N
자양동,villa,유안스타빌,ORIGINAL,229-13,아차산로42길 58,RENT,29.97,202603,10,25000,15,2,2019,202604~202804,Y,N,,,N,N
자양동,villa,진연빌,ORIGINAL,635-37,뚝섬로57가길 55-1,RENT,29.95,202603,10,22000,12,3,2014,202604~202804,Y,N,,,N,N
자양동,villa,린채하우스,ORIGINAL,803-8,자양번영로10길 22,RENT,23.48,202603,10,5000,120,4,2018,202603~202803,Y,N,,,N,N
자양동,villa,엘스빌,ORIGINAL,843-7,뚝섬로23가길 3,RENT,18.93,202603,10,2000,50,5,2013,202604~202804,Y,N,,,Y,Y
자양동,villa,자양리버탑,ORIGINAL,603-5,뚝섬로46길 23,RENT,29.39,202603,10,27000,5,2,2022,202604~202804,Y,N,,,N,N
자양동,villa,플레이스자양2차,ORIGINAL,16-15,아차산로24길 24-4,RENT,25.63,202603,09,500,100,4,2026,202603~202609,Y,N,,,N,N
자양동,villa,플레이스자양2차,ORIGINAL,16-15,아차산로24길 24-4,RENT,23.74,202603,09,300,120,4,2026,202603~202609,Y,N,,,N,N
자양동,villa,대원캐슬6차,ORIGINAL,597,뚝섬로48길 21,RENT,29.16,202603,08,29500,5,3,2023,202603~202803,N,N,29500.0,0.0,N,N
자양동,villa,베일리하임,ORIGINAL,680-13,자양로16길 18,RENT,23.31,202603,08,25500,16,8,2018,202604~202804,N,N,26000.0,9.0,N,N
자양동,villa,로빈힐즈,ORIGINAL,771-20,자양로19가길 14-1,RENT,37.25,202603,07,19600,44,3,2020,202605~202805,Y,N,,,N,N
자양동,villa,로빈힐즈,ORIGINAL,771-20,자양로19가길 14-1,RENT,37.25,202603,07,19600,44,3,2020,202605~202805,Y,N,,,N,N
자양동,villa,도시엔,ORIGINAL,857,동일로18길 36,RENT,12.17,202603,07,1000,58,3,2011,202605~202705,Y,N,,,Y,Y
자양동,villa,제이파크,ORIGINAL,55-4,뚝섬로22가길 44,RENT,28.64,202603,07,22000,15,6,2017,202604~202804,N,N,21000.0,15.0,N,N
자양동,villa,뚝섬로57가길 10-4,ROAD_ADDR,660-19,뚝섬로57가길 10-4,RENT,22.38,202603,07,12300,10,1,2012,202604~202804,Y,N,,,N,N
자양동,villa,피오니,ORIGINAL,646-9,뚝섬로52라길 60,RENT,27.59,202603,06,30000,21,5,2023,202605~202805,N,N,30000.0,15.0,N,N
자양동,villa,뚝섬로50길 20,ROAD_ADDR,604-11,뚝섬로50길 20,RENT,38.52,202603,06,3000,95,2,1987,202603~202803,Y,N,,,N,N
자양동,villa,엘케이플레이스8차,ORIGINAL,842-32,동일로10다길 13-5,RENT,24.46,202603,06,3000,140,5,2025,202603~202803,Y,N,,,N,N
자양동,villa,리버빌8차,ORIGINAL,6-47,아차산로30길 19-12,RENT,29.23,202603,06,3000,160,3,2024,202603~202803,Y,N,,,N,N
자양동,villa,엘케이플레이스8차,ORIGINAL,842-32,동일로10다길 13-5,RENT,24.46,202603,06,3000,140,5,2025,202603~202803,Y,N,,,N,N
자양동,villa,아차산로40길 33,ROAD_ADDR,229-45,아차산로40길 33,RENT,23.67,202603,06,23500,31,6,2022,202603~202803,N,N,23500.0,25.0,N,N
자양동,villa,아차산로44길 11,ROAD_ADDR,221-6,아차산로44길 11,RENT,17.74,202603,06,20000,5,3,2023,202604~202804,Y,N,,,N,N
자양동,villa,대원캐슬7차,ORIGINAL,603-7,자양번영로4길 29-6,RENT,29.93,202603,06,30000,15,6,2023,202603~202803,N,Y,30000.0,10.0,N,N
자양동,villa,향기빌리지,ORIGINAL,624,자양로13가길 8,RENT,19.12,202603,06,1000,53,4,2019,202604~202804,Y,N,,,Y,Y
자양동,officetel,결,ORIGINAL,680-6,자양로16길 8-3,RENT,23.78,202603,05,20000,30,6,2020,202604~202804,Y,N,,,N,N
자양동,villa,대교빌라,ORIGINAL,686-5,자양로2길 11-3,RENT,36.96,202603,05,1000,39,-1,1990,202603~202703,Y,N,,,Y,Y
자양동,villa,동일로18길 41,ROAD_ADDR,13-40,동일로18길 41,RENT,23.92,202603,05,1000,80,5,2014,202603~202803,Y,N,,,N,N
자양동,villa,능동로3라길 11,ROAD_ADDR,57-91,능동로3라길 11,RENT,23.16,202603,05,5000,160,2,2018,202606~202806,N,N,5000.0,160.0,N,N
자양동,villa,퀸앤킹(622-28),ORIGINAL,622-28,뚝섬로51길 47,RENT,13.6,202603,04,1500,60,2,2013,202603~202803,Y,N,,,Y,Y
자양동,villa,뚝섬로52라길 50-6,ROAD_ADDR,647-8,뚝섬로52라길 50-6,RENT,33.8,202603,03,5500,72,3,2018,202603~202803,N,N,5500.0,72.0,N,N
자양동,villa,아차산로 331,ROAD_ADDR,774-24,아차산로 331,RENT,21.96,202603,02,1000,55,3,2012,202603~202803,Y,N,,,Y,Y
자양동,villa,플레이스자양2차,ORIGINAL,16-15,아차산로24길 24-4,RENT,25.82,202603,01,500,110,5,2026,202603~202609,Y,N,,,N,N
자양동,officetel,타워더모스트광진아크로텔,ORIGINAL,779,아차산로 355,RENT,23.97,202602,28,1000,95,22,2014,202602~202702,N,Y,1000.0,90.0,N,N
자양동,officetel,자양 호반써밋,ORIGINAL,861,능동로 69,RENT,21.38,202602,28,10000,75,14,2021,202602~202802,Y,N,,,N,N
자양동,villa,동광팰리스,ORIGINAL,595-14,뚝섬로50길 45,RENT,29.36,202602,28,25000,15,2,2016,202604~202804,Y,N,,,N,N
자양동,villa,퀸앤킹(622-28),ORIGINAL,622-28,뚝섬로51길 47,RENT,12.72,202602,28,2000,55,4,2013,202603~202803,Y,N,,,Y,Y
자양동,villa,삼성홈타운17차(229-33),ORIGINAL,229-33,아차산로40길 53-20,RENT,29.88,202602,28,26000,25,5,2017,202604~202804,Y,N,,,N,N
자양동,villa,퀸앤킹(622-28),ORIGINAL,622-28,뚝섬로51길 47,RENT,12.72,202602,28,2000,55,4,2013,202603~202803,N,Y,2000.0,52.0,Y,Y
자양동,villa,퀸앤킹(622-28),ORIGINAL,622-28,뚝섬로51길 47,RENT,12.72,202602,28,2000,55,4,2013,202603~202803,Y,N,,,Y,Y
자양동,villa,자양번영로6길 26,ROAD_ADDR,603,자양번영로6길 26,RENT,12.06,202602,28,1000,60,2,2013,202603~202803,Y,N,,,Y,Y
자양동,villa,플레이스자양2차,ORIGINAL,16-15,아차산로24길 24-4,RENT,23.25,202602,28,500,100,2,2026,202603~202609,Y,N,,,N,N
자양동,villa,에이원빌리지,ORIGINAL,661-18,뚝섬로57길 3,RENT,35.78,202602,28,29000,30,2,2016,202605~202805,Y,N,,,N,N
자양동,villa,승승재,ORIGINAL,797-5,아차산로40길 16-12,RENT,27.75,202602,27,1000,70,3,2020,202604~202804,Y,N,,,N,Y
자양동,officetel,이스트폴,ORIGINAL,870,아차산로 400,RENT,32.13,202602,26,2000,156,18,2025,202604~202704,N,N,2000.0,154.0,N,N
자양동,villa,아차산로44가길 25,ROAD_ADDR,231-49,아차산로44가길 25,RENT,26.2,202602,25,1000,60,3,2009,202603~202803,Y,N,,,Y,Y
자양동,villa,뚝섬로52가길 34,ROAD_ADDR,651-19,뚝섬로52가길 34,RENT,29.64,202602,25,5000,26,3,2002,202604~202804,Y,N,,,Y,Y
자양동,villa,자양에스하임11,ORIGINAL,218-9,아차산로46가길 10-3,RENT,29.8,202602,25,4057,10,4,2019,202603~202802,Y,N,,,Y,Y
자양동,villa,뚝섬리버빌2차(A동),ORIGINAL,203-15,동일로2길 18,RENT,29.91,202602,25,5000,120,5,2016,202603~202803,Y,N,,,N,N
자양동,villa,가든하우스,ORIGINAL,598-32,뚝섬로46길 51,RENT,21.73,202602,24,6000,70,5,2015,202603~202703,Y,N,,,N,Y
자양동,villa,포시즌파크,ORIGINAL,589-21,자양번영로3가길 30,RENT,22.17,202602,24,20000,37,6,2017,202604~202804,N,Y,20000.0,32.0,N,N
자양동,villa,삼성홈타운17차(229-33),ORIGINAL,229-33,아차산로40길 53-20,RENT,29.05,202602,24,24000,15,3,2017,202603~202803,N,Y,24000.0,10.0,N,N
자양동,villa,자양로2길 10,ROAD_ADDR,690-30,자양로2길 10,RENT,35.07,202602,24,8000,24,3,1995,202604~202804,Y,N,,,Y,N
자양동,villa,자양번영로12길 5-4,ROAD_ADDR,798-8,자양번영로12길 5-4,RENT,16.125,202602,24,12000,8,4,2014,202602~202802,N,Y,13500.0,0.0,N,N
자양동,villa,퀸앤킹(622-28),ORIGINAL,622-28,뚝섬로51길 47,RENT,17.56,202602,24,12850,4,3,2013,202603~202803,Y,N,,,N,N
자양동,villa,정호(649-4),ORIGINAL,649-4,뚝섬로52나길 38,RENT,23.75,202602,23,2000,60,1,2003,202602~202802,Y,N,,,Y,Y
자양동,villa,서원빌리지,ORIGINAL,219-3,아차산로46가길 31,RENT,18.85,202602,23,16000,37,7,2020,202603~202803,N,N,15000.0,37.0,N,N
자양동,villa,뚝섬로50길 21,ROAD_ADDR,605-23,뚝섬로50길 21,RENT,20.5,202602,23,2000,60,2,2014,202602~202802,Y,N,,,Y,Y
자양동,villa,베일리하임,ORIGINAL,680-13,자양로16길 18,RENT,12.95,202602,23,15700,4,6,2018,202604~202804,Y,N,,,N,N
자양동,villa,신성베스트빌,ORIGINAL,607-26,뚝섬로50길 6,RENT,38.84,202602,22,16000,20,5,2003,202602~202802,N,N,15000.0,20.0,N,N
자양동,officetel,타워더모스트광진아크로텔,ORIGINAL,779,아차산로 355,RENT,22.76,202602,21,1000,95,12,2014,202603~202703,Y,N,,,N,N
자양동,officetel,타워더모스트광진아크로텔,ORIGINAL,779,아차산로 355,RENT,25.21,202602,21,1000,95,12,2014,202603~202703,Y,N,,,N,N
자양동,villa,강변愛팰리스,ORIGINAL,672-16,자양로3가길 46,RENT,29.0,202602,21,5000,80,5,2015,202602~202802,Y,N,,,N,N
자양동,villa,지오파크,ORIGINAL,589-3,자양번영로3가길 28,RENT,24.86,202602,21,23400,20,6,2017,202603~202803,N,N,23400.0,10.0,N,N
자양동,villa,가은빌,ORIGINAL,553-5,능동로7길 38,RENT,15.04,202602,21,1000,74,4,2015,202602~202802,Y,N,,,N,N
자양동,villa,도시엔,ORIGINAL,857,동일로18길 36,RENT,13.38,202602,21,1000,65,5,2011,202603~202703,Y,N,,,N,Y
자양동,villa,아차산로26길 32-6,ROAD_ADDR,13-5,아차산로26길 32-6,RENT,23.4,202602,21,1000,55,3,2014,202603~202803,Y,N,,,Y,Y
자양동,officetel,타워더모스트광진아크로텔,ORIGINAL,779,아차산로 355,RENT,23.97,202602,20,1000,95,5,2014,202603~202803,Y,N,,,N,N
자양동,villa,행복,ORIGINAL,16-47,아차산로22길 31-3,RENT,20.82,202602,20,500,65,2,2017,202602~202802,Y,N,,,N,Y
자양동,villa,아차산로44가길 25,ROAD_ADDR,231-49,아차산로44가길 25,RENT,26.68,202602,20,3000,75,3,2009,202603~202803,Y,N,,,N,N
자양동,villa,더트윈2,ORIGINAL,219-23,아차산로46가길 5,RENT,29.87,202602,20,30000,13,7,2020,202604~202804,Y,N,,,N,N
자양동,villa,아차산로44가길 19,ROAD_ADDR,231-20,아차산로44가길 19,RENT,22.23,202602,20,1000,54,2,2011,202603~202803,Y,N,,,Y,Y
자양동,villa,자양로4가길 6-3,ROAD_ADDR,685-13,자양로4가길 6-3,RENT,36.74,202602,19,13000,50,2,1990,202603~202803,Y,N,,,N,N
자양동,villa,류한빌딩,ORIGINAL,638-4,뚝섬로52나길 10,RENT,25.69,202602,19,1000,50,4,2002,202602~202802,Y,N,,,Y,Y
자양동,officetel,자양오피스텔,ORIGINAL,767-4,자양로 135,RENT,30.87,202602,15,500,60,5,1999,202602~202802,Y,N,,,Y,Y
자양동,officetel,타워더모스트광진아크로텔,ORIGINAL,779,아차산로 355,RENT,32.18,202602,14,1000,130,9,2014,202604~202704,Y,N,,,N,N
자양동,villa,자양리치빌A,ORIGINAL,238-3,뚝섬로 470,RENT,29.9,202602,14,19000,35,3,2015,202602~202802,N,N,18500.0,35.0,N,N
자양동,villa,자양로7길 34,ROAD_ADDR,655-31,자양로7길 34,RENT,31.62,202602,14,1000,65,-1,1991,202602~202802,Y,N,,,N,Y
자양동,villa,아차산로34길 32-3,ROAD_ADDR,5-31,아차산로34길 32-3,RENT,17.85,202602,14,500,50,4,1992,202602~202802,Y,N,,,Y,Y
자양동,villa,진연빌(678-26),ORIGINAL,678-26,자양로3길 14-15,RENT,22.14,202602,14,5000,32,3,2014,202603~202803,Y,N,,,Y,Y
자양동,officetel,타워더모스트광진아크로텔,ORIGINAL,779,아차산로 355,RENT,30.61,202602,13,8000,95,20,2014,202604~202804,Y,N,,,N,N
자양동,officetel,금강태극빌,ORIGINAL,779-3,아차산로 353,RENT,25.08,202602,13,12000,25,10,2005,202604~202804,Y,N,,,N,N
자양동,villa,뚝섬로23가길 6,ROAD_ADDR,845-16,뚝섬로23가길 6,RENT,39.93,202602,13,1000,100,2,2002,202602~202802,Y,N,,,N,N
자양동,villa,메종드52,ORIGINAL,640-33,뚝섬로52마길 21,RENT,24.07,202602,13,3000,75,4,2017,202603~202803,Y,N,,,N,N
자양동,officetel,건대입구역자이엘라,ORIGINAL,2-2,능동로 87,RENT,18.6,202602,12,5000,100,18,2022,202602~202702,Y,N,,,N,N
자양동,villa,삼성홈타운11차,ORIGINAL,771-22,자양로19가길 12,RENT,29.93,202602,12,21000,4,3,2016,202604~202804,N,Y,21000.0,0.0,N,N
자양동,villa,자양로 71-9,ROAD_ADDR,628-22,자양로 71-9,RENT,21.93,202602,12,1000,53,3,2013,202603~202803,Y,N,,,Y,Y
자양동,villa,토미빌,ORIGINAL,596-13,뚝섬로50길 33,RENT,29.59,202602,12,7000,30,3,2009,202602~202802,Y,N,,,Y,N
자양동,villa,크로마하우스5차,ORIGINAL,227-166,자양번영로11길 19-5,RENT,27.0,202602,12,22000,5,3,2019,202603~202803,Y,N,,,N,N
자양동,villa,아차산로32길 24,ROAD_ADDR,6-69,아차산로32길 24,RENT,15.71,202602,12,1000,59,2,2013,202602~202802,Y,N,,,Y,Y
자양동,villa,큐브스테이트,ORIGINAL,680-12,자양로16길 16,RENT,25.55,202602,11,4000,94,6,2018,202602~202802,N,N,4000.0,92.0,N,N
자양동,villa,아트하임기흥,ORIGINAL,612-47,자양로15길 52,RENT,29.47,202602,11,5000,145,2,2023,202602~202702,N,Y,5000.0,140.0,N,N
자양동,villa,자양빌딩,ORIGINAL,227-223,아차산로38길 20,RENT,26.85,202602,11,1000,70,3,2003,202602~202802,Y,N,,,N,Y
자양동,officetel,이스트폴,ORIGINAL,870,아차산로 400,RENT,35.93,202602,10,2000,162,10,2025,202603~202703,Y,N,,,N,N
자양동,villa,큐브스테이트,ORIGINAL,680-12,자양로16길 16,RENT,25.55,202602,10,5000,89,9,2018,202602~202702,N,N,5000.0,89.0,N,N
자양동,villa,유플러스빌,ORIGINAL,661-33,뚝섬로 663,RENT,32.41,202602,10,20000,23,2,2014,202604~202804,Y,N,,,N,N
자양동,villa,자양번영로12길 5-4,ROAD_ADDR,798-8,자양번영로12길 5-4,RENT,16.125,202602,10,14300,7,5,2014,202603~202803,N,Y,14300.0,5.0,N,N
자양동,villa,에이원빌리지,ORIGINAL,661-18,뚝섬로57길 3,RENT,35.78,202602,10,31500,20,3,2016,202602~202803,N,N,30000.0,0.0,N,N
자양동,villa,자양번영로12길 5-4,ROAD_ADDR,798-8,자양번영로12길 5-4,RENT,21.31,202602,10,14300,7,5,2014,202603~202803,N,Y,14300.0,5.0,N,N
자양동,villa,아차산로26길 34,ROAD_ADDR,13-70,아차산로26길 34,RENT,29.68,202602,09,500,57,2,2009,202602~202802,Y,N,,,Y,Y
자양동,villa,뚝섬로52나길 41,ROAD_ADDR,651-56,뚝섬로52나길 41,RENT,29.89,202602,09,10000,90,3,2016,202603~202803,Y,N,,,N,N
자양동,villa,뚝섬로52나길 41,ROAD_ADDR,651-56,뚝섬로52나길 41,RENT,29.89,202602,09,10000,90,3,2016,202603~202803,Y,N,,,N,N
자양동,villa,뚝섬로52라길 12-5,ROAD_ADDR,640-24,뚝섬로52라길 12-5,RENT,28.8,202602,09,19400,30,2,1988,202604~202804,Y,N,,,N,N
자양동,villa,태정타워,ORIGINAL,687-21,뚝섬로64길 38,RENT,20.87,202602,08,12500,15,3,2019,202603~202803,Y,N,,,N,N
자양동,villa,아트하임기흥,ORIGINAL,612-47,자양로15길 52,RENT,29.62,202602,08,5000,150,3,2023,202602~202802,N,Y,5000.0,125.0,N,N
자양동,villa,경인,ORIGINAL,611,자양번영로 62-1,RENT,29.41,202602,08,14000,49,3,2016,202603~202803,N,N,14000.0,44.0,N,N
자양동,villa,마이바움자양,ORIGINAL,52-193,뚝섬로24길 11,RENT,28.97,202602,07,1000,70,2,2018,202603~202703,Y,N,,,N,Y
자양동,villa,자양번영로12길 5-3,ROAD_ADDR,794-8,자양번영로12길 5-3,RENT,20.54,202602,07,1000,60,2,2004,202602~202802,Y,N,,,Y,Y
자양동,officetel,타워더모스트광진아크로텔,ORIGINAL,779,아차산로 355,RENT,23.97,202602,06,1000,90,14,2014,202603~202703,N,N,1000.0,86.0,N,N
자양동,officetel,자양 호반써밋,ORIGINAL,861,능동로 69,RENT,21.38,202602,06,3000,170,18,2021,202602~202802,Y,N,,,N,N
자양동,villa,아트하임기흥,ORIGINAL,612-47,자양로15길 52,RENT,29.62,202602,06,5000,150,3,2023,202602~202802,Y,N,,,N,N
자양동,villa,서원빌리지,ORIGINAL,219-3,아차산로46가길 31,RENT,18.85,202602,06,23000,9,7,2020,202603~202803,N,Y,23000.0,4.0,N,N
자양동,officetel,자양오피스텔,ORIGINAL,767-4,자양로 135,RENT,30.87,202602,05,1000,55,8,1999,202602~202702,N,N,1000.0,53.0,Y,Y
자양동,officetel,금강태극빌,ORIGINAL,779-3,아차산로 353,RENT,30.93,202602,05,12000,30,7,2005,202604~202804,Y,N,,,N,N
자양동,villa,지오파크,ORIGINAL,589-3,자양번영로3가길 28,RENT,28.08,202602,04,13000,70,4,2017,202604~202804,Y,N,,,N,N
자양동,villa,엘케이플레이스3차(832-16),ORIGINAL,832-16,동일로16길 25,RENT,29.85,202602,04,23000,20,4,2023,202603~202803,Y,N,,,N,N
자양동,officetel,타워더모스트광진아크로텔,ORIGINAL,779,아차산로 355,RENT,22.76,202602,02,1000,85,19,2014,202602~202702,N,N,1000.0,80.0,N,N
자양동,officetel,타워더모스트광진아크로텔,ORIGINAL,779,아차산로 355,RENT,23.97,202602,02,1000,95,14,2014,202602~202702,Y,N,,,N,N
자양동,officetel,이스트폴,ORIGINAL,870,아차산로 400,RENT,23.71,202602,02,1000,115,20,2025,202602~202702,Y,N,,,N,N
자양동,villa,동광팰리스,ORIGINAL,595-14,뚝섬로50길 45,RENT,29.87,202602,02,20000,50,2,2016,202604~202804,Y,N,,,N,N
자양동,villa,RS6264,ORIGINAL,626-4,자양로13길 6,RENT,30.96,202602,02,3000,160,8,2025,202602~202802,Y,N,,,N,N
자양동,villa,아트하임기흥,ORIGINAL,612-47,자양로15길 52,RENT,29.47,202602,02,5000,140,3,2023,202602~202802,N,Y,5000.0,130.0,N,N
자양동,villa,리치빌-10,ORIGINAL,16-6,아차산로24길 10,RENT,12.16,202602,02,500,65,2,2012,202602~202802,Y,N,,,N,Y
자양동,villa,드림리버뷰,ORIGINAL,57-105,능동로3길 67,RENT,18.14,202602,01,16000,22,3,2019,202604~202804,N,N,16000.0,20.0,N,N
자양동,villa,아차산로40길 33,ROAD_ADDR,229-45,아차산로40길 33,RENT,23.28,202602,01,23000,45,4,2022,202602~202802,N,Y,23000.0,40.0,N,N
자양동,villa,아차산로40길 33,ROAD_ADDR,229-45,아차산로40길 33,RENT,23.28,202602,01,23000,45,4,2022,202602~202802,N,Y,23000.0,40.0,N,N
자양동,officetel,타워더모스트광진아크로텔,ORIGINAL,779,아차산로 355,RENT,25.21,202601,31,1000,89,9,2014,202602~202702,Y,N,,,N,N
자양동,officetel,건대입구역자이엘라,ORIGINAL,2-2,능동로 87,RENT,18.1,202601,31,1000,126,14,2022,202601~202701,Y,N,,,N,N
자양동,villa,브랙핸즈Ⅴ,ORIGINAL,227-297,자양번영로11길 19-11,RENT,29.98,202601,31,24500,10,2,2018,202604~202804,Y,N,,,N,N
자양동,villa,자양로15길 50,ROAD_ADDR,612-48,자양로15길 50,RENT,18.19,202601,30,5000,65,5,2019,202602~202802,Y,N,,,N,Y
자양동,officetel,타워더모스트광진아크로텔,ORIGINAL,779,아차산로 355,RENT,23.97,202601,27,20000,20,6,2014,202603~202803,Y,N,,,N,N
자양동,villa,뚝섬로49길 35,ROAD_ADDR,620-26,뚝섬로49길 35,RENT,20.13,202601,27,500,49,2,2012,202601~202801,Y,N,,,Y,Y
자양동,villa,크로마하우스5차,ORIGINAL,227-166,자양번영로11길 19-5,RENT,29.87,202601,27,35000,13,4,2019,202602~202802,N,N,35000.0,7.0,N,N
자양동,villa,한가람빌(637-28),ORIGINAL,637-28,뚝섬로52가길 16-2,RENT,35.62,202601,27,20000,15,4,2009,202604~202804,Y,N,,,N,N
자양동,villa,뚝섬로43길 8,ROAD_ADDR,609-4,뚝섬로43길 8,RENT,37.225,202601,27,18000,14,3,2016,202603~202803,Y,N,,,N,N
자양동,villa,크로마하우스5차,ORIGINAL,227-166,자양번영로11길 19-5,RENT,29.87,202601,27,35000,13,4,2019,202602~202802,N,N,35000.0,7.0,N,N
자양동,villa,뚝섬로43길 8,ROAD_ADDR,609-4,뚝섬로43길 8,RENT,37.225,202601,27,18000,14,3,2016,202603~202803,Y,N,,,N,N
자양동,villa,형제빌딩,ORIGINAL,655,뚝섬로57길 39,RENT,13.5,202601,26,1500,60,2,2018,202602~202802,Y,N,,,Y,Y
자양동,villa,아차산로44가길 19,ROAD_ADDR,231-20,아차산로44가길 19,RENT,22.23,202601,25,1000,52,3,2011,202603~202702,Y,N,,,Y,Y
자양동,officetel,자양 호반써밋,ORIGINAL,861,능동로 69,RENT,21.38,202601,24,1000,105,16,2021,202602~202702,N,N,1000.0,100.0,N,N
자양동,officetel,자양 호반써밋,ORIGINAL,861,능동로 69,RENT,18.74,202601,24,3000,95,5,2021,202602~202802,Y,N,,,N,N
자양동,villa,뚝섬로49길 64-7,ROAD_ADDR,622-26,뚝섬로49길 64-7,RENT,16.95,202601,24,3000,52,3,2012,202603~202702,Y,N,,,Y,Y
자양동,villa,세림에버빌7차,ORIGINAL,771-2,자양로19가길 5,RENT,29.98,202601,24,10000,70,3,2016,202602~202802,N,N,10000.0,65.0,N,N
자양동,villa,류한빌딩,ORIGINAL,638-4,뚝섬로52나길 10,RENT,37.75,202601,24,1000,65,3,2002,202603~202802,Y,N,,,N,Y
자양동,villa,리채,ORIGINAL,595-9,자양번영로2길 59-8,RENT,33.18,202601,24,27000,20,5,2015,202602~202802,N,Y,27000.0,15.0,N,N
자양동,villa,뚝섬로57가길 10-4,ROAD_ADDR,660-19,뚝섬로57가길 10-4,RENT,29.94,202601,24,13800,20,3,2012,202603~202803,Y,N,,,N,N
자양동,villa,RIVERSIDE,ORIGINAL,553-142,뚝섬로25가길 5-6,RENT,25.68,202601,24,30000,15,2,2023,202602~202802,Y,N,,,N,N
자양동,villa,케이제이팰리스,ORIGINAL,219-36,아차산로46가길 11,RENT,28.56,202601,24,1500,92,7,2019,202603~202803,Y,N,,,N,N
자양동,villa,뚝섬로49길 64-7,ROAD_ADDR,622-26,뚝섬로49길 64-7,RENT,16.95,202601,24,3000,52,3,2012,202603~202803,Y,N,,,Y,Y
자양동,villa,뚝섬로52길 44,ROAD_ADDR,595-19,뚝섬로52길 44,RENT,28.2,202601,24,12000,30,2,2007,202602~202802,Y,N,,,N,N
자양동,officetel,아차산로 317,ROAD_ADDR,224-12,아차산로 317,RENT,20.52,202601,23,1000,65,5,2002,202601~202801,Y,N,,,N,Y
자양동,officetel,타워더모스트광진아크로텔,ORIGINAL,779,아차산로 355,RENT,25.21,202601,23,1000,89,13,2014,202602~202702,N,Y,1000.0,85.0,N,N
자양동,officetel,타워더모스트광진아크로텔,ORIGINAL,779,아차산로 355,RENT,32.18,202601,22,1000,124,11,2014,202603~202703,Y,N,,,N,N
자양동,villa,엘케이플레이스8차,ORIGINAL,842-32,동일로10다길 13-5,RENT,29.94,202601,22,20000,63,4,2025,202603~202803,Y,N,,,N,N
자양동,villa,자양리치빌Ⅳ,ORIGINAL,57-90,능동로3마길 10-3,RENT,27.26,202601,22,26000,20,4,2021,202603~202803,Y,N,,,N,N
자양동,officetel,타워더모스트광진아크로텔,ORIGINAL,779,아차산로 355,RENT,22.76,202601,21,1000,90,15,2014,202603~202703,Y,N,,,N,N
자양동,villa,유일빌딩,ORIGINAL,616-24,뚝섬로 623,RENT,30.12,202601,21,14000,80,4,2014,202602~202802,Y,N,,,N,N
자양동,villa,기성펠리체3,ORIGINAL,218-15,아차산로46길 19,RENT,19.84,202601,21,14400,13,5,2018,202602~202802,Y,N,,,N,N
자양동,villa,기성펠리체3,ORIGINAL,218-15,아차산로46길 19,RENT,19.84,202601,21,14400,13,5,2018,202603~202803,Y,N,,,N,N
자양동,villa,은호빌,ORIGINAL,669-5,뚝섬로58길 83-9,RENT,32.09,202601,21,2000,65,5,2003,202603~202803,Y,N,,,N,Y
자양동,villa,뚝섬로52길 8,ROAD_ADDR,606-28,뚝섬로52길 8,RENT,23.94,202601,21,1000,70,2,2002,202601~202801,Y,N,,,N,Y
자양동,villa,유일빌딩,ORIGINAL,616-24,뚝섬로 623,RENT,30.12,202601,21,15000,75,4,2014,202602~202802,Y,N,,,N,N
자양동,villa,자양로11길 41,ROAD_ADDR,632-31,자양로11길 41,RENT,29.33,202601,20,3000,75,2,2006,202602~202802,Y,N,,,N,N
자양동,villa,센토레아빌(678-12),ORIGINAL,678-12,자양로3길 14-23,RENT,39.87,202601,20,24000,5,4,2007,202601~202801,Y,N,,,N,N
자양동,villa,정호(649-4),ORIGINAL,649-4,뚝섬로52나길 38,RENT,23.75,202601,20,2000,60,3,2003,202602~202802,Y,N,,,Y,Y
자양동,villa,센토레아빌(678-12),ORIGINAL,678-12,자양로3길 14-23,RENT,39.87,202601,20,24000,5,4,2007,202601~202801,N,N,25000.0,0.0,N,N
자양동,villa,리치빌-10,ORIGINAL,16-6,아차산로24길 10,RENT,12.16,202601,19,500,65,3,2012,202601~202802,Y,N,,,N,Y
자양동,villa,정호(649-4),ORIGINAL,649-4,뚝섬로52나길 38,RENT,18.53,202601,19,2000,50,2,2003,202601~202801,Y,N,,,Y,Y
자양동,villa,엘케이플레이스8차,ORIGINAL,842-32,동일로10다길 13-5,RENT,24.46,202601,19,4000,116,4,2025,202602~202802,Y,N,,,N,N
자양동,officetel,안틸리아 자양,ORIGINAL,680-2,자양로 92,RENT,25.98,202601,18,5000,137,7,2022,202601~202801,N,Y,5000.0,130.0,N,N
자양동,villa,인트로자양,ORIGINAL,47-49,뚝섬로26길 41,RENT,25.26,202601,17,3000,80,4,2022,202602~202802,Y,N,,,N,N
자양동,villa,대원캐슬3차,ORIGINAL,611-2,자양번영로 60-1,RENT,29.97,202601,17,30000,5,5,2022,202602~202802,N,Y,30000.0,0.0,N,N
자양동,villa,엘케이플레이스8차,ORIGINAL,842-32,동일로10다길 13-5,RENT,24.21,202601,17,2000,140,4,2025,202602~202801,Y,N,,,N,N
자양동,villa,여유재,ORIGINAL,5-6,아차산로32길 21,RENT,15.4,202601,17,1000,78,2,2022,202601~202801,Y,N,,,N,N
자양동,officetel,더 트윈2,ORIGINAL,219-23,아차산로46가길 5,RENT,19.89,202601,16,1000,69,4,2020,202601~202801,N,N,1000.0,66.0,N,Y
자양동,officetel,아차산로 317,ROAD_ADDR,224-12,아차산로 317,RENT,33.35,202601,16,2000,75,4,2002,202602~202802,Y,N,,,N,N
자양동,officetel,타워더모스트광진아크로텔,ORIGINAL,779,아차산로 355,RENT,23.97,202601,16,1000,70,5,2014,202601~202701,Y,N,,,N,Y
자양동,villa,한양에버빌V,ORIGINAL,774-3,아차산로45길 29,RENT,29.85,202601,16,20000,25,5,2021,202601~202801,Y,N,,,N,N
자양동,villa,능동로7길 61,ROAD_ADDR,845-2,능동로7길 61,RENT,15.09,202601,16,8700,3,2,2015,202602~202802,Y,N,,,N,N
자양동,villa,뚝섬로52마길 47,ROAD_ADDR,647-24,뚝섬로52마길 47,RENT,34.57,202601,16,24000,16,2,2015,202602~202802,Y,N,,,N,N
자양동,officetel,드림타운,ORIGINAL,794,아차산로 312,RENT,27.33,202601,15,1000,63,2,1983,202602~202802,Y,N,,,N,Y
자양동,officetel,타워더모스트광진아크로텔,ORIGINAL,779,아차산로 355,RENT,22.76,202601,15,18450,10,10,2014,202602~202702,N,N,18450.0,0.0,N,N
자양동,villa,엘케이플레이스8차,ORIGINAL,842-32,동일로10다길 13-5,RENT,24.21,202601,15,2000,140,2,2025,202602~202801,Y,N,,,N,N
자양동,villa,원빌라,ORIGINAL,775-5,자양로19길 51,RENT,19.76,202601,15,1000,63,3,2002,202602~202802,Y,N,,,N,Y
자양동,villa,안틸리아자양,ORIGINAL,680-2,자양로 92,RENT,20.42,202601,14,3000,150,10,2022,202601~202701,Y,N,,,N,N
자양동,villa,능동로3라길 11,ROAD_ADDR,57-91,능동로3라길 11,RENT,28.28,202601,14,15000,80,4,2018,202601~202705,Y,N,,,N,N
자양동,villa,에코하임8차,ORIGINAL,232-5,아차산로44가길 22,RENT,27.39,202601,14,22500,12,2,2016,202602~202802,N,Y,22500.0,8.0,N,N
자양동,villa,드림빌(631-8),ORIGINAL,631-8,자양로13길 53,RENT,13.34,202601,14,10000,20,4,2011,202602~202801,Y,N,,,N,N
자양동,villa,드림빌(631-8),ORIGINAL,631-8,자양로13길 53,RENT,13.34,202601,14,10000,22,4,2011,202602~202801,Y,N,,,N,N
자양동,villa,드림빌(631-8),ORIGINAL,631-8,자양로13길 53,RENT,13.34,202601,14,10000,20,4,2011,202602~202801,Y,N,,,N,N
자양동,villa,엘케이플레이스8차,ORIGINAL,842-32,동일로10다길 13-5,RENT,24.21,202601,13,2000,140,2,2025,202602~202801,Y,N,,,N,N
자양동,officetel,타워더모스트광진아크로텔,ORIGINAL,779,아차산로 355,RENT,27.17,202601,12,1000,95,14,2014,202601~202701,N,N,1000.0,90.0,N,N
자양동,officetel,타워더모스트광진아크로텔,ORIGINAL,779,아차산로 355,RENT,22.76,202601,12,16000,30,22,2014,202603~202803,Y,N,,,N,N
자양동,villa,서원빌리지,ORIGINAL,219-3,아차산로46가길 31,RENT,18.85,202601,12,16000,18,8,2020,202603~202803,N,N,15000.0,18.0,N,N
자양동,villa,성지빌라,ORIGINAL,683-28,자양로6길 45,RENT,20.72,202601,12,2000,66,3,2017,202603~202803,Y,N,,,N,Y
자양동,villa,뚝섬로57가길 10-4,ROAD_ADDR,660-19,뚝섬로57가길 10-4,RENT,14.25,202601,11,1000,60,3,2012,202601~202801,Y,N,,,Y,Y
자양동,villa,샤인빌(78-41),ORIGINAL,78-41,능동로3가길 6,RENT,20.04,202601,11,3000,71,3,2021,202601~202801,Y,N,,,N,N
자양동,officetel,건대입구역자이엘라,ORIGINAL,2-2,능동로 87,RENT,18.6,202601,10,1000,130,18,2022,202602~202702,Y,N,,,N,N
자양동,officetel,타워더모스트광진아크로텔,ORIGINAL,779,아차산로 355,RENT,32.18,202601,10,2000,110,5,2014,202602~202702,Y,N,,,N,N
자양동,villa,은호빌,ORIGINAL,669-5,뚝섬로58길 83-9,RENT,36.94,202601,10,2000,65,5,2003,202602~202802,Y,N,,,N,Y
자양동,villa,아차산로32길 24,ROAD_ADDR,6-69,아차산로32길 24,RENT,20.31,202601,10,500,67,2,2013,202601~202801,Y,N,,,N,Y
자양동,villa,샤인빌(78-41),ORIGINAL,78-41,능동로3가길 6,RENT,29.05,202601,10,5000,94,2,2021,202602~202802,Y,N,,,N,N
자양동,villa,브랙핸즈Ⅴ,ORIGINAL,227-297,자양번영로11길 19-11,RENT,23.37,202601,10,19950,3,3,2018,202602~202802,Y,N,,,N,N
자양동,villa,BRICKHANDS,ORIGINAL,227-298,자양번영로9길 16-7,RENT,29.92,202601,10,27000,25,3,2018,202601~202801,N,Y,27000.0,25.0,N,N
자양동,villa,뚝섬로57길 55,ROAD_ADDR,631-3,뚝섬로57길 55,RENT,14.79,202601,10,1000,46,2,2013,202602~202802,Y,N,,,Y,Y
자양동,villa,포시즌파크,ORIGINAL,589-21,자양번영로3가길 30,RENT,23.28,202601,10,5000,68,2,2017,202602~202802,Y,N,,,N,Y
자양동,officetel,타워더모스트광진아크로텔,ORIGINAL,779,아차산로 355,RENT,23.97,202601,09,3000,77,14,2014,202603~202703,Y,N,,,N,N
자양동,officetel,타워더모스트광진아크로텔,ORIGINAL,779,아차산로 355,RENT,23.97,202601,09,5000,70,17,2014,202603~202703,Y,N,,,N,Y
자양동,villa,아차산로41길 24,ROAD_ADDR,225-13,아차산로41길 24,RENT,18.28,202601,09,1000,55,2,2013,202601~202704,Y,N,,,Y,Y
자양동,villa,헤렌하우스,ORIGINAL,227-252,자양번영로9길 12-5,RENT,20.24,202601,09,10000,50,5,2014,202601~202801,N,N,10000.0,50.0,N,N
자양동,officetel,자양 호반써밋,ORIGINAL,861,능동로 69,RENT,21.38,202601,08,1000,88,3,2021,202602~202802,Y,N,,,N,N
자양동,officetel,이스트폴,ORIGINAL,870,아차산로 400,RENT,32.13,202601,07,2000,151,19,2025,202601~202701,Y,N,,,N,N
자양동,officetel,타워더모스트광진아크로텔,ORIGINAL,779,아차산로 355,RENT,22.76,202601,07,10000,55,19,2014,202603~202803,Y,N,,,N,N
자양동,villa,Y-PARK2차,ORIGINAL,680-11,자양로16길 14,RENT,15.39,202601,07,3500,85,7,2021,202602~202802,Y,N,,,N,N
자양동,villa,드림빌(631-8),ORIGINAL,631-8,자양로13길 53,RENT,16.56,202601,07,1000,62,2,2011,202601~202801,Y,N,,,N,Y
자양동,villa,더스위트자양,ORIGINAL,202-34,뚝섬로22길 35,RENT,17.92,202601,07,3000,100,4,2022,202602~202802,Y,N,,,N,N
자양동,villa,동광팰리스,ORIGINAL,595-14,뚝섬로50길 45,RENT,28.0,202601,07,9500,62,5,2016,202603~202703,N,N,9500.0,57.0,N,N
자양동,officetel,자양 호반써밋,ORIGINAL,861,능동로 69,RENT,21.38,202601,06,5000,84,9,2021,202601~202801,Y,N,,,N,N
자양동,officetel,건대입구역자이엘라,ORIGINAL,2-2,능동로 87,RENT,18.6,202601,06,1000,130,10,2022,202601~202801,Y,N,,,N,N
자양동,officetel,자양오피스텔,ORIGINAL,767-4,자양로 135,RENT,30.87,202601,06,1000,60,8,1999,202601~202801,Y,N,,,Y,Y
자양동,villa,BRICKHANDS,ORIGINAL,227-298,자양번영로9길 16-7,RENT,16.8,202601,06,13700,11,5,2018,202602~202802,Y,N,,,N,N
자양동,villa,팰리스빌2,ORIGINAL,193-6,동일로2길 29-3,RENT,29.77,202601,06,25000,10,3,2020,202601~202801,Y,N,,,N,N
자양동,villa,BRICKHANDS,ORIGINAL,227-298,자양번영로9길 16-7,RENT,16.8,202601,06,13700,11,5,2018,202602~202802,Y,N,,,N,N
자양동,villa,엘케이플레이스8차,ORIGINAL,842-32,동일로10다길 13-5,RENT,24.46,202601,06,2000,150,2,2025,202601~202801,Y,N,,,N,N
자양동,villa,아차산로44가길 25,ROAD_ADDR,231-49,아차산로44가길 25,RENT,26.68,202601,06,2000,75,2,2009,202602~202802,Y,N,,,N,N
자양동,villa,BRICKHANDS,ORIGINAL,227-298,자양번영로9길 16-7,RENT,16.8,202601,06,13700,11,5,2018,202602~202802,Y,N,,,N,N
자양동,officetel,아차산로 317,ROAD_ADDR,224-12,아차산로 317,RENT,30.4,202601,05,1500,60,4,2002,202602~202802,Y,N,,,Y,Y
자양동,villa,그레이스빌,ORIGINAL,617-39,자양로13다길 8,RENT,29.46,202601,05,21000,25,2,2017,202601~202801,N,N,21000.0,20.0,N,N
자양동,villa,아차산로30길 33-10,ROAD_ADDR,6-66,아차산로30길 33-10,RENT,15.81,202601,05,1000,50,2,2012,202601~202801,Y,N,,,Y,Y
자양동,villa,자양로3길 31-9,ROAD_ADDR,667-15,자양로3길 31-9,RENT,38.51,202601,05,13000,30,4,2010,202602~202802,Y,N,,,N,N
자양동,villa,그레이스빌,ORIGINAL,617-39,자양로13다길 8,RENT,29.46,202601,05,21000,25,2,2017,202601~202801,N,N,21000.0,20.0,N,N
자양동,villa,아차산로40길 33,ROAD_ADDR,229-45,아차산로40길 33,RENT,23.28,202601,05,23000,36,5,2022,202602~202802,N,N,23000.0,30.0,N,N
자양동,villa,드림하이빌2차,ORIGINAL,227-78,자양번영로13길 23,RENT,29.94,202601,05,2000,110,7,2019,202602~202801,Y,N,,,N,N
자양동,villa,베일리하임,ORIGINAL,680-13,자양로16길 18,RENT,24.36,202601,05,2000,66,5,2018,202602~202802,Y,N,,,N,Y
자양동,villa,아르떼빌Ⅱ,ORIGINAL,622-30,뚝섬로51길 45,RENT,29.82,202601,03,5000,135,5,2016,202603~202803,Y,N,,,N,N
자양동,officetel,자양 호반써밋,ORIGINAL,861,능동로 69,RENT,29.94,202601,02,2000,175,13,2021,202602~202702,N,Y,2000.0,166.0,N,N
자양동,officetel,금강태극빌,ORIGINAL,779-3,아차산로 353,RENT,22.61,202601,02,10000,25,5,2005,202602~202802,Y,N,,,N,N
자양동,officetel,타워더모스트광진아크로텔,ORIGINAL,779,아차산로 355,RENT,23.97,202601,02,1000,89,13,2014,202601~202701,N,N,1000.0,85.0,N,N
자양동,officetel,타워더모스트광진아크로텔,ORIGINAL,779,아차산로 355,RENT,23.97,202601,02,2000,90,22,2014,202602~202702,Y,N,,,N,N
자양동,villa,아차산로41길 24,ROAD_ADDR,225-13,아차산로41길 24,RENT,18.28,202601,02,1000,50,3,2013,202601~202701,N,N,1000.0,50.0,Y,Y
자양동,villa,메종드52,ORIGINAL,640-33,뚝섬로52마길 21,RENT,32.4,202601,02,21000,8,2,2017,202601~202801,N,Y,21000.0,5.0,N,N
자양동,villa,자양번영로11길 5-4,ROAD_ADDR,227-143,자양번영로11길 5-4,RENT,21.12,202601,02,1000,60,3,2014,202601~202801,Y,N,,,Y,Y
자양동,villa,RS6264,ORIGINAL,626-4,자양로13길 6,RENT,19.84,202601,02,3000,125,8,2025,202601~202801,Y,N,,,N,N
자양동,officetel,그라시아빌딩,ORIGINAL,222-2,아차산로 340,RENT,22.5,202512,31,3000,80,3,2022,202601~202801,Y,N,,,N,N
자양동,villa,도시엔,ORIGINAL,857,동일로18길 36,RENT,12.17,202512,31,5000,40,4,2011,202602~202802,Y,N,,,Y,Y
자양동,villa,블루버드자양1차,ORIGINAL,599-19,뚝섬로46길 46,RENT,28.69,202512,31,21000,20,3,2023,202602~202802,Y,N,,,N,N
자양동,officetel,건대입구역자이엘라,ORIGINAL,2-2,능동로 87,RENT,18.91,202512,30,1000,130,10,2022,202512~202712,Y,N,,,N,N
자양동,officetel,건대입구역자이엘라,ORIGINAL,2-2,능동로 87,RENT,18.6,202512,30,1000,120,13,2022,202602~202802,Y,N,,,N,N
자양동,officetel,금강태극빌,ORIGINAL,779-3,아차산로 353,RENT,25.08,202512,30,11000,30,7,2005,202601~202712,Y,N,,,N,N
자양동,villa,샤인빌(78-41),ORIGINAL,78-41,능동로3가길 6,RENT,20.04,202512,30,5000,60,2,2021,202601~202801,Y,N,,,Y,Y
자양동,villa,더퍼스트스테이,ORIGINAL,680-9,자양로16길 12,RENT,27.08,202512,30,6000,101,10,2019,202512~202612,Y,N,,,N,N
자양동,officetel,건대입구역자이엘라,ORIGINAL,2-2,능동로 87,RENT,18.1,202512,29,20500,22,9,2022,202601~202701,N,N,20500.0,18.0,N,N
자양동,officetel,타워더모스트광진아크로텔,ORIGINAL,779,아차산로 355,RENT,23.97,202512,29,2000,83,14,2014,202602~202802,Y,N,,,N,N
자양동,officetel,이스트폴,ORIGINAL,870,아차산로 400,RENT,32.66,202512,29,2000,153,16,2025,202601~202701,Y,N,,,N,N
자양동,officetel,타워더모스트광진아크로텔,ORIGINAL,779,아차산로 355,RENT,23.97,202512,29,2000,84,14,2014,202602~202802,Y,N,,,N,N
자양동,officetel,타워더모스트광진아크로텔,ORIGINAL,779,아차산로 355,RENT,23.97,202512,29,2000,84,14,2014,202602~202802,Y,N,,,N,N
자양동,villa,진연빌,ORIGINAL,635-37,뚝섬로57가길 55-1,RENT,17.64,202512,29,5000,45,5,2014,202601~202801,N,N,5000.0,45.0,Y,Y
자양동,villa,RS6264,ORIGINAL,626-4,자양로13길 6,RENT,19.84,202512,29,5000,110,6,2025,202601~202801,Y,N,,,N,N
자양동,officetel,타워더모스트광진아크로텔,ORIGINAL,779,아차산로 355,RENT,30.61,202512,28,25800,5,16,2014,202601~202801,Y,N,,,N,N
자양동,villa,시그니처601,ORIGINAL,601-10,자양번영로 24,RENT,29.11,202512,27,36000,20,3,2020,202602~202802,Y,N,,,N,N
자양동,villa,준성빌,ORIGINAL,553-288,능동로5길 25,RENT,21.9,202512,27,1000,60,3,2016,202601~202801,Y,N,,,Y,Y
자양동,villa,시그니처601,ORIGINAL,601-10,자양번영로 24,RENT,29.11,202512,27,36000,20,3,2020,202602~202802,Y,N,,,N,N
자양동,villa,리버파크,ORIGINAL,197-19,동일로4가길 13,RENT,29.27,202512,27,22000,36,2,2022,202602~202802,Y,N,,,N,N
자양동,villa,더퍼스트스테이,ORIGINAL,680-9,자양로16길 12,RENT,27.08,202512,27,2000,111,9,2019,202601~202701,N,Y,2000.0,105.0,N,N
자양동,officetel,타워더모스트광진아크로텔,ORIGINAL,779,아차산로 355,RENT,23.97,202512,26,5000,77,19,2014,202601~202801,Y,N,,,N,N
자양동,villa,아스하임(627-26),ORIGINAL,627-26,자양로11길 10,RENT,17.64,202512,26,19000,15,7,2019,202602~202802,Y,N,,,N,N
자양동,villa,행복,ORIGINAL,16-47,아차산로22길 31-3,RENT,20.82,202512,26,500,62,3,2017,202601~202801,Y,N,,,N,Y
자양동,villa,세림에버빌6차A,ORIGINAL,631-10,자양로11길 44-5,RENT,38.05,202512,26,28000,15,3,2015,202602~202802,Y,N,,,N,N
자양동,officetel,자양 호반써밋,ORIGINAL,861,능동로 69,RENT,18.74,202512,25,1000,110,19,2021,202601~202801,Y,N,,,N,N
자양동,officetel,타워더모스트광진아크로텔,ORIGINAL,779,아차산로 355,RENT,23.97,202512,24,1000,85,11,2014,202601~202701,Y,N,,,N,N
자양동,villa,자양에스하임10,ORIGINAL,649-16,뚝섬로54길 27,RENT,34.53,202512,24,1945,25,2,2017,202601~202712,N,N,1872.0,24.0,Y,Y
자양동,villa,자양에스하임9,ORIGINAL,231-5,아차산로46길 22-7,RENT,29.87,202512,24,3598,9,2,2017,202601~202712,N,N,3539.0,8.0,Y,Y
자양동,villa,유플러스빌,ORIGINAL,661-33,뚝섬로 663,RENT,29.0,202512,24,16000,9,5,2014,202512~202712,N,N,16000.0,5.0,N,N
자양동,officetel,자양오피스텔,ORIGINAL,767-4,자양로 135,RENT,30.24,202512,23,9000,10,6,1999,202601~202801,Y,N,,,N,N
자양동,officetel,이스트폴,ORIGINAL,870,아차산로 400,RENT,24.21,202512,23,1000,113,15,2025,202601~202701,Y,N,,,N,N
자양동,villa,뚝섬로50길 21,ROAD_ADDR,605-23,뚝섬로50길 21,RENT,23.94,202512,23,1000,65,2,2014,202602~202802,Y,N,,,N,Y
자양동,villa,여유재,ORIGINAL,5-6,아차산로32길 21,RENT,15.4,202512,22,1000,78,2,2022,202601~202801,Y,N,,,N,N
자양동,villa,아차산로40길 33,ROAD_ADDR,229-45,아차산로40길 33,RENT,23.6,202512,21,27000,20,2,2022,202602~202802,Y,N,,,N,N
자양동,officetel,건대입구역자이엘라,ORIGINAL,2-2,능동로 87,RENT,18.1,202512,20,1000,130,16,2022,202601~202612,Y,N,,,N,N
자양동,villa,아차산로26길 32-6,ROAD_ADDR,13-5,아차산로26길 32-6,RENT,28.54,202512,20,3000,35,2,2014,202601~202801,Y,N,,,Y,Y
자양동,villa,도시엔,ORIGINAL,857,동일로18길 36,RENT,12.17,202512,20,1000,55,2,2011,202602~202801,Y,N,,,Y,Y
자양동,villa,자양리버시티,ORIGINAL,612-10,아차산로40길 69-7,RENT,29.99,202512,20,29000,5,2,2022,202601~202801,N,N,29000.0,0.0,N,N
자양동,officetel,더 트윈2,ORIGINAL,219-23,아차산로46가길 5,RENT,19.57,202512,19,1000,70,3,2020,202602~202802,Y,N,,,N,Y
자양동,villa,닥터하우스,ORIGINAL,603-26,자양번영로6길 34,RENT,31.38,202512,19,20000,50,3,2016,202602~202802,Y,N,,,N,N
자양동,villa,뚝섬로47길 32-5,ROAD_ADDR,620-1,뚝섬로47길 32-5,RENT,37.44,202512,19,25000,13,5,2015,202601~202801,Y,N,,,N,N
자양동,officetel,타워더모스트광진아크로텔,ORIGINAL,779,아차산로 355,RENT,23.97,202512,18,1000,95,18,2014,202601~202801,Y,N,,,N,N
자양동,villa,해오름,ORIGINAL,13-17,아차산로24길 25,RENT,15.65,202512,18,1000,54,4,2009,202601~202801,Y,N,,,Y,Y
자양동,villa,류한빌딩,ORIGINAL,638-4,뚝섬로52나길 10,RENT,38.63,202512,18,5000,48,3,2002,202601~202801,N,Y,5000.0,45.0,Y,Y
자양동,villa,지오파크,ORIGINAL,589-3,자양번영로3가길 28,RENT,23.12,202512,18,22000,9,3,2017,202601~202801,N,Y,21900.0,6.0,N,N
자양동,villa,여유재,ORIGINAL,5-6,아차산로32길 21,RENT,15.96,202512,18,1000,75,2,2022,202512~202712,Y,N,,,N,N
자양동,villa,스위트자양4차,ORIGINAL,193-18,동일로2길 26,RENT,26.42,202512,17,5000,163,5,2023,202601~202801,Y,N,,,N,N
자양동,villa,뚝섬로23길 97,ROAD_ADDR,4-4,뚝섬로23길 97,RENT,16.72,202512,17,500,65,5,2013,202601~202801,Y,N,,,N,Y
자양동,officetel,타워더모스트광진아크로텔,ORIGINAL,779,아차산로 355,RENT,23.97,202512,16,1000,85,14,2014,202601~202701,N,N,1000.0,81.0,N,N
자양동,villa,지인재,ORIGINAL,218-44,아차산로46나길 7,RENT,25.22,202512,16,3000,90,3,2021,202602~202802,Y,N,,,N,N
자양동,villa,지오빌,ORIGINAL,589-5,자양번영로3나길 31,RENT,33.12,202512,16,6391,14,3,2015,202601~202803,Y,N,,,Y,Y
자양동,villa,지오빌,ORIGINAL,589-5,자양번영로3나길 31,RENT,33.12,202512,16,2663,35,3,2015,202601~202803,Y,N,,,Y,Y
자양동,villa,아스하임(626-3),ORIGINAL,626-3,자양로13길 8,RENT,17.0,202512,16,1000,90,7,2017,202601~202801,Y,N,,,N,N
자양동,officetel,드림타운,ORIGINAL,794,아차산로 312,RENT,27.33,202512,15,1000,60,2,1983,202601~202801,Y,N,,,Y,Y
자양동,villa,지오빌,ORIGINAL,589-5,자양번영로3나길 31,RENT,32.2,202512,15,200,47,3,2015,202601~202803,Y,N,,,Y,Y
자양동,villa,서원빌리지,ORIGINAL,219-3,아차산로46가길 31,RENT,18.85,202512,15,22500,9,9,2020,202601~202801,Y,N,,,N,N
자양동,villa,미산빌8차,ORIGINAL,52-89,능동로3나길 25,RENT,18.0,202512,15,5000,70,3,2021,202512~202712,Y,N,,,N,Y
자양동,villa,미도빌,ORIGINAL,6-17,아차산로32길 26,RENT,15.04,202512,15,1000,70,2,2013,202603~202802,Y,N,,,N,Y
자양동,villa,형제빌딩,ORIGINAL,655,뚝섬로57길 39,RENT,13.5,202512,15,2000,65,4,2018,202601~202801,Y,N,,,N,Y
자양동,villa,형제빌딩,ORIGINAL,655,뚝섬로57길 39,RENT,13.5,202512,15,2000,65,4,2018,202601~202801,Y,N,,,N,Y
자양동,officetel,자양 호반써밋,ORIGINAL,861,능동로 69,RENT,29.94,202512,13,3000,165,5,2021,202602~202802,Y,N,,,N,N
자양동,villa,준성빌,ORIGINAL,553-288,능동로5길 25,RENT,16.2,202512,13,500,51,2,2016,202601~202712,Y,N,,,Y,Y
자양동,villa,아차산로40길 33,ROAD_ADDR,229-45,아차산로40길 33,RENT,23.65,202512,13,24275,33,6,2022,202603~202802,N,N,23500.0,30.0,N,N
자양동,villa,자양번영로6길 26,ROAD_ADDR,603,자양번영로6길 26,RENT,18.34,202512,13,1000,65,3,2013,202601~202801,Y,N,,,N,Y
자양동,villa,도시엔,ORIGINAL,857,동일로18길 36,RENT,13.38,202512,13,500,65,5,2011,202602~202702,Y,N,,,N,Y
자양동,villa,아차산로26길 34,ROAD_ADDR,13-70,아차산로26길 34,RENT,29.68,202512,13,3700,34,3,2009,202512~202712,Y,N,,,Y,Y
자양동,villa,RS6264,ORIGINAL,626-4,자양로13길 6,RENT,19.84,202512,12,5000,110,6,2025,202512~202712,Y,N,,,N,N
자양동,villa,아스하임(627-26),ORIGINAL,627-26,자양로11길 10,RENT,22.14,202512,12,23000,10,6,2019,202601~202801,Y,N,,,N,N
자양동,villa,아차산로24길 1,ROAD_ADDR,13-29,아차산로24길 1,RENT,14.9,202512,12,500,49,2,2012,202601~202801,Y,N,,,Y,Y
자양동,villa,도시엔,ORIGINAL,857,동일로18길 36,RENT,13.38,202512,12,1000,60,3,2011,202601~202701,Y,N,,,Y,Y
자양동,villa,드림리버뷰,ORIGINAL,57-105,능동로3길 67,RENT,18.14,202512,12,3000,72,5,2019,202601~202801,Y,N,,,N,N
자양동,officetel,자양오피스텔,ORIGINAL,219-6,아차산로46가길 19,RENT,20.31,202512,11,2000,53,6,2003,202601~202701,N,N,1000.0,53.0,Y,Y
자양동,villa,미성아트빌,ORIGINAL,623-24,뚝섬로51길 42,RENT,33.66,202512,11,2000,80,3,2010,202602~202802,Y,N,,,N,N
자양동,officetel,아스하임,ORIGINAL,626-3,자양로13길 8,RENT,18.88,202512,10,2000,105,3,2017,202601~202801,Y,N,,,N,N
자양동,officetel,그라시아빌딩,ORIGINAL,222-2,아차산로 340,RENT,22.5,202512,09,3000,80,3,2022,202512~202712,Y,N,,,N,N
자양동,villa,뚝섬로51길 38-1,ROAD_ADDR,623-32,뚝섬로51길 38-1,RENT,21.06,202512,08,1000,65,3,2012,202601~202801,Y,N,,,N,Y
자양동,villa,자양에스하임11,ORIGINAL,218-9,아차산로46가길 10-3,RENT,29.55,202512,08,1796,23,3,2019,202512~202802,Y,N,,,Y,Y
자양동,villa,뚝섬로59길 81-18,ROAD_ADDR,624-36,뚝섬로59길 81-18,RENT,16.41,202512,08,1100,36,2,2010,202512~202712,Y,N,,,Y,Y
자양동,villa,자양에스하임11,ORIGINAL,218-9,아차산로46가길 10-3,RENT,29.55,202512,08,4310,9,3,2019,202512~202802,Y,N,,,Y,Y
자양동,villa,그라시아빌딩,ORIGINAL,222-2,아차산로 340,RENT,21.42,202512,06,3000,95,4,2022,202512~202712,Y,N,,,N,N
자양동,villa,준빌라트,ORIGINAL,655-40,자양로7길 30,RENT,28.01,202512,06,2000,95,3,2010,202601~202801,Y,N,,,N,N
자양동,villa,퀸앤킹(622-28),ORIGINAL,622-28,뚝섬로51길 47,RENT,13.6,202512,06,4866,50,2,2013,202602~202801,N,N,4000.0,50.0,Y,Y
자양동,villa,뚝섬로47길 32-5,ROAD_ADDR,620-1,뚝섬로47길 32-5,RENT,37.44,202512,06,25000,13,5,2015,202601~202801,Y,N,,,N,N
자양동,villa,준빌라트,ORIGINAL,655-40,자양로7길 30,RENT,28.01,202512,06,2000,95,3,2010,202601~202801,Y,N,,,N,N
자양동,officetel,타워더모스트광진아크로텔,ORIGINAL,779,아차산로 355,RENT,23.97,202512,05,1000,90,11,2014,202512~202712,Y,N,,,N,N
자양동,villa,더퍼스트스테이,ORIGINAL,680-9,자양로16길 12,RENT,26.73,202512,05,30000,15,9,2019,202601~202801,N,Y,29000.0,10.0,N,N
자양동,villa,아차산로 331,ROAD_ADDR,774-24,아차산로 331,RENT,21.96,202512,05,1000,55,3,2012,202601~202801,N,Y,1000.0,53.0,Y,Y
자양동,villa,더트윈1,ORIGINAL,219-22,아차산로46가길 7,RENT,25.61,202512,05,15000,69,7,2020,202601~202801,Y,N,,,N,N
자양동,villa,그라시아빌딩,ORIGINAL,222-2,아차산로 340,RENT,20.44,202512,05,3000,90,4,2022,202512~202712,Y,N,,,N,N
자양동,villa,성호,ORIGINAL,16-5,아차산로22길 21-1,RENT,29.76,202512,05,500,80,1,1990,202512~202708,N,N,500.0,80.0,N,N
자양동,villa,도시엔,ORIGINAL,857,동일로18길 36,RENT,12.17,202512,05,1000,55,3,2011,202512~202712,Y,N,,,Y,Y
자양동,villa,까사드자양,ORIGINAL,834-6,동일로14길 21,RENT,29.57,202512,05,10000,75,4,2023,202601~202801,Y,N,,,N,N
자양동,villa,헤렌하우스(772-19),ORIGINAL,772-19,자양로19길 62-7,RENT,29.94,202512,05,15000,15,3,2018,202512~202712,N,N,20000.0,5.0,N,N
자양동,villa,서원하우징(661-28),ORIGINAL,661-28,뚝섬로55길 6-6,RENT,29.66,202512,05,5000,62,3,2014,202512~202712,N,N,5000.0,75.0,N,Y
자양동,villa,아차산로46가길 12,ROAD_ADDR,218-10,아차산로46가길 12,RENT,23.8,202512,05,1000,45,4,1989,202601~202801,Y,N,,,Y,Y
자양동,officetel,자양오피스텔,ORIGINAL,767-4,자양로 135,RENT,30.24,202512,04,1000,60,7,1999,202601~202801,Y,N,,,Y,Y
자양동,villa,지오파크,ORIGINAL,589-3,자양번영로3가길 28,RENT,24.29,202512,04,17000,45,2,2017,202601~202801,Y,N,,,N,N
자양동,villa,자양로4길 50,ROAD_ADDR,687-14,자양로4길 50,RENT,29.58,202512,04,2000,75,5,2005,202512~202712,Y,N,,,N,N
자양동,villa,뚝섬리버빌3차,ORIGINAL,588-11,자양번영로3나길 34,RENT,16.29,202512,04,3000,110,6,2019,202601~202801,Y,N,,,N,N
자양동,officetel,제이원하이텔,ORIGINAL,608-21,자양번영로 34,RENT,23.94,202512,03,2000,60,7,2004,202512~202612,Y,N,,,Y,Y
자양동,villa,그라시아빌딩,ORIGINAL,222-2,아차산로 340,RENT,20.44,202512,03,3000,90,5,2022,202512~202712,Y,N,,,N,N
자양동,villa,더퍼스트스테이,ORIGINAL,680-9,자양로16길 12,RENT,17.27,202512,03,3000,85,9,2019,202601~202801,Y,N,,,N,N
자양동,villa,로데빌,ORIGINAL,9-2,아차산로30길 20-8,RENT,18.87,202512,02,1000,93,2,2012,202512~202712,Y,N,,,N,N
자양동,villa,자양번영로6길 26,ROAD_ADDR,603,자양번영로6길 26,RENT,16.72,202512,02,1000,65,3,2013,202512~202712,Y,N,,,N,Y
자양동,villa,뚝섬로51길 82-2,ROAD_ADDR,624-19,뚝섬로51길 82-2,RENT,26.81,202512,02,4000,50,3,2010,202601~202801,Y,N,,,Y,Y
자양동,officetel,타워더모스트광진아크로텔,ORIGINAL,779,아차산로 355,RENT,23.97,202511,30,1000,100,18,2014,202512~202612,Y,N,,,N,N
자양동,officetel,타워더모스트광진아크로텔,ORIGINAL,779,아차산로 355,RENT,23.97,202511,30,1000,84,17,2014,202601~202701,Y,N,,,N,N
자양동,villa,윤영홈,ORIGINAL,678-6,뚝섬로58길 23,RENT,16.98,202511,30,2000,48,3,2013,202511~202711,N,N,2000.0,46.0,Y,Y
자양동,officetel,제이원하이텔,ORIGINAL,608-21,자양번영로 34,RENT,23.94,202511,29,2000,60,5,2004,202602~202802,Y,N,,,Y,Y
자양동,officetel,타워더모스트광진아크로텔,ORIGINAL,779,아차산로 355,RENT,26.32,202511,29,3000,85,11,2014,202601~202701,N,N,3000.0,80.0,N,N
자양동,villa,포시즌파크,ORIGINAL,589-21,자양번영로3가길 30,RENT,23.28,202511,29,5000,90,4,2017,202601~202801,Y,N,,,N,N
자양동,villa,서원빌리지,ORIGINAL,219-3,아차산로46가길 31,RENT,18.85,202511,29,15000,17,5,2020,202602~202802,Y,N,,,N,N
자양동,villa,자양드림힐6차,ORIGINAL,225-45,아차산로39길 14,RENT,34.25,202511,29,10000,90,3,2017,202512~202712,Y,N,,,N,N
자양동,villa,아차산로44가길 25,ROAD_ADDR,231-49,아차산로44가길 25,RENT,19.63,202511,29,2000,70,3,2009,202512~202712,Y,N,,,N,Y
자양동,officetel,타워더모스트광진아크로텔,ORIGINAL,779,아차산로 355,RENT,23.97,202511,28,1000,92,22,2014,202512~202611,Y,N,,,N,N
자양동,villa,자양그랑시아2,ORIGINAL,799-3,자양번영로 78,RENT,26.69,202511,28,13000,60,3,2018,202512~202712,Y,N,,,N,N
자양동,villa,케이제이팰리스,ORIGINAL,219-36,아차산로46가길 11,RENT,28.56,202511,28,12000,50,6,2019,202512~202712,N,Y,12000.0,45.0,N,N
자양동,villa,퀸앤킹(622-28),ORIGINAL,622-28,뚝섬로51길 47,RENT,18.22,202511,28,13264,3,2,2013,202602~202702,N,N,12600.0,3.0,N,N
자양동,villa,유플러스빌,ORIGINAL,661-33,뚝섬로 663,RENT,30.81,202511,28,23400,6,3,2014,202601~202801,Y,N,,,N,N
자양동,villa,유플러스빌,ORIGINAL,661-33,뚝섬로 663,RENT,30.81,202511,28,23400,6,3,2014,202601~202801,Y,N,,,N,N
자양동,villa,아차산로30길 33-10,ROAD_ADDR,6-66,아차산로30길 33-10,RENT,15.81,202511,27,1000,50,3,2012,202512~202712,Y,N,,,Y,Y
자양동,officetel,타워더모스트광진아크로텔,ORIGINAL,779,아차산로 355,RENT,32.18,202511,26,1000,116,5,2014,202512~202612,N,Y,1000.0,110.0,N,N
자양동,villa,센트럴리버뷰,ORIGINAL,193-13,뚝섬로22길 79-9,RENT,23.3,202511,26,20000,50,3,2021,202601~202801,Y,N,,,N,N
자양동,villa,스타필드리버뷰Ⅰ,ORIGINAL,687-13,뚝섬로64길 34,RENT,20.78,202511,26,29200,3,2,2023,202511~202711,N,Y,30000.0,0.0,N,N
자양동,villa,BRICKHANDS,ORIGINAL,227-298,자양번영로9길 16-7,RENT,14.1,202511,26,12000,2,5,2018,202512~202712,N,N,12000.0,0.0,N,N
자양동,officetel,이스트폴,ORIGINAL,870,아차산로 400,RENT,32.13,202511,25,2000,139,8,2025,202601~202701,Y,N,,,N,N
자양동,officetel,타워더모스트광진아크로텔,ORIGINAL,779,아차산로 355,RENT,23.97,202511,25,10000,60,18,2014,202601~202801,N,N,10000.0,55.0,N,N
자양동,villa,RS6264,ORIGINAL,626-4,자양로13길 6,RENT,20.15,202511,25,3000,110,4,2025,202512~202711,Y,N,,,N,N
자양동,villa,키스톤하우스-7,ORIGINAL,227-279,자양번영로7길 16,RENT,28.39,202511,25,26000,5,3,2017,202601~202803,Y,N,,,N,N
자양동,villa,랜드마크Ⅱ,ORIGINAL,57-97,능동로3마길 10-6,RENT,21.51,202511,25,30000,10,6,2022,202602~202802,Y,N,,,N,N
자양동,officetel,자양 호반써밋,ORIGINAL,861,능동로 69,RENT,29.94,202511,24,2000,170,4,2021,202512~202712,Y,N,,,N,N
자양동,officetel,타워더모스트광진아크로텔,ORIGINAL,779,아차산로 355,RENT,27.17,202511,24,1000,94,12,2014,202512~202612,N,N,1000.0,90.0,N,N
자양동,officetel,드림타운,ORIGINAL,794,아차산로 312,RENT,27.33,202511,24,1000,65,4,1983,202512~202712,Y,N,,,N,Y
자양동,officetel,타워더모스트광진아크로텔,ORIGINAL,779,아차산로 355,RENT,23.97,202511,24,20000,10,5,2014,202601~202801,Y,N,,,N,N
자양동,villa,자양번영로2길 30-11,ROAD_ADDR,593-15,자양번영로2길 30-11,RENT,18.01,202511,24,500,55,3,2013,202602~202702,N,N,500.0,52.0,Y,Y
자양동,officetel,타워더모스트광진아크로텔,ORIGINAL,779,아차산로 355,RENT,30.61,202511,22,1000,130,21,2014,202512~202612,Y,N,,,N,N
자양동,officetel,타워더모스트광진아크로텔,ORIGINAL,779,아차산로 355,RENT,23.97,202511,22,2000,71,15,2014,202512~202612,N,N,2000.0,68.0,N,N
자양동,officetel,타워더모스트광진아크로텔,ORIGINAL,779,아차산로 355,RENT,31.1,202511,22,1000,120,16,2014,202512~202712,N,N,1000.0,115.0,N,N
자양동,officetel,드림타운,ORIGINAL,794,아차산로 312,RENT,18.2,202511,22,1000,50,2,1983,202601~202801,Y,N,,,Y,Y
자양동,villa,지오파크,ORIGINAL,589-3,자양번영로3가길 28,RENT,27.41,202511,22,20000,40,6,2017,202601~202801,Y,N,,,N,N
자양동,villa,자양로3길 14-36,ROAD_ADDR,677-3,자양로3길 14-36,RENT,27.9,202511,22,12000,29,3,2006,202512~202712,N,Y,12000.0,25.0,N,N
자양동,officetel,타워더모스트광진아크로텔,ORIGINAL,779,아차산로 355,RENT,23.97,202511,21,7000,65,16,2014,202512~202712,Y,N,,,N,N
자양동,officetel,이스트폴,ORIGINAL,870,아차산로 400,RENT,32.66,202511,21,2000,153,17,2025,202601~202701,Y,N,,,N,N
자양동,villa,에코하임8차,ORIGINAL,232-5,아차산로44가길 22,RENT,27.39,202511,21,22600,5,2,2016,202512~202712,N,N,24000.0,5.0,N,N
자양동,villa,RS6264,ORIGINAL,626-4,자양로13길 6,RENT,19.84,202511,21,3000,115,5,2025,202512~202712,Y,N,,,N,N
자양동,villa,에코하임8차,ORIGINAL,232-5,아차산로44가길 22,RENT,27.39,202511,21,22600,5,2,2016,202601~202801,Y,N,,,N,N
자양동,officetel,자양 호반써밋,ORIGINAL,861,능동로 69,RENT,21.38,202511,20,7000,81,6,2021,202512~202802,Y,N,,,N,N
자양동,villa,동광팰리스,ORIGINAL,595-14,뚝섬로50길 45,RENT,29.16,202511,20,23000,5,2,2016,202512~202712,N,Y,23000.0,0.0,N,N
자양동,villa,해피빌,ORIGINAL,625-23,뚝섬로51길 69-1,RENT,24.84,202511,20,1000,61,2,2012,202511~202711,Y,N,,,N,Y
자양동,villa,스위트자양4차,ORIGINAL,193-18,동일로2길 26,RENT,29.31,202511,20,5000,160,4,2023,202511~202711,Y,N,,,N,N
자양동,villa,Y-PARK2차,ORIGINAL,680-11,자양로16길 14,RENT,21.26,202511,20,2000,105,7,2021,202511~202611,N,N,2000.0,105.0,N,N
자양동,villa,능동로3라길 11,ROAD_ADDR,57-91,능동로3라길 11,RENT,26.81,202511,20,10000,35,4,2018,202511~202611,N,N,26000.0,0.0,N,N
자양동,villa,위너스빌(638-1),ORIGINAL,638-1,뚝섬로52나길 6,RENT,34.45,202511,20,25000,10,2,2014,202512~202612,N,N,25000.0,0.0,N,N
자양동,villa,길린빌,ORIGINAL,6-45,아차산로30길 19-6,RENT,23.54,202511,19,2000,73,2,2014,202512~202712,Y,N,,,N,N
자양동,villa,예은씨티빌,ORIGINAL,619-16,뚝섬로49길 15,RENT,35.18,202511,19,10000,42,3,2008,202601~202801,N,N,10000.0,39.0,N,N
자양동,villa,RS6264,ORIGINAL,626-4,자양로13길 6,RENT,30.96,202511,19,3000,145,4,2025,202511~202711,Y,N,,,N,N
자양동,villa,WinnerSiwon,ORIGINAL,227-144,자양번영로11길 9-5,RENT,23.32,202511,19,26800,10,5,2019,202512~202712,Y,N,,,N,N
자양동,villa,까사드자양,ORIGINAL,834-6,동일로14길 21,RENT,30.97,202511,18,5000,110,3,2023,202512~202712,Y,N,,,N,N
자양동,villa,도시엔,ORIGINAL,857,동일로18길 36,RENT,13.38,202511,18,12600,5,2,2011,202512~202712,Y,N,,,N,N
자양동,villa,래디앙(634-4),ORIGINAL,634-4,자양로11길 70,RENT,27.61,202511,18,18390,30,5,2015,202512~202712,Y,N,,,N,N
자양동,villa,아차산로30길 33-10,ROAD_ADDR,6-66,아차산로30길 33-10,RENT,16.55,202511,18,500,50,3,2012,202601~202801,Y,N,,,Y,Y
자양동,villa,마이바움자양,ORIGINAL,52-193,뚝섬로24길 11,RENT,28.97,202511,18,1000,75,3,2018,202601~202701,Y,N,,,N,N
자양동,officetel,타워더모스트광진아크로텔,ORIGINAL,779,아차산로 355,RENT,23.97,202511,17,1000,94,12,2014,202512~202612,N,N,1000.0,90.0,N,N
자양동,villa,로데빌,ORIGINAL,9-2,아차산로30길 20-8,RENT,19.14,202511,17,500,50,5,2012,202512~202712,Y,N,,,Y,Y
자양동,villa,Y-PARK2차,ORIGINAL,680-11,자양로16길 14,RENT,20.01,202511,17,26000,7,7,2021,202512~202712,N,N,26000.0,0.0,N,N
자양동,villa,해오름,ORIGINAL,13-17,아차산로24길 25,RENT,15.96,202511,17,1000,45,3,2009,202511~202711,Y,N,,,Y,Y
자양동,officetel,자양오피스텔,ORIGINAL,767-4,자양로 135,RENT,30.24,202511,15,1000,60,8,1999,202601~202801,Y,N,,,Y,Y
자양동,villa,윤영홈,ORIGINAL,678-6,뚝섬로58길 23,RENT,16.98,202511,15,1000,58,4,2013,202601~202801,Y,N,,,Y,Y
자양동,officetel,건대입구역자이엘라,ORIGINAL,2-2,능동로 87,RENT,18.91,202511,14,1000,87,8,2022,202512~202612,Y,N,,,N,N
자양동,villa,RS6264,ORIGINAL,626-4,자양로13길 6,RENT,30.96,202511,14,3000,150,6,2025,202511~202711,Y,N,,,N,N
자양동,villa,RS6264,ORIGINAL,626-4,자양로13길 6,RENT,30.96,202511,14,3000,145,5,2025,202512~202712,Y,N,,,N,N
자양동,villa,뚝섬리버빌,ORIGINAL,52-157,동일로4길 64,RENT,36.36,202511,14,5000,100,6,2015,202511~202711,Y,N,,,N,N
자양동,officetel,자양오피스텔,ORIGINAL,767-4,자양로 135,RENT,30.87,202511,13,8000,10,3,1999,202511~202711,Y,N,,,Y,N
자양동,villa,향기빌리지,ORIGINAL,624,자양로13가길 8,RENT,24.86,202511,13,24500,7,2,2019,202512~202712,N,N,25000.0,0.0,N,N
자양동,officetel,자양오피스텔,ORIGINAL,767-4,자양로 135,RENT,30.87,202511,12,8000,10,5,1999,202512~202612,Y,N,,,Y,N
자양동,villa,에코하임8차,ORIGINAL,232-5,아차산로44가길 22,RENT,27.39,202511,12,24000,5,2,2016,202512~202712,Y,N,,,N,N
자양동,villa,에코하임8차,ORIGINAL,232-5,아차산로44가길 22,RENT,27.39,202511,12,22600,5,2,2016,202512~202712,Y,N,,,N,N
자양동,villa,에코하임8차,ORIGINAL,232-5,아차산로44가길 22,RENT,27.39,202511,12,22600,5,2,2016,202601~202801,Y,N,,,N,N
자양동,officetel,타워더모스트광진아크로텔,ORIGINAL,779,아차산로 355,RENT,23.97,202511,11,1000,90,16,2014,202601~202701,Y,N,,,N,N
자양동,villa,자양번영로12길 5-4,ROAD_ADDR,798-8,자양번영로12길 5-4,RENT,21.31,202511,11,14500,14,3,2014,202512~202712,Y,N,,,N,N
자양동,villa,미산빌5차,ORIGINAL,842-1,동일로10나길 18,RENT,26.36,202511,11,18000,20,3,2021,202512~202712,Y,N,,,N,N
자양동,villa,아차산로26길 32-6,ROAD_ADDR,13-5,아차산로26길 32-6,RENT,28.54,202511,10,1000,60,2,2014,202511~202711,Y,N,,,Y,Y
자양동,villa,뚝섬로58길 28,ROAD_ADDR,664-27,뚝섬로58길 28,RENT,34.32,202511,10,15500,6,3,2013,202511~202711,N,N,15500.0,3.0,N,N
자양동,officetel,광진트라팰리스,ORIGINAL,854,뚝섬로34길 67,RENT,35.12,202511,08,2000,130,5,2006,202511~202611,Y,N,,,N,N
자양동,villa,어반캐슬(611-36),ORIGINAL,611-36,아차산로40길 72,RENT,39.23,202511,08,3000,105,3,2016,202512~202712,N,Y,3000.0,100.0,N,N
자양동,villa,RS6264,ORIGINAL,626-4,자양로13길 6,RENT,19.84,202511,08,2000,120,7,2025,202511~202711,Y,N,,,N,N
자양동,officetel,건대입구역자이엘라,ORIGINAL,2-2,능동로 87,RENT,18.6,202511,07,20000,20,11,2022,202601~202801,Y,N,,,N,N
자양동,officetel,자양 호반써밋,ORIGINAL,861,능동로 69,RENT,21.38,202511,07,2000,110,12,2021,202512~202612,Y,N,,,N,N
자양동,officetel,자양 호반써밋,ORIGINAL,861,능동로 69,RENT,18.74,202511,05,1000,93,7,2021,202512~202612,Y,N,,,N,N
자양동,officetel,더 트윈1,ORIGINAL,219-22,아차산로46가길 7,RENT,19.57,202511,05,15000,10,3,2020,202512~202712,N,Y,15000.0,7.0,N,N
자양동,officetel,타워더모스트광진아크로텔,ORIGINAL,779,아차산로 355,RENT,26.32,202511,05,1000,95,12,2014,202601~202701,Y,N,,,N,N
자양동,villa,브랙핸즈Ⅴ,ORIGINAL,227-297,자양번영로11길 19-11,RENT,23.37,202511,05,19400,6,2,2018,202601~202801,Y,N,,,N,N
자양동,villa,진연빌(678-26),ORIGINAL,678-26,자양로3길 14-15,RENT,33.78,202511,05,18000,10,3,2014,202511~202711,N,N,18000.0,6.0,N,N
자양동,villa,더트윈1,ORIGINAL,219-22,아차산로46가길 7,RENT,29.87,202511,05,11330,79,6,2020,202512~202712,N,Y,11330.0,79.0,N,N
자양동,officetel,자양오피스텔,ORIGINAL,219-6,아차산로46가길 19,RENT,19.84,202511,04,5000,44,6,2003,202512~202712,Y,N,,,Y,Y
자양동,villa,삼성홈타운16차B동,ORIGINAL,769-2,자양로21길 21,RENT,27.84,202511,04,25000,30,4,2019,202512~202712,Y,N,,,N,N
자양동,villa,준빌리지,ORIGINAL,653-16,뚝섬로 649-5,RENT,37.93,202511,04,10000,140,4,2016,202512~202712,Y,N,,,N,N
자양동,villa,대원빌15차,ORIGINAL,599-10,뚝섬로44길 45-3,RENT,25.34,202511,04,23300,10,3,2018,202512~202712,N,Y,23300.0,5.0,N,N
자양동,officetel,자양 호반써밋,ORIGINAL,861,능동로 69,RENT,18.74,202511,03,13000,52,15,2021,202512~202712,N,Y,13000.0,50.0,N,N
자양동,officetel,타워더모스트광진아크로텔,ORIGINAL,779,아차산로 355,RENT,25.21,202511,03,1000,95,8,2014,202512~202612,Y,N,,,N,N
자양동,villa,연준하우스,ORIGINAL,622-18,뚝섬로49길 68,RENT,14.26,202511,03,12200,2,2,2013,202512~202712,Y,N,,,N,N
자양동,villa,아스하임(192-21),ORIGINAL,192-21,뚝섬로22길 69,RENT,20.14,202511,03,5500,25,5,2017,202601~202801,Y,N,,,Y,Y
자양동,villa,U.M Castle(659-16),ORIGINAL,659-16,뚝섬로57길 14,RENT,19.93,202511,03,1000,55,2,2016,202512~202712,N,Y,1000.0,51.0,Y,Y
자양동,officetel,자양 호반써밋,ORIGINAL,861,능동로 69,RENT,18.74,202511,01,1000,120,20,2021,202601~202701,Y,N,,,N,N
자양동,officetel,금강태극빌,ORIGINAL,779-3,아차산로 353,RENT,30.93,202511,01,12000,30,6,2005,202512~202712,Y,N,,,N,N
자양동,officetel,자양 호반써밋,ORIGINAL,861,능동로 69,RENT,18.74,202511,01,3000,81,10,2021,202511~202611,N,N,3000.0,77.0,N,N
자양동,villa,미산빌7차,ORIGINAL,842-5,동일로10나길 28,RENT,26.82,202511,01,5000,88,3,2021,202601~202801,Y,N,,,N,N
자양동,villa,서원빌리지,ORIGINAL,219-3,아차산로46가길 31,RENT,18.85,202510,31,22000,19,9,2020,202511~202711,Y,N,,,N,N
자양동,officetel,자양오피스텔,ORIGINAL,767-4,자양로 135,RENT,30.87,202510,30,8000,10,5,1999,202512~202612,Y,N,,,Y,N
자양동,officetel,타워더모스트광진아크로텔,ORIGINAL,779,아차산로 355,RENT,23.97,202510,30,1000,90,6,2014,202511~202611,Y,N,,,N,N
자양동,officetel,이스트폴,ORIGINAL,870,아차산로 400,RENT,32.13,202510,30,2000,148,12,2025,202511~202611,Y,N,,,N,N
자양동,officetel,타워더모스트광진아크로텔,ORIGINAL,779,아차산로 355,RENT,25.21,202510,30,3000,72,14,2014,202510~202701,N,N,3000.0,72.0,N,N
자양동,officetel,타워더모스트광진아크로텔,ORIGINAL,779,아차산로 355,RENT,27.17,202510,30,3000,72,14,2014,202510~202701,N,N,3000.0,72.0,N,N
자양동,villa,헤렌하우스,ORIGINAL,227-252,자양번영로9길 12-5,RENT,29.46,202510,29,24000,20,3,2014,202512~202612,N,N,18000.0,20.0,N,N
자양동,villa,헤렌하우스,ORIGINAL,227-252,자양번영로9길 12-5,RENT,29.46,202510,29,24000,20,3,2014,202512~202612,N,N,18000.0,20.0,N,N
자양동,villa,자양번영로12길 5-4,ROAD_ADDR,798-8,자양번영로12길 5-4,RENT,21.31,202510,29,15000,12,3,2014,202512~202712,Y,N,,,N,N
자양동,villa,예다움,ORIGINAL,229-21,아차산로40길 59-10,RENT,27.9,202510,28,2500,78,4,2016,202512~202712,N,Y,2500.0,74.0,N,N
자양동,villa,뚝섬로59길 81-18,ROAD_ADDR,624-36,뚝섬로59길 81-18,RENT,17.1,202510,28,2000,40,2,2010,202511~202711,Y,N,,,Y,Y
자양동,villa,경도미소빌(637-4),ORIGINAL,637-4,뚝섬로52나길 3,RENT,29.32,202510,27,3000,90,6,2015,202601~202801,Y,N,,,N,N
자양동,villa,아차산로44가길 19,ROAD_ADDR,231-20,아차산로44가길 19,RENT,26.1,202510,27,1000,57,2,2011,202511~202711,Y,N,,,Y,Y
자양동,villa,더트윈2,ORIGINAL,219-23,아차산로46가길 5,RENT,14.26,202510,27,15000,17,9,2020,202512~202712,Y,N,,,N,N
자양동,villa,서원빌리지,ORIGINAL,219-3,아차산로46가길 31,RENT,18.85,202510,27,20000,16,5,2020,202511~202711,Y,N,,,N,N
자양동,villa,경도미소빌(637-4),ORIGINAL,637-4,뚝섬로52나길 3,RENT,29.32,202510,27,3000,90,6,2015,202601~202801,Y,N,,,N,N
자양동,villa,퀸앤킹(622-28),ORIGINAL,622-28,뚝섬로51길 47,RENT,13.6,202510,27,13000,15,3,2013,202511~202711,Y,N,,,N,N
자양동,villa,아차산로44길 11,ROAD_ADDR,221-6,아차산로44길 11,RENT,28.2,202510,25,5000,110,2,2023,202512~202712,Y,N,,,N,N
자양동,villa,포시즌파크,ORIGINAL,589-21,자양번영로3가길 30,RENT,29.47,202510,25,25200,5,6,2017,202601~202801,N,Y,25200.0,0.0,N,N
자양동,villa,그레이스빌,ORIGINAL,617-39,자양로13다길 8,RENT,29.46,202510,24,25000,9,3,2017,202510~202710,N,Y,26000.0,5.0,N,N
자양동,villa,자양에스하임1,ORIGINAL,643-16,뚝섬로52마길 42-9,RENT,28.91,202510,24,5590,5,3,2015,202510~202710,N,N,3436.0,14.0,Y,Y
자양동,villa,그레이스빌,ORIGINAL,617-39,자양로13다길 8,RENT,29.46,202510,24,26000,5,3,2017,202510~202710,N,N,26000.0,0.0,N,N
자양동,villa,그레이스빌,ORIGINAL,617-39,자양로13다길 8,RENT,29.46,202510,24,26000,5,3,2017,202510~202710,N,Y,26000.0,0.0,N,N
자양동,villa,vip홈,ORIGINAL,634-14,자양로13길 81-8,RENT,26.77,202510,24,10000,32,3,2018,202512~202712,Y,N,,,N,N
자양동,officetel,타워더모스트광진아크로텔,ORIGINAL,779,아차산로 355,RENT,23.97,202510,23,1000,95,10,2014,202511~202611,Y,N,,,N,N
자양동,villa,vip홈,ORIGINAL,634-14,자양로13길 81-8,RENT,26.23,202510,23,16700,70,4,2018,202511~202711,N,N,16700.0,65.0,N,N
자양동,villa,아차산로22길 41,ROAD_ADDR,16-32,아차산로22길 41,RENT,33.3,202510,23,7000,35,4,2007,202511~202711,Y,N,,,Y,N
자양동,officetel,이스트폴,ORIGINAL,870,아차산로 400,RENT,32.13,202510,22,2000,145,20,2025,202510~202610,Y,N,,,N,N
자양동,villa,BRICKHANDS,ORIGINAL,227-298,자양번영로9길 16-7,RENT,29.88,202510,22,25700,16,4,2018,202512~202712,Y,N,,,N,N
자양동,villa,BRICKHANDS,ORIGINAL,227-298,자양번영로9길 16-7,RENT,29.88,202510,22,25700,16,4,2018,202512~202712,Y,N,,,N,N
자양동,villa,BRICKHANDS,ORIGINAL,227-298,자양번영로9길 16-7,RENT,29.88,202510,22,25700,13,4,2018,202512~202712,Y,N,,,N,N
자양동,villa,RS6264,ORIGINAL,626-4,자양로13길 6,RENT,30.96,202510,20,3000,140,4,2025,202510~202710,Y,N,,,N,N
자양동,villa,리베르떼리버,ORIGINAL,842-7,동일로18가길 32,RENT,29.98,202510,19,30000,15,6,2021,202512~202712,Y,N,,,N,N
자양동,villa,미산빌5차,ORIGINAL,842-1,동일로10나길 18,RENT,19.1,202510,19,5000,63,3,2021,202511~202711,N,N,5000.0,60.0,N,Y
자양동,villa,뚝섬로23가길 6,ROAD_ADDR,845-16,뚝섬로23가길 6,RENT,34.86,202510,18,1000,90,2,2002,202510~202710,Y,N,,,N,N
자양동,villa,해피빌,ORIGINAL,625-23,뚝섬로51길 69-1,RENT,17.69,202510,18,500,55,5,2012,202511~202711,N,N,500.0,53.0,Y,Y
자양동,villa,모델하이빌,ORIGINAL,684-1,자양로6길 46,RENT,27.21,202510,18,10000,63,5,2017,202510~202710,N,N,10000.0,54.0,N,N
자양동,officetel,이스트폴,ORIGINAL,870,아차산로 400,RENT,32.13,202510,17,2000,148,13,2025,202511~202611,Y,N,,,N,N
자양동,officetel,이스트폴,ORIGINAL,870,아차산로 400,RENT,32.13,202510,17,2000,148,14,2025,202510~202610,Y,N,,,N,N
자양동,officetel,이스트폴,ORIGINAL,870,아차산로 400,RENT,32.13,202510,17,2000,151,20,2025,202510~202610,Y,N,,,N,N
자양동,officetel,타워더모스트광진아크로텔,ORIGINAL,779,아차산로 355,RENT,23.97,202510,17,1000,85,9,2014,202510~202604,N,Y,1000.0,81.0,N,N
자양동,villa,리베르떼자양,ORIGINAL,58-5,능동로3라길 12,RENT,29.92,202510,17,23000,10,5,2020,202512~202612,N,Y,23000.0,5.0,N,N
자양동,officetel,타워더모스트광진아크로텔,ORIGINAL,779,아차산로 355,RENT,26.32,202510,16,2000,80,15,2014,202511~202611,N,N,2000.0,75.0,N,N
자양동,officetel,타워더모스트광진아크로텔,ORIGINAL,779,아차산로 355,RENT,23.97,202510,16,10000,50,8,2014,202512~202612,Y,N,,,N,N
자양동,officetel,제이원하이텔,ORIGINAL,608-21,자양번영로 34,RENT,23.94,202510,15,10000,40,6,2004,202511~202711,Y,N,,,N,N
자양동,officetel,자양 호반써밋,ORIGINAL,861,능동로 69,RENT,21.38,202510,15,1000,112,5,2021,202510~202710,Y,N,,,N,N
자양동,villa,제이파크,ORIGINAL,55-4,뚝섬로22가길 44,RENT,29.35,202510,15,8000,100,5,2017,202510~202710,Y,N,,,N,N
자양동,villa,아차산로40길 47-4,ROAD_ADDR,229-26,아차산로40길 47-4,RENT,34.74,202510,15,12000,20,1,1986,202512~202712,Y,N,,,N,N
자양동,villa,더이공이공*마을과집,ORIGINAL,771-24,자양로19가길 10-5,RENT,18.37,202510,15,500,50,5,2021,202510~202710,Y,N,,,Y,Y
자양동,villa,한강드림빌,ORIGINAL,639,뚝섬로52길 39,RENT,31.42,202510,14,1000,66,3,2009,202510~202710,Y,N,,,N,Y
자양동,villa,한강드림빌,ORIGINAL,639,뚝섬로52길 39,RENT,31.42,202510,14,1000,66,3,2009,202510~202710,Y,N,,,N,Y
자양동,villa,향기빌리지,ORIGINAL,624,자양로13가길 8,RENT,19.12,202510,14,1000,53,4,2019,202512~202712,Y,N,,,Y,Y
자양동,villa,뚝섬리버빌,ORIGINAL,52-157,동일로4길 64,RENT,36.36,202510,14,5000,30,6,2015,202510~202710,Y,N,,,Y,Y
자양동,officetel,이스트폴,ORIGINAL,870,아차산로 400,RENT,32.13,202510,13,2000,145,11,2025,202510~202610,Y,N,,,N,N
자양동,villa,뚝섬로23길 58,ROAD_ADDR,553-396,뚝섬로23길 58,RENT,34.45,202510,13,1000,61,2,2011,202510~202710,Y,N,,,N,Y
자양동,villa,아차산로30길 25-5,ROAD_ADDR,6-6,아차산로30길 25-5,RENT,21.3,202510,13,3000,92,3,2003,202512~202712,N,Y,3000.0,87.0,N,N
자양동,villa,Y-PARK2차,ORIGINAL,680-11,자양로16길 14,RENT,21.26,202510,13,29000,5,10,2021,202510~202710,N,N,29000.0,0.0,N,N
자양동,villa,한강드림빌,ORIGINAL,639,뚝섬로52길 39,RENT,31.81,202510,11,3000,90,3,2009,202510~202710,Y,N,,,N,N
자양동,villa,자양번영로12길 5-4,ROAD_ADDR,798-8,자양번영로12길 5-4,RENT,16.125,202510,11,12000,6,5,2014,202511~202711,Y,N,,,N,N
자양동,officetel,타워더모스트광진아크로텔,ORIGINAL,779,아차산로 355,RENT,22.76,202510,10,18400,3,20,2014,202511~202711,Y,N,,,N,N
자양동,villa,자양리치빌2,ORIGINAL,202-20,뚝섬로22길 31,RENT,23.98,202510,10,20000,10,5,2015,202511~202711,N,Y,20000.0,8.0,N,N
자양동,villa,도시엔,ORIGINAL,857,동일로18길 36,RENT,13.38,202510,10,1000,57,2,2011,202510~202608,N,N,1000.0,55.0,Y,Y
자양동,villa,자양리치빌2,ORIGINAL,202-20,뚝섬로22길 31,RENT,23.98,202510,10,20000,8,5,2015,202511~202711,N,Y,20000.0,8.0,N,N
자양동,villa,뉴페리온,ORIGINAL,611-34,아차산로40길 76,RENT,26.21,202510,10,22900,10,6,2019,202511~202711,N,Y,22900.0,5.0,N,N
자양동,villa,로데빌,ORIGINAL,9-2,아차산로30길 20-8,RENT,17.87,202510,09,500,57,2,2012,202511~202711,Y,N,,,Y,Y
자양동,villa,아차산로44가길 25,ROAD_ADDR,231-49,아차산로44가길 25,RENT,22.24,202510,09,2000,60,5,2009,202512~202712,Y,N,,,Y,Y
자양동,villa,아차산로44가길 25,ROAD_ADDR,231-49,아차산로44가길 25,RENT,22.24,202510,09,2000,60,5,2009,202512~202712,Y,N,,,Y,Y
자양동,villa,능동로3가길 16,ROAD_ADDR,79-20,능동로3가길 16,RENT,13.75,202510,04,1000,70,3,2016,202510~202710,Y,N,,,N,Y
자양동,officetel,타워더모스트광진아크로텔,ORIGINAL,779,아차산로 355,RENT,23.97,202510,03,1000,95,11,2014,202511~202711,Y,N,,,N,N
자양동,officetel,타워더모스트광진아크로텔,ORIGINAL,779,아차산로 355,RENT,23.97,202510,02,1000,89,7,2014,202512~202612,N,N,1000.0,85.0,N,N
자양동,villa,뚝섬로51길 82-2,ROAD_ADDR,624-19,뚝섬로51길 82-2,RENT,23.69,202510,02,5000,27,2,2010,202511~202611,N,N,5000.0,24.0,Y,Y
자양동,officetel,안틸리아 자양,ORIGINAL,680-2,자양로 92,RENT,25.98,202510,01,4360,21,4,2022,202510~202709,N,N,103.0,45.0,Y,Y
자양동,officetel,안틸리아 자양,ORIGINAL,680-2,자양로 92,RENT,25.98,202509,30,4643,19,5,2022,202510~202709,N,N,4640.0,18.0,Y,Y
자양동,officetel,안틸리아 자양,ORIGINAL,680-2,자양로 92,RENT,25.46,202509,30,5273,19,3,2022,202510~202709,N,N,5270.0,17.0,Y,Y
자양동,officetel,안틸리아 자양,ORIGINAL,680-2,자양로 92,RENT,25.46,202509,30,103,19,3,2022,202510~202709,N,N,100.0,43.0,Y,Y
자양동,officetel,이스트폴,ORIGINAL,870,아차산로 400,RENT,32.13,202509,30,2000,151,20,2025,202511~202611,Y,N,,,N,N
자양동,officetel,이스트폴,ORIGINAL,870,아차산로 400,RENT,32.13,202509,30,2000,154,20,2025,202510~202610,Y,N,,,N,N
자양동,villa,삼원제우스,ORIGINAL,54-23,뚝섬로22가길 56,RENT,28.91,202509,30,5000,120,3,2016,202510~202710,Y,N,,,N,N
중곡동,officetel,위너스텔,ORIGINAL,190-3,동일로 418,RENT,20.35,202609,24,500,55,2,2003,202609~202709,N,N,500.0,54.0,Y,Y
중곡동,villa,중곡동퍼즐주택,ORIGINAL,150-300,용마산로8다길 19,RENT,39.77,202609,23,29000,30,3,2020,202611~202811,Y,N,,,N,N
중곡동,villa,위너스빌,ORIGINAL,73-35,긴고랑로46나길 4,RENT,32.31,202609,22,12000,48,2,2018,202611~202811,Y,N,,,N,N
중곡동,villa,긴고랑로33길 28,ROAD_ADDR,58-11,긴고랑로33길 28,RENT,14.95,202609,22,13800,8,3,2019,202610~202810,Y,N,,,N,N
중곡동,villa,능동로41길 20,ROAD_ADDR,259-8,능동로41길 20,RENT,22.63,202609,22,3000,70,2,2004,202609~202709,Y,N,,,N,Y
중곡동,officetel,정익제이타워2차,ORIGINAL,639-6,천호대로 537,RENT,15.93,202609,21,17000,10,3,2020,202611~202811,Y,N,,,N,N
중곡동,officetel,아뜰리에,ORIGINAL,341-3,능동로38길 38,RENT,18.02,202609,21,12000,29,3,2018,202610~202810,Y,N,,,N,N
중곡동,villa,나산쉐르빌,ORIGINAL,18-3,용마산로28길 6,RENT,30.01,202609,21,17000,6,2,2013,202611~202811,Y,N,,,N,N
중곡동,villa,라움,ORIGINAL,296-61,용마산로28가길 10-3,RENT,24.64,202609,21,5000,42,2,2017,202612~202812,Y,N,,,Y,Y
중곡동,villa,제이에이치,ORIGINAL,161-2,능동로42길 6,RENT,21.95,202609,21,15000,3,4,2016,202609~202809,N,N,15000.0,0.0,N,N
중곡동,villa,용마산로32길 31-8,ROAD_ADDR,287-8,용마산로32길 31-8,RENT,29.15,202609,21,15000,30,3,2013,202611~202811,Y,N,,,N,N
중곡동,villa,클럽하우스3,ORIGINAL,53-3,천호대로113길 38-11,RENT,16.76,202609,21,1000,55,2,2013,202610~202810,Y,N,,,Y,Y
중곡동,villa,경원리더스홈(633-7),ORIGINAL,633-7,천호대로103길 15,RENT,29.98,202609,21,21400,4,3,2019,202611~202811,Y,N,,,N,N
중곡동,officetel,위너스텔,ORIGINAL,190-3,동일로 418,RENT,18.15,202609,19,500,53,5,2003,202609~202709,N,N,500.0,52.0,Y,Y
중곡동,villa,클럽하우스,ORIGINAL,138-13,천호대로111길 36-5,RENT,12.33,202609,19,1000,47,4,2011,202609~202809,Y,N,,,Y,Y
중곡동,villa,나산쉐르빌,ORIGINAL,18-3,용마산로28길 6,RENT,12.99,202609,19,7000,12,4,2013,202611~202811,Y,N,,,Y,N
중곡동,villa,에덴빌14차,ORIGINAL,194-34,용마산로31길 8-5,RENT,19.88,202609,19,16000,11,2,2019,202611~202811,N,Y,16000.0,10.0,N,N
중곡동,villa,에덴빌14차,ORIGINAL,194-34,용마산로31길 8-5,RENT,19.41,202609,19,15000,3,2,2019,202610~202810,N,Y,15000.0,0.0,N,N
중곡동,villa,드림빌(66-2),ORIGINAL,66-2,긴고랑로39길 49,RENT,29.53,202609,19,16500,25,1,2016,202610~202810,Y,N,,,N,N
중곡동,officetel,리아리움더언타워,ORIGINAL,157-17,천호대로109길 9,RENT,17.47,202609,18,1000,85,3,2017,202611~202811,Y,N,,,N,N
중곡동,villa,제이에이치,ORIGINAL,161-2,능동로42길 6,RENT,29.39,202609,18,15000,12,3,2016,202610~202809,N,N,15000.0,10.0,N,N
중곡동,villa,헤세드빌,ORIGINAL,189-49,면목로11길 28-13,RENT,28.61,202609,18,3000,80,3,2019,202609~202809,N,N,3000.0,76.0,N,N
중곡동,villa,원앙에이스빌,ORIGINAL,554-2,면목로 196,RENT,29.96,202609,18,2107,27,3,2020,202610~202809,N,N,2107.0,27.0,Y,Y
중곡동,officetel,정익제이타워2차,ORIGINAL,639-6,천호대로 537,RENT,15.93,202609,17,10000,55,4,2020,202610~202710,N,Y,10000.0,50.0,N,N
중곡동,villa,하우젠파크,ORIGINAL,148-7,용마산로8가길 38-11,RENT,32.57,202609,17,23430,5,1,2018,202611~202811,Y,N,,,N,N
중곡동,villa,용마산로31길 8-4,ROAD_ADDR,194-2,용마산로31길 8-4,RENT,31.74,202609,16,5000,52,5,2019,202609~202707,N,N,3000.0,60.0,Y,Y
중곡동,villa,베네하우스,ORIGINAL,580-8,답십리로76길 9,RENT,14.436,202609,16,500,42,4,2011,202609~202809,Y,N,,,Y,Y
중곡동,villa,와이위드미,ORIGINAL,648-19,능동로39길 5,RENT,14.27,202609,16,4010,20,5,2019,202610~202809,N,Y,4005.0,18.0,Y,Y
중곡동,officetel,정익제이타워1차,ORIGINAL,639-4,천호대로 531-1,RENT,16.22,202609,12,15000,25,3,2018,202611~202811,Y,N,,,N,N
중곡동,villa,능동로41길 28,ROAD_ADDR,258-5,능동로41길 28,RENT,39.78,202609,12,10000,45,1,2014,202610~202810,Y,N,,,N,N
중곡동,officetel,정익제이타워2차,ORIGINAL,639-6,천호대로 537,RENT,15.93,202609,11,15000,25,13,2020,202610~202810,Y,N,,,N,N
중곡동,villa,더리안,ORIGINAL,93-44,용마산로 6-7,RENT,29.89,202609,11,5000,170,2,2025,202609~202709,Y,N,,,N,N
중곡동,officetel,정익제이타워2차,ORIGINAL,639-6,천호대로 537,RENT,15.93,202609,08,5000,74,14,2020,202611~202711,Y,N,,,N,N
중곡동,villa,아스하임,ORIGINAL,142-16,능동로40길 40,RENT,25.32,202609,08,23150,5,3,2017,202610~202810,N,N,23150.0,0.0,N,N
중곡동,villa,J캐슬,ORIGINAL,163-4,능동로 365,RENT,26.243,202609,08,22000,10,7,2017,202611~202811,Y,N,,,N,N
중곡동,villa,산솔하이츠빌(192-33),ORIGINAL,192-33,긴고랑로7길 54-3,RENT,32.58,202609,08,5000,80,3,2003,202610~202810,Y,N,,,N,N
중곡동,officetel,아뜰리에,ORIGINAL,341-3,능동로38길 38,RENT,17.87,202609,07,13000,18,2,2018,202609~202809,N,N,13000.0,18.0,N,N
중곡동,villa,용마산로1길 38,ROAD_ADDR,120-17,용마산로1길 38,RENT,24.19,202609,07,1000,60,3,2002,202609~202809,Y,N,,,Y,Y
중곡동,villa,행복공간,ORIGINAL,147,용마산로8나길 5,RENT,25.34,202609,07,15000,20,2,2012,202611~202811,Y,N,,,N,N
중곡동,villa,아트빌,ORIGINAL,162-23,긴고랑로14길 35,RENT,30.23,202609,07,1000,53,4,2003,202609~202809,Y,N,,,Y,Y
중곡동,villa,공간행복(73-25),ORIGINAL,73-25,긴고랑로46나길 1,RENT,26.57,202609,07,13000,7,3,2013,202610~202810,Y,N,,,N,N
중곡동,officetel,리아리움더언타워,ORIGINAL,157-17,천호대로109길 9,RENT,14.3,202609,06,4000,50,11,2017,202609~202809,Y,N,,,Y,Y
중곡동,villa,용마산로8가길 38-15,ROAD_ADDR,148-6,용마산로8가길 38-15,RENT,31.48,202609,06,19700,19,2,2013,202609~202809,Y,N,,,N,N
중곡동,officetel,정익제이타워2차,ORIGINAL,639-6,천호대로 537,RENT,15.93,202609,04,16200,11,8,2020,202609~202809,N,N,19000.0,0.0,N,N
중곡동,officetel,정익제이타워1차,ORIGINAL,639-4,천호대로 531-1,RENT,16.37,202609,04,3000,75,10,2018,202609~202709,Y,N,,,N,N
중곡동,villa,천호대로113길 49-2,ROAD_ADDR,51-49,천호대로113길 49-2,RENT,12.96,202609,04,1000,55,3,2015,202609~202809,Y,N,,,Y,Y
중곡동,villa,다우하우스,ORIGINAL,35-3,능동로48길 65,RENT,22.77,202609,04,5000,80,5,2018,202611~202811,Y,N,,,N,N
중곡동,villa,답십리로78길 26,ROAD_ADDR,578-9,답십리로78길 26,RENT,27.93,202609,04,17000,75,4,2026,202609~202809,Y,N,,,N,N
중곡동,officetel,정익제이타워2차,ORIGINAL,639-6,천호대로 537,RENT,15.93,202609,03,15000,25,3,2020,202610~202810,Y,N,,,N,N
중곡동,villa,용마산로5길 31,ROAD_ADDR,121-17,용마산로5길 31,RENT,20.5,202609,03,13000,35,1,2017,202610~202810,Y,N,,,N,N
중곡동,villa,인화빌,ORIGINAL,233-2,긴고랑로5길 27,RENT,36.93,202609,03,2655,27,5,2025,202609~202811,Y,N,,,Y,Y
중곡동,villa,중곡에스하임4,ORIGINAL,700,면목로 140,RENT,34.51,202609,03,2880,30,3,2025,202609~202811,Y,N,,,Y,Y
중곡동,officetel,정익제이타워2차,ORIGINAL,639-6,천호대로 537,RENT,15.93,202609,02,15000,20,11,2020,202610~202810,Y,N,,,N,N
중곡동,officetel,리아리움더언타워,ORIGINAL,157-17,천호대로109길 9,RENT,14.3,202609,02,2000,70,9,2017,202609~202809,Y,N,,,N,Y
중곡동,villa,중곡에스하임4,ORIGINAL,700,면목로 140,RENT,35.26,202609,02,2610,27,5,2025,202609~202811,Y,N,,,Y,Y
중곡동,villa,긴고랑로14길 58,ROAD_ADDR,259-6,긴고랑로14길 58,RENT,28.8,202609,02,1000,53,3,2014,202610~202810,Y,N,,,Y,Y
중곡동,villa,용마산로3길 65,ROAD_ADDR,133-13,용마산로3길 65,RENT,37.63,202609,02,16000,30,3,2010,202610~202810,Y,N,,,N,N
중곡동,villa,중곡에스하임4,ORIGINAL,700,면목로 140,RENT,32.55,202609,02,100,33,3,2025,202609~202811,Y,N,,,Y,Y
중곡동,villa,답십리로78길 26,ROAD_ADDR,578-9,답십리로78길 26,RENT,19.86,202609,02,3000,85,3,2026,202609~202809,Y,N,,,N,N
중곡동,villa,퍼시픽빌리지A동,ORIGINAL,170-19,능동로55길 43,RENT,37.07,202609,01,3000,90,4,1993,202609~202809,Y,N,,,N,N
중곡동,villa,중곡에스하임4,ORIGINAL,700,면목로 140,RENT,33.4,202609,01,100,33,5,2025,202609~202811,Y,N,,,Y,Y
중곡동,villa,중곡에스하임4,ORIGINAL,700,면목로 140,RENT,34.51,202609,01,2808,29,2,2025,202609~202811,Y,N,,,Y,Y
중곡동,villa,인화빌,ORIGINAL,233-2,긴고랑로5길 27,RENT,38.08,202609,01,100,33,2,2025,202609~202811,Y,N,,,Y,Y
중곡동,villa,푸르미르(78-15),ORIGINAL,78-15,긴고랑로 124,RENT,29.9,202608,31,3000,90,2,2015,202611~202811,Y,N,,,N,N
중곡동,villa,로뎀하우스,ORIGINAL,138-29,용마산로3길 102,RENT,29.71,202608,31,25326,14,2,2019,202611~202811,Y,N,,,N,N
중곡동,villa,용마산로8가길 38-15,ROAD_ADDR,148-6,용마산로8가길 38-15,RENT,31.48,202608,31,22150,9,2,2013,202609~202809,N,N,21000.0,9.0,N,N
중곡동,villa,참사랑캐슬,ORIGINAL,162-27,긴고랑로14길 47,RENT,24.11,202608,31,5000,99,4,2019,202609~202809,N,Y,5000.0,94.0,N,N
중곡동,villa,마인하임158,ORIGINAL,158-18,능동로40길 10-5,RENT,16.54,202608,28,19530,25,7,2018,202609~202809,N,N,18600.0,25.0,N,N
중곡동,villa,도시와사람,ORIGINAL,159-25,긴고랑로20길 76-1,RENT,29.71,202608,28,23400,6,3,2016,202610~202810,N,N,21700.0,17.0,N,N
중곡동,villa,청담Wstudio,ORIGINAL,41-11,긴고랑로16길 20,RENT,17.34,202608,27,1000,60,4,2012,202609~202809,Y,N,,,Y,Y
중곡동,villa,우양,ORIGINAL,132-22,용마산로1길 89,RENT,39.89,202608,27,4000,54,5,2003,202610~202710,N,Y,4000.0,51.0,Y,Y
중곡동,villa,긴고랑로14길 58,ROAD_ADDR,259-6,긴고랑로14길 58,RENT,28.8,202608,27,1000,53,2,2014,202610~202809,Y,N,,,Y,Y
중곡동,villa,천호대로117길 83,ROAD_ADDR,54-18,천호대로117길 83,RENT,32.22,202608,26,10000,9,1,2006,202611~202811,Y,N,,,N,N
중곡동,villa,와이위드미,ORIGINAL,648-19,능동로39길 5,RENT,14.27,202608,25,100,40,5,2019,202608~202812,Y,N,,,Y,Y
중곡동,villa,천호대로117길 6,ROAD_ADDR,131-12,천호대로117길 6,RENT,25.85,202608,25,1500,50,4,2002,202609~202809,Y,N,,,Y,Y
중곡동,villa,천호대로113길 57,ROAD_ADDR,51-45,천호대로113길 57,RENT,27.5,202608,25,21000,10,3,2020,202608~202808,Y,N,,,N,N
중곡동,villa,청년도전숙,ORIGINAL,624-5,동일로64길 15,RENT,28.57,202608,25,1511,20,3,2017,202609~202811,Y,N,,,Y,Y
중곡동,villa,청년도전숙,ORIGINAL,624-5,동일로64길 15,RENT,26.8,202608,24,1354,18,5,2017,202609~202811,Y,N,,,Y,Y
중곡동,villa,용마산로34길 11,ROAD_ADDR,603-6,용마산로34길 11,RENT,22.09,202608,24,7000,18,1,2003,202609~202809,N,N,7000.0,16.0,Y,N
중곡동,villa,청년도전숙,ORIGINAL,624-5,동일로64길 15,RENT,28.13,202608,24,1492,19,4,2017,202609~202811,Y,N,,,Y,Y
중곡동,officetel,위너스텔,ORIGINAL,190-3,동일로 418,RENT,20.72,202608,23,500,55,3,2003,202608~202708,N,N,500.0,54.0,Y,Y
중곡동,villa,천호대로117길 37,ROAD_ADDR,134-17,천호대로117길 37,RENT,25.3,202608,22,1000,63,2,2018,202610~202810,Y,N,,,N,Y
중곡동,villa,에덴빌28차,ORIGINAL,147-138,용마산로8라길 9,RENT,29.82,202608,20,1500,160,1,2022,202608~202808,Y,N,,,N,N
중곡동,villa,천호대로107길 21,ROAD_ADDR,642-11,천호대로107길 21,RENT,33.72,202608,19,3000,55,4,2002,202609~202809,Y,N,,,Y,Y
중곡동,officetel,정익제이타워2차,ORIGINAL,639-6,천호대로 537,RENT,15.93,202608,18,1000,90,4,2020,202609~202709,N,Y,1000.0,83.0,N,N
중곡동,officetel,비버리캐슬,ORIGINAL,41-33,능동로 366,RENT,22.8,202608,18,10000,27,3,2004,202610~202810,Y,N,,,N,N
중곡동,villa,긴고랑로1길 79,ROAD_ADDR,190-9,긴고랑로1길 79,RENT,17.48,202608,18,1317,7,2,2013,202608~202810,Y,N,,,Y,Y
중곡동,villa,하우징허브이어짐,ORIGINAL,124-55,긴고랑로30길 39,RENT,29.59,202608,18,24500,15,2,2017,202610~202810,N,Y,23500.0,15.0,N,N
중곡동,officetel,정익제이타워2차,ORIGINAL,639-6,천호대로 537,RENT,15.93,202608,17,4000,72,14,2020,202609~202709,Y,N,,,N,N
중곡동,villa,용마산로34길 11,ROAD_ADDR,603-6,용마산로34길 11,RENT,34.32,202608,17,9000,25,1,2003,202609~202809,N,Y,9000.0,22.0,N,N
중곡동,villa,휴먼캐슬,ORIGINAL,568-1,답십리로78길 9-6,RENT,27.8,202608,17,20000,20,6,2017,202609~202809,Y,N,,,N,N
중곡동,villa,답십리로78길 26,ROAD_ADDR,578-9,답십리로78길 26,RENT,19.86,202608,17,2000,85,2,2026,202608~202808,Y,N,,,N,N
중곡동,villa,용마산로31길 27,ROAD_ADDR,169-5,용마산로31길 27,RENT,18.66,202608,17,17200,10,2,2019,202609~202809,Y,N,,,N,N
중곡동,officetel,정익제이타워2차,ORIGINAL,639-6,천호대로 537,RENT,15.93,202608,15,17000,8,2,2020,202610~202810,Y,N,,,N,N
중곡동,officetel,정익제이타워2차,ORIGINAL,639-6,천호대로 537,RENT,15.93,202608,15,1000,86,9,2020,202609~202709,N,N,1000.0,82.0,N,N
중곡동,villa,테미뷰토피아,ORIGINAL,30-52, ,RENT,37.25,202608,15,5000,137,3,2022,202608~202808,N,Y,5000.0,130.0,N,N
중곡동,villa,능동로39길 37,ROAD_ADDR,641-1,능동로39길 37,RENT,31.27,202608,15,2000,35,4,2006,202608~202808,N,N,1000.0,36.0,Y,Y
중곡동,officetel,정익제이타워2차,ORIGINAL,639-6,천호대로 537,RENT,15.93,202608,14,1000,80,5,2020,202608~202808,Y,N,,,N,N
중곡동,villa,용마산로36길 16-6,ROAD_ADDR,602-12,용마산로36길 16-6,RENT,29.91,202608,13,1000,67,3,2013,202610~202810,Y,N,,,N,Y
중곡동,villa,긴고랑로1길 79,ROAD_ADDR,190-9,긴고랑로1길 79,RENT,17.4,202608,13,1502,8,2,2013,202608~202810,Y,N,,,Y,Y
중곡동,villa,답십리로78길 26,ROAD_ADDR,578-9,답십리로78길 26,RENT,26.47,202608,13,5000,95,3,2026,202609~202809,Y,N,,,N,N
중곡동,officetel,정익제이타워1차,ORIGINAL,639-4,천호대로 531-1,RENT,16.22,202608,12,3000,80,14,2018,202609~202709,Y,N,,,N,N
중곡동,villa,테라팰리스중곡Ⅱ,ORIGINAL,624-51,면목로9길 23,RENT,29.952,202608,12,24000,35,4,2017,202609~202809,Y,N,,,N,N
중곡동,villa,경원리더스홈(633-7),ORIGINAL,633-7,천호대로103길 15,RENT,29.98,202608,12,21400,4,3,2019,202611~202811,Y,N,,,N,N
중곡동,villa,베네하우스,ORIGINAL,580-8,답십리로76길 9,RENT,21.385,202608,12,500,57,3,2011,202608~202808,Y,N,,,Y,Y
중곡동,villa,모두스타빌(134-11),ORIGINAL,134-11,용마산로5길 55,RENT,30.98,202608,12,27500,30,6,2022,202610~202810,Y,N,,,N,N
중곡동,villa,극동빌라,ORIGINAL,58-21,용마산로8길 6,RENT,32.34,202608,11,10600,30,4,1996,202609~202809,Y,N,,,N,N
중곡동,villa,秀PLUS(행복한집),ORIGINAL,30-38,능동로50길 37-8,RENT,38.46,202608,11,12000,60,2,2014,202609~202809,Y,N,,,N,N
중곡동,villa,원앙에이스빌,ORIGINAL,554-2,면목로 196,RENT,28.71,202608,11,4739,11,4,2020,202609~202808,N,N,2031.0,26.0,Y,Y
중곡동,villa,긴고랑로1길 79,ROAD_ADDR,190-9,긴고랑로1길 79,RENT,18.72,202608,11,1411,8,2,2013,202608~202810,Y,N,,,Y,Y
중곡동,villa,미담하우스,ORIGINAL,101-19,영화사로3가길 5,RENT,22.65,202608,11,9000,50,4,2017,202608~202808,N,Y,9000.0,50.0,N,N
중곡동,villa,J캐슬,ORIGINAL,163-4,능동로 365,RENT,26.815,202608,10,22400,17,6,2017,202610~202810,Y,N,,,N,N
중곡동,officetel,아지(AZ)0213,ORIGINAL,648-14,능동로37길 6,RENT,20.85,202608,08,1000,80,12,2015,202609~202709,Y,N,,,N,N
중곡동,villa,답십리로78길 26,ROAD_ADDR,578-9,답십리로78길 26,RENT,19.86,202608,08,2000,85,2,2026,202608~202808,Y,N,,,N,N
중곡동,villa,이소빌,ORIGINAL,601-1,용마산로36길 24,RENT,33.52,202608,08,21000,20,2,2017,202611~202811,Y,N,,,N,N
중곡동,villa,금상빌리지,ORIGINAL,191-128,동일로72길 23-1,RENT,29.87,202608,08,10000,70,2,2017,202610~202810,Y,N,,,N,N
중곡동,villa,왕성아트빌,ORIGINAL,633-8,천호대로103길 19,RENT,39.48,202608,08,12000,39,3,2003,202609~202809,Y,N,,,N,N
중곡동,villa,답십리로78길 26,ROAD_ADDR,578-9,답십리로78길 26,RENT,19.31,202608,08,2000,85,2,2026,202608~202808,Y,N,,,N,N
중곡동,villa,용마산로32길 31-10,ROAD_ADDR,287-7,용마산로32길 31-10,RENT,29.15,202608,08,6000,39,1,2013,202608~202808,Y,N,,,Y,Y
중곡동,officetel,정익제이타워1차,ORIGINAL,639-4,천호대로 531-1,RENT,16.37,202608,07,2000,90,11,2018,202608~202708,Y,N,,,N,N
중곡동,villa,벨라,ORIGINAL,220-63,능동로51길 19-10,RENT,17.42,202608,07,5000,62,4,2017,202608~202808,Y,N,,,N,Y
중곡동,villa,대호빌딩,ORIGINAL,28-24,능동로50길 55,RENT,38.5,202608,07,15840,16,3,2005,202610~202810,Y,N,,,N,N
중곡동,officetel,아뜰리에,ORIGINAL,341-3,능동로38길 38,RENT,18.02,202608,06,15000,25,4,2018,202609~202809,Y,N,,,N,N
중곡동,villa,답십리로78길 26,ROAD_ADDR,578-9,답십리로78길 26,RENT,21.2,202608,06,5000,95,3,2026,202608~202808,Y,N,,,N,N
중곡동,villa,fence,ORIGINAL,158-4,천호대로109길 15,RENT,12.48,202608,06,2000,73,4,2012,202608~202808,Y,N,,,N,N
중곡동,villa,답십리로78길 26,ROAD_ADDR,578-9,답십리로78길 26,RENT,26.47,202608,06,5000,90,2,2026,202608~202808,Y,N,,,N,N
중곡동,officetel,위너스텔,ORIGINAL,190-3,동일로 418,RENT,20.72,202608,05,500,57,4,2003,202609~202809,Y,N,,,Y,Y
중곡동,officetel,정익제이타워2차,ORIGINAL,639-6,천호대로 537,RENT,15.93,202608,05,3000,85,13,2020,202608~202708,Y,N,,,N,N
중곡동,villa,긴고랑로33길 28,ROAD_ADDR,58-11,긴고랑로33길 28,RENT,21.36,202608,05,12000,34,3,2019,202610~202810,Y,N,,,N,N
중곡동,villa,JUNHOUSEROOM,ORIGINAL,107-59,영화사로9길 21,RENT,13.27,202608,05,1000,62,2,2011,202609~202809,Y,N,,,N,Y
중곡동,villa,에이블,ORIGINAL,242-22,긴고랑로14길 24,RENT,24.96,202608,04,3000,130,2,2022,202608~202808,Y,N,,,N,N
중곡동,officetel,아뜰리에,ORIGINAL,341-3,능동로38길 38,RENT,17.87,202608,03,14000,30,5,2018,202608~202805,Y,N,,,N,N
중곡동,officetel,비버리캐슬,ORIGINAL,41-33,능동로 366,RENT,28.12,202608,03,8925,42,4,2004,202608~202808,N,Y,8500.0,40.0,N,N
중곡동,officetel,정익제이타워2차,ORIGINAL,639-6,천호대로 537,RENT,15.93,202608,03,1000,90,10,2020,202608~202708,Y,N,,,N,N
중곡동,officetel,정익제이타워2차,ORIGINAL,639-6,천호대로 537,RENT,15.93,202608,03,1000,95,3,2020,202608~202808,Y,N,,,N,N
중곡동,villa,진선미,ORIGINAL,624-24,면목로9길 17,RENT,35.4,202608,03,15000,40,2,2009,202610~202810,Y,N,,,N,N
중곡동,villa,답십리로78길 26,ROAD_ADDR,578-9,답십리로78길 26,RENT,26.18,202608,03,5000,90,2,2026,202608~202808,Y,N,,,N,N
중곡동,villa,능동로 386-12,ROAD_ADDR,31-21,능동로 386-12,RENT,29.93,202608,03,17700,26,2,2014,202608~202808,N,Y,17700.0,26.0,N,N
중곡동,officetel,정익제이타워2차,ORIGINAL,639-6,천호대로 537,RENT,15.93,202608,01,1000,79,2,2020,202610~202710,N,N,1000.0,75.0,N,N
중곡동,officetel,리아리움더언타워,ORIGINAL,157-17,천호대로109길 9,RENT,18.5,202608,01,1000,90,6,2017,202608~202708,Y,N,,,N,N
중곡동,villa,리조빌,ORIGINAL,632-6,동일로62길 27,RENT,14.52,202608,01,1000,46,3,2003,202608~202808,Y,N,,,Y,Y
중곡동,villa,능동로57길 30-6,ROAD_ADDR,169-106,능동로57길 30-6,RENT,29.9,202608,01,5500,81,2,2017,202609~202809,N,Y,10000.0,59.0,N,N
중곡동,villa,능동로57길 30-6,ROAD_ADDR,169-106,능동로57길 30-6,RENT,29.9,202608,01,5500,81,2,2017,202609~202809,N,N,10000.0,59.0,N,N
중곡동,officetel,평강오피스텔,ORIGINAL,649-11,능동로37길 9,RENT,24.05,202607,31,200,100,11,2020,202607~202609,Y,N,,,N,N
중곡동,villa,천호대로117길 37,ROAD_ADDR,134-17,천호대로117길 37,RENT,19.16,202607,31,3000,53,3,2018,202609~202809,Y,N,,,Y,Y
중곡동,villa,명작바움,ORIGINAL,150-25,용마산로8가길 74,RENT,24.45,202607,31,5000,137,4,2016,202608~202807,N,Y,5000.0,130.0,N,N
중곡동,officetel,정익제이타워1차,ORIGINAL,639-4,천호대로 531-1,RENT,16.37,202607,30,2000,85,5,2018,202608~202708,Y,N,,,N,N
중곡동,officetel,비버리캐슬,ORIGINAL,41-33,능동로 366,RENT,28.12,202607,30,10500,25,4,2004,202608~202808,N,Y,10000.0,25.0,N,N
중곡동,villa,지니하우스,ORIGINAL,150-199,긴고랑로22길 11-11,RENT,20.99,202607,30,19000,2,3,2020,202609~202809,Y,N,,,N,N
중곡동,officetel,정익제이타워1차,ORIGINAL,639-4,천호대로 531-1,RENT,15.73,202607,29,15200,25,6,2018,202609~202809,Y,N,,,N,N
중곡동,officetel,리아리움더언타워,ORIGINAL,157-17,천호대로109길 9,RENT,15.45,202607,29,4000,68,9,2017,202610~202710,N,N,4000.0,65.0,N,Y
중곡동,officetel,평강오피스텔,ORIGINAL,649-11,능동로37길 9,RENT,25.0,202607,29,200,100,5,2020,202608~202611,Y,N,,,N,N
중곡동,officetel,정익제이타워1차,ORIGINAL,639-4,천호대로 531-1,RENT,15.9,202607,29,1000,74,5,2018,202608~202808,N,Y,1000.0,70.0,N,N
중곡동,villa,동일로62길 13-7,ROAD_ADDR,634-2,동일로62길 13-7,RENT,20.47,202607,29,18300,10,3,2018,202609~202809,Y,N,,,N,N
중곡동,villa,winners,ORIGINAL,243-21,긴고랑로10길 9,RENT,21.58,202607,29,10000,54,2,2020,202608~202808,Y,N,,,N,N
중곡동,villa,와이위드미,ORIGINAL,648-19,능동로39길 5,RENT,14.0,202607,28,100,39,6,2019,202607~202809,Y,N,,,Y,Y
중곡동,villa,와이위드미,ORIGINAL,648-19,능동로39길 5,RENT,14.27,202607,28,100,39,8,2019,202607~202809,Y,N,,,Y,Y
중곡동,villa,하우징허브이어짐,ORIGINAL,124-55,긴고랑로30길 39,RENT,29.59,202607,28,25900,5,3,2017,202609~202809,N,N,23500.0,10.0,N,N
중곡동,villa,강변타운,ORIGINAL,625-5,면목로7길 44,RENT,23.58,202607,28,15000,10,3,2009,202610~202810,Y,N,,,N,N
중곡동,villa,정인빌(212-4),ORIGINAL,212-4,답십리로82길 38,RENT,21.66,202607,27,17000,3,3,2018,202608~202808,Y,N,,,N,N
중곡동,officetel,아지(AZ)0213,ORIGINAL,648-14,능동로37길 6,RENT,20.85,202607,25,1000,80,4,2015,202607~202807,N,N,1000.0,65.0,N,N
중곡동,villa,청운명가(195-2),ORIGINAL,195-2,답십리로88길 34,RENT,24.56,202607,25,24600,4,5,2021,202608~202808,Y,N,,,N,N
중곡동,villa,동일로64길 21-1,ROAD_ADDR,624-10,동일로64길 21-1,RENT,22.66,202607,24,1000,80,4,2019,202608~202808,Y,N,,,N,N
중곡동,villa,미래하이츠(221-40),ORIGINAL,221-40,긴고랑로13길 41,RENT,21.8,202607,24,5000,70,4,2016,202607~202807,N,N,5000.0,60.0,N,Y
중곡동,villa,천호대로117길 6,ROAD_ADDR,131-12,천호대로117길 6,RENT,26.95,202607,24,1200,48,1,2002,202609~202808,Y,N,,,Y,Y
중곡동,villa,중곡에스하임4,ORIGINAL,700,면목로 140,RENT,34.51,202607,24,2880,30,4,2025,202608~202810,Y,N,,,Y,Y
중곡동,villa,긴고랑로14길 58,ROAD_ADDR,259-6,긴고랑로14길 58,RENT,28.8,202607,23,1000,53,3,2014,202608~202808,Y,N,,,Y,Y
중곡동,villa,인화빌,ORIGINAL,233-2,긴고랑로5길 27,RENT,27.79,202607,23,3525,36,3,2025,202608~202810,Y,N,,,Y,Y
중곡동,villa,인화빌,ORIGINAL,233-2,긴고랑로5길 27,RENT,27.11,202607,23,3555,37,2,2025,202608~202810,Y,N,,,Y,Y
중곡동,villa,중곡에스하임4,ORIGINAL,700,면목로 140,RENT,32.55,202607,23,2655,27,2,2025,202608~202810,Y,N,,,Y,Y
중곡동,officetel,비버리캐슬,ORIGINAL,41-33,능동로 366,RENT,28.12,202607,22,10000,34,5,2004,202608~202808,N,Y,10000.0,30.0,N,N
중곡동,villa,중곡에스하임4,ORIGINAL,700,면목로 140,RENT,32.55,202607,22,100,33,2,2025,202608~202810,Y,N,,,Y,Y
중곡동,villa,로얄그린빌A동,ORIGINAL,43-19,능동로44길 23,RENT,37.62,202607,22,22000,30,4,2014,202609~202809,Y,N,,,N,N
중곡동,villa,로얄그린빌A동,ORIGINAL,43-19,능동로44길 23,RENT,37.62,202607,22,22000,30,4,2014,202609~202809,Y,N,,,N,N
중곡동,villa,긴고랑로8길 68,ROAD_ADDR,619-5,긴고랑로8길 68,RENT,29.8,202607,22,20000,20,3,2017,202610~202809,Y,N,,,N,N
중곡동,officetel,정익제이타워1차,ORIGINAL,639-4,천호대로 531-1,RENT,16.37,202607,21,1000,82,13,2018,202607~202707,N,N,1000.0,78.0,N,N
중곡동,villa,동일로62길 13-7,ROAD_ADDR,634-2,동일로62길 13-7,RENT,20.73,202607,21,19000,4,3,2018,202607~202807,N,Y,19000.0,0.0,N,N
중곡동,villa,정수아트빌(90-55),ORIGINAL,90-55,자양로45길 116,RENT,25.86,202607,21,3000,60,1,2002,202607~202807,Y,N,,,Y,Y
중곡동,villa,인화빌,ORIGINAL,233-2,긴고랑로5길 27,RENT,27.79,202607,21,200,43,4,2025,202608~202810,Y,N,,,Y,Y
중곡동,villa,인화빌,ORIGINAL,233-2,긴고랑로5길 27,RENT,27.79,202607,21,6397,9,4,2025,202608~202810,Y,N,,,Y,Y
중곡동,villa,중곡에스하임4,ORIGINAL,700,면목로 140,RENT,31.71,202607,21,2646,27,5,2025,202608~202810,Y,N,,,Y,Y
중곡동,officetel,정익제이타워2차,ORIGINAL,639-6,천호대로 537,RENT,15.93,202607,19,17100,16,10,2020,202608~202808,Y,N,,,N,N
중곡동,officetel,정익제이타워2차,ORIGINAL,639-6,천호대로 537,RENT,15.93,202607,18,1000,90,3,2020,202608~202708,Y,N,,,N,N
중곡동,officetel,정익제이타워2차,ORIGINAL,639-6,천호대로 537,RENT,15.93,202607,18,3000,74,11,2020,202608~202708,N,N,3000.0,70.0,N,N
중곡동,villa,메이져빌8차,ORIGINAL,240-17,긴고랑로7길 10,RENT,29.94,202607,18,3000,75,3,2016,202609~202809,N,N,3000.0,65.0,N,N
중곡동,villa,에덴빌3차,ORIGINAL,242-16,긴고랑로12길 11-7,RENT,29.93,202607,17,10000,75,2,2017,202609~202809,Y,N,,,N,N
중곡동,villa,리조빌,ORIGINAL,632-6,동일로62길 27,RENT,14.19,202607,17,1000,44,4,2003,202607~202807,Y,N,,,Y,Y
중곡동,villa,하윤하이츠빌,ORIGINAL,689-7,동일로78길 40,RENT,29.68,202607,17,10000,110,4,2021,202607~202807,Y,N,,,N,N
중곡동,villa,나산쉐르빌,ORIGINAL,18-3,용마산로28길 6,RENT,12.99,202607,16,7000,11,4,2013,202608~202808,Y,N,,,Y,N
중곡동,villa,우리들빌,ORIGINAL,171-7,면목로12길 8-5,RENT,29.88,202607,16,4000,51,4,2017,202608~202808,Y,N,,,Y,Y
중곡동,villa,한두리빌라,ORIGINAL,163-19,긴고랑로14길 5,RENT,35.1,202607,16,15000,20,5,2007,202609~202809,Y,N,,,N,N
중곡동,villa,진선미,ORIGINAL,624-24,면목로9길 17,RENT,31.98,202607,15,8000,60,5,2009,202608~202808,Y,N,,,Y,N
중곡동,villa,긴고랑로8길 68,ROAD_ADDR,619-5,긴고랑로8길 68,RENT,19.47,202607,15,10000,20,3,2017,202609~202809,Y,N,,,N,N
중곡동,officetel,위너스텔,ORIGINAL,190-3,동일로 418,RENT,20.72,202607,14,500,57,2,2003,202607~202707,Y,N,,,Y,Y
중곡동,villa,동일로62길 29,ROAD_ADDR,632-8,동일로62길 29,RENT,13.86,202607,13,1000,53,2,2002,202607~202807,Y,N,,,Y,Y
중곡동,villa,용마산로34길 11,ROAD_ADDR,603-6,용마산로34길 11,RENT,20.4,202607,13,5500,21,2,2003,202607~202807,Y,N,,,Y,Y
중곡동,villa,아스하임(28-21),ORIGINAL,28-21,용마산로21길 23,RENT,29.91,202607,13,10000,70,5,2017,202607~202803,Y,N,,,N,N
중곡동,villa,한두리빌라,ORIGINAL,163-19,긴고랑로14길 5,RENT,35.1,202607,13,11000,15,5,2007,202607~202807,N,Y,11000.0,15.0,N,N
중곡동,villa,하우젠루나,ORIGINAL,289-5,용마산로32길 11-5,RENT,29.9,202607,12,21400,6,2,2019,202609~202809,N,N,21980.0,0.0,N,N
중곡동,officetel,위너스텔,ORIGINAL,190-3,동일로 418,RENT,20.35,202607,11,500,55,5,2003,202607~202707,N,N,500.0,54.0,Y,Y
중곡동,officetel,정익제이타워1차,ORIGINAL,639-4,천호대로 531-1,RENT,16.22,202607,11,3000,76,9,2018,202608~202708,Y,N,,,N,N
중곡동,villa,금상빌리지,ORIGINAL,191-128,동일로72길 23-1,RENT,29.86,202607,11,8000,80,2,2017,202607~202807,Y,N,,,N,N
중곡동,officetel,위너스텔,ORIGINAL,190-3,동일로 418,RENT,20.72,202607,10,500,53,5,2003,202607~202707,N,N,500.0,52.0,Y,Y
중곡동,officetel,정익제이타워1차,ORIGINAL,639-4,천호대로 531-1,RENT,16.22,202607,10,1000,90,7,2018,202607~202707,Y,N,,,N,N
중곡동,officetel,정익제이타워2차,ORIGINAL,639-6,천호대로 537,RENT,15.93,202607,10,1000,90,6,2020,202608~202708,Y,N,,,N,N
중곡동,villa,클래시하우스7차,ORIGINAL,173-31,동일로76길 62,RENT,29.6,202607,09,5000,120,2,2023,202607~202807,Y,N,,,N,N
중곡동,villa,임마뉴엘,ORIGINAL,18-105,용마산로22길 11-16,RENT,27.04,202607,09,18000,9,1,2018,202608~202808,N,Y,18000.0,5.0,N,N
중곡동,villa,펠리체,ORIGINAL,122-11,용마산로3길 20,RENT,36.48,202607,09,5000,82,3,2019,202608~202808,Y,N,,,N,N
중곡동,villa,해밀채,ORIGINAL,134-9,용마산로5길 57,RENT,38.36,202607,09,18000,60,3,2016,202607~202807,Y,N,,,N,N
중곡동,villa,하우젠빌(104-76),ORIGINAL,104-76,영화사로9가길 4,RENT,33.28,202607,08,21500,35,3,2015,202608~202808,Y,N,,,N,N
중곡동,villa,하우젠빌(104-76),ORIGINAL,104-76,영화사로9가길 4,RENT,33.28,202607,08,21500,35,3,2015,202608~202808,Y,N,,,N,N
중곡동,officetel,정익제이타워2차,ORIGINAL,639-6,천호대로 537,RENT,15.93,202607,07,1000,90,12,2020,202608~202708,Y,N,,,N,N
중곡동,villa,초원빌라,ORIGINAL,150-28,용마산로8가길 70,RENT,38.01,202607,07,1000,65,-1,1996,202608~202808,Y,N,,,N,Y
중곡동,officetel,아뜰리에,ORIGINAL,341-3,능동로38길 38,RENT,18.02,202607,06,14000,30,5,2018,202608~202808,Y,N,,,N,N
중곡동,villa,천호대로127길 43,ROAD_ADDR,96-41,천호대로127길 43,RENT,29.95,202607,06,21000,13,3,2018,202609~202809,Y,N,,,N,N
중곡동,villa,세종에코그린(147-49),ORIGINAL,147-49,용마산로8다길 16,RENT,39.96,202607,06,13000,60,3,2015,202607~202807,Y,N,,,N,N
중곡동,villa,세종에코그린(147-49),ORIGINAL,147-49,용마산로8다길 16,RENT,39.96,202607,06,13000,60,3,2015,202607~202807,Y,N,,,N,N
중곡동,villa,나산쉐르빌,ORIGINAL,18-3,용마산로28길 6,RENT,30.01,202607,04,18000,7,2,2013,-,,N,,,N,N
중곡동,villa,덕산파크빌,ORIGINAL,600-12,용마산로36길 28,RENT,35.68,202607,04,3000,75,4,2002,202608~202808,Y,N,,,N,N
중곡동,villa,능동로39길 37,ROAD_ADDR,641-1,능동로39길 37,RENT,31.27,202607,04,5000,80,3,2006,202607~202807,Y,N,,,N,N
중곡동,villa,나산쉐르빌,ORIGINAL,18-3,용마산로28길 6,RENT,30.01,202607,04,18000,7,2,2013,202607~202807,N,N,18360.0,2.0,N,N
중곡동,villa,하우징허브이어짐,ORIGINAL,124-55,긴고랑로30길 39,RENT,26.59,202607,04,23000,12,3,2017,202609~202809,Y,N,,,N,N
중곡동,officetel,위너스텔,ORIGINAL,190-3,동일로 418,RENT,20.72,202607,03,300,56,6,2003,202607~202707,N,N,300.0,55.0,Y,Y
중곡동,villa,샬롬빌(247-50),ORIGINAL,247-50,긴고랑로4길 19,RENT,18.31,202607,03,7000,32,3,2016,202608~202808,Y,N,,,Y,N
중곡동,villa,청운명가(235-28),ORIGINAL,235-28,동일로 390,RENT,27.67,202607,03,7000,85,4,2015,202609~202809,Y,N,,,N,N
중곡동,villa,다향빌,ORIGINAL,141-34,능동로40길 35,RENT,35.36,202607,03,5000,100,4,2015,202609~202809,Y,N,,,N,N
중곡동,officetel,정익제이타워2차,ORIGINAL,639-6,천호대로 537,RENT,15.93,202607,02,6000,61,7,2020,202609~202809,Y,N,,,N,Y
중곡동,villa,대진아트빌,ORIGINAL,91-22,용마산로4길 20,RENT,33.44,202607,02,8000,80,4,2013,202608~202808,Y,N,,,N,N
중곡동,villa,원진주택(34-29),ORIGINAL,34-29,긴고랑로19길 40,RENT,31.5,202607,01,2708,48,3,2018,202607~202707,N,N,2708.0,46.0,Y,Y
중곡동,villa,더리안,ORIGINAL,93-44,용마산로 6-7,RENT,29.89,202607,01,5000,170,2,2025,202607~202806,Y,N,,,N,N
중곡동,villa,샬롬하우스,ORIGINAL,132-2,용마산로1길 85,RENT,16.44,202606,30,1000,31,3,2003,202608~202808,Y,N,,,Y,Y
중곡동,villa,용마산로32길 31-10,ROAD_ADDR,287-7,용마산로32길 31-10,RENT,29.15,202606,30,6000,39,1,2013,202608~202808,Y,N,,,Y,Y
중곡동,villa,까사팰리스,ORIGINAL,290-4, ,RENT,23.52,202606,30,10000,70,3,2022,202607~202807,Y,N,,,N,N
중곡동,villa,더리안,ORIGINAL,93-44,용마산로 6-7,RENT,29.99,202606,30,5000,220,5,2025,202607~202707,Y,N,,,N,N
중곡동,villa,이화아트빌,ORIGINAL,150-144,긴고랑로31길 39,RENT,35.32,202606,30,8000,50,4,2003,202608~202808,Y,N,,,Y,N
중곡동,officetel,정익제이타워1차,ORIGINAL,639-4,천호대로 531-1,RENT,15.9,202606,29,1000,86,6,2018,202607~202707,Y,N,,,N,N
중곡동,villa,긴고랑로1길 79,ROAD_ADDR,190-9,긴고랑로1길 79,RENT,19.44,202606,29,1391,8,5,2013,202607~202809,Y,N,,,Y,Y
중곡동,villa,HESED,ORIGINAL,257-2,긴고랑로10길 46,RENT,21.47,202606,29,10000,64,3,2019,202608~202808,Y,N,,,N,N
중곡동,officetel,아뜰리에,ORIGINAL,341-3,능동로38길 38,RENT,17.87,202606,27,12000,40,3,2018,202607~202807,N,N,12000.0,35.0,N,N
중곡동,officetel,정익제이타워1차,ORIGINAL,639-4,천호대로 531-1,RENT,16.22,202606,27,16500,29,7,2018,202606~202706,N,Y,16500.0,25.0,N,N
중곡동,villa,연주빌,ORIGINAL,643-9,능동로39길 32,RENT,21.0,202606,27,1000,52,2,2002,202607~202807,Y,N,,,Y,Y
중곡동,villa,용마산로32길 31-10,ROAD_ADDR,287-7,용마산로32길 31-10,RENT,36.95,202606,26,6000,59,1,2013,202607~202807,Y,N,,,Y,Y
중곡동,officetel,아스하임,ORIGINAL,157-6,천호대로 559,RENT,16.73,202606,25,10000,46,14,2019,202607~202807,N,Y,10000.0,42.0,N,N
중곡동,villa,긴고랑로14길 58,ROAD_ADDR,259-6,긴고랑로14길 58,RENT,28.8,202606,25,1000,53,2,2014,202607~202807,Y,N,,,Y,Y
중곡동,officetel,아스하임,ORIGINAL,157-6,천호대로 559,RENT,16.04,202606,24,12000,41,10,2019,202607~202807,Y,N,,,N,N
중곡동,villa,세종스마트빌(150-164),ORIGINAL,150-164,능동로48길 64-7,RENT,29.93,202606,24,23000,7,3,2018,202608~202808,Y,N,,,N,N
중곡동,villa,위너스빌,ORIGINAL,73-35,긴고랑로46나길 4,RENT,32.31,202606,24,20000,4,3,2018,202608~202808,N,N,20000.0,4.0,N,N
중곡동,villa,바론채,ORIGINAL,231-7,면목로 117,RENT,34.86,202606,24,28836,5,4,2020,202607~202807,N,N,27400.0,5.0,N,N
중곡동,villa,세종스마트빌(150-164),ORIGINAL,150-164,능동로48길 64-7,RENT,29.93,202606,24,23000,7,3,2018,202607~202807,Y,N,,,N,N
중곡동,villa,세종스마트빌(150-164),ORIGINAL,150-164,능동로48길 64-7,RENT,29.93,202606,24,23000,7,3,2018,202608~202808,Y,N,,,N,N
중곡동,villa,공간행복(36-3),ORIGINAL,36-3,긴고랑로23길 20-3,RENT,19.74,202606,23,10620,47,5,2018,202608~202808,N,Y,10620.0,43.0,N,N
중곡동,villa,한양팰리스,ORIGINAL,247-21,긴고랑로4길 11-3,RENT,22.05,202606,23,3000,110,4,2021,202606~202806,Y,N,,,N,N
중곡동,villa,하우징허브이어짐,ORIGINAL,124-55,긴고랑로30길 39,RENT,28.84,202606,23,5000,120,3,2017,202607~202807,Y,N,,,N,N
중곡동,officetel,정익제이타워1차,ORIGINAL,639-4,천호대로 531-1,RENT,15.73,202606,22,1000,95,11,2018,202607~202807,Y,N,,,N,N
중곡동,villa,와이엔캐슬(중곡동175-61),ORIGINAL,175-61,동일로78길 21,RENT,30.86,202606,22,7000,80,2,2016,202609~202809,Y,N,,,N,N
중곡동,villa,비스타하우스,ORIGINAL,73-85,영화사로9길 95-9,RENT,29.48,202606,22,5000,180,4,2022,202608~202808,Y,N,,,N,N
중곡동,villa,아스하임(234-51),ORIGINAL,234-51,동일로70길 13,RENT,16.3,202606,22,9000,33,3,2022,202608~202808,Y,N,,,N,N
중곡동,villa,비스타하우스,ORIGINAL,73-85,영화사로9길 95-9,RENT,29.48,202606,22,5000,180,4,2022,202608~202808,Y,N,,,N,N
중곡동,villa,공간행복(36-3),ORIGINAL,36-3,긴고랑로23길 20-3,RENT,29.91,202606,22,21700,15,3,2018,202607~202807,Y,N,,,N,N
중곡동,villa,공간행복(36-3),ORIGINAL,36-3,긴고랑로23길 20-3,RENT,29.91,202606,22,21700,15,3,2018,202607~202807,Y,N,,,N,N
중곡동,officetel,위너스텔,ORIGINAL,190-3,동일로 418,RENT,20.35,202606,21,500,55,6,2003,202606~202706,N,N,500.0,54.0,Y,Y
중곡동,officetel,정익제이타워1차,ORIGINAL,639-4,천호대로 531-1,RENT,15.9,202606,20,15500,20,6,2018,202607~202807,N,N,16400.0,10.0,N,N
중곡동,officetel,정익제이타워1차,ORIGINAL,639-4,천호대로 531-1,RENT,16.37,202606,20,15700,20,3,2018,202607~202807,Y,N,,,N,N
중곡동,officetel,정익제이타워1차,ORIGINAL,639-4,천호대로 531-1,RENT,16.37,202606,20,15300,20,3,2018,202607~202807,N,N,15700.0,20.0,N,N
중곡동,officetel,아지(AZ)0213,ORIGINAL,648-14,능동로37길 6,RENT,20.44,202606,20,13000,10,10,2015,202606~202806,N,Y,15047.0,0.0,N,N
중곡동,villa,능동로50길 31-5,ROAD_ADDR,30-46,능동로50길 31-5,RENT,16.24,202606,20,1750,53,2,2019,202606~202806,Y,N,,,Y,Y
중곡동,villa,에덴빌5차,ORIGINAL,127-47,천호대로121길 55,RENT,24.63,202606,20,14000,35,4,2017,202608~202808,Y,N,,,N,N
중곡동,villa,드림하우젠I,ORIGINAL,150-70,용마산로18길 6,RENT,16.06,202606,20,16200,8,4,2019,202608~202708,N,N,16537.0,4.0,N,N
중곡동,villa,에덴빌5차,ORIGINAL,127-47,천호대로121길 55,RENT,24.63,202606,20,14000,35,4,2017,202608~202808,Y,N,,,N,N
중곡동,villa,능동로 386-12,ROAD_ADDR,31-21,능동로 386-12,RENT,28.25,202606,20,12000,50,4,2014,202606~202806,Y,N,,,N,N
중곡동,officetel,아스하임,ORIGINAL,157-6,천호대로 559,RENT,16.04,202606,19,1000,85,6,2019,202607~202707,Y,N,,,N,N
중곡동,villa,글램하우스,ORIGINAL,50-19,긴고랑로20길 51,RENT,29.63,202606,19,27400,5,2,2020,202608~202808,N,Y,26400.0,5.0,N,N
중곡동,officetel,정익제이타워2차,ORIGINAL,639-6,천호대로 537,RENT,15.93,202606,18,1000,82,11,2020,202607~202707,Y,N,,,N,N
중곡동,officetel,정익제이타워2차,ORIGINAL,639-6,천호대로 537,RENT,15.93,202606,18,500,87,3,2020,202607~202707,Y,N,,,N,N
중곡동,villa,HESED,ORIGINAL,257-2,긴고랑로10길 46,RENT,16.54,202606,18,9800,49,5,2019,202607~202807,N,N,9800.0,45.0,N,N
중곡동,villa,해담은,ORIGINAL,234-17,긴고랑로3길 13,RENT,35.09,202606,18,1000,140,4,2016,202607~202807,Y,N,,,N,N
중곡동,villa,능동로50길 31-5,ROAD_ADDR,30-46,능동로50길 31-5,RENT,16.24,202606,18,2000,58,4,2019,202608~202808,Y,N,,,Y,Y
중곡동,villa,은주빌라,ORIGINAL,220-87,능동로51길 25-20,RENT,32.62,202606,18,5000,70,2,2002,202608~202808,Y,N,,,N,Y
중곡동,officetel,위너스텔,ORIGINAL,190-3,동일로 418,RENT,20.72,202606,17,500,56,6,2003,202606~202706,N,N,500.0,55.0,Y,Y
중곡동,villa,용마산로30길 32,ROAD_ADDR,296-2,용마산로30길 32,RENT,28.47,202606,17,5500,69,1,2014,202609~202809,Y,N,,,N,Y
중곡동,villa,연주빌,ORIGINAL,643-9,능동로39길 32,RENT,16.0,202606,16,1000,54,4,2002,202606~202806,Y,N,,,Y,Y
중곡동,officetel,아지(AZ)0213,ORIGINAL,648-14,능동로37길 6,RENT,20.44,202606,15,3000,70,7,2015,202607~202707,Y,N,,,N,Y
중곡동,officetel,위너스텔,ORIGINAL,190-3,동일로 418,RENT,20.72,202606,13,500,56,4,2003,202606~202706,N,N,500.0,55.0,Y,Y
중곡동,villa,이가주택,ORIGINAL,77-30,긴고랑로 134,RENT,11.81,202606,13,1000,50,2,2019,202606~202806,Y,N,,,Y,Y
중곡동,villa,넥스빌2,ORIGINAL,189-105,면목로11길 28-10,RENT,20.66,202606,13,5500,20,3,2008,202608~202808,Y,N,,,Y,Y
중곡동,villa,베아트리스,ORIGINAL,119-3,용마산로1길 33,RENT,26.5,202606,13,28000,20,3,2025,202607~202807,Y,N,,,N,N
중곡동,villa,RICHEN5,ORIGINAL,288-35,용마산로32길 11-6,RENT,20.59,202606,13,22000,5,4,2016,202609~202809,Y,N,,,N,N
중곡동,villa,이한하우스,ORIGINAL,30-42,능동로50길 31,RENT,20.68,202606,13,17700,19,3,2021,202607~202807,N,N,17700.0,15.0,N,N
중곡동,villa,긴고랑로9길 66,ROAD_ADDR,220-9,긴고랑로9길 66,RENT,27.54,202606,13,18270,8,3,2013,202608~202808,N,N,17300.0,8.0,N,N
중곡동,officetel,정익제이타워2차,ORIGINAL,639-6,천호대로 537,RENT,15.93,202606,12,3000,85,10,2020,202606~202706,N,N,3000.0,80.0,N,N
중곡동,villa,중곡에스하임4,ORIGINAL,700,면목로 140,RENT,35.26,202606,12,1044,30,5,2025,202606~202608,Y,N,,,Y,Y
중곡동,villa,더리안,ORIGINAL,93-44,용마산로 6-7,RENT,29.89,202606,12,5000,160,4,2025,202607~202707,Y,N,,,N,N
중곡동,villa,중곡에스하임4,ORIGINAL,700,면목로 140,RENT,32.55,202606,11,6731,6,3,2025,202606~202808,Y,N,,,Y,N
중곡동,villa,인화빌,ORIGINAL,233-2,긴고랑로5길 27,RENT,27.11,202606,11,871,25,3,2025,202606~202808,Y,N,,,Y,Y
중곡동,villa,하우젠블레스,ORIGINAL,18-91,용마산로22길 11-23,RENT,15.86,202606,11,11000,85,6,2019,202606~202806,Y,N,,,N,N
중곡동,villa,인화빌,ORIGINAL,233-2,긴고랑로5길 27,RENT,27.11,202606,11,2178,22,3,2025,202606~202808,Y,N,,,Y,Y
중곡동,villa,더리치,ORIGINAL,235-22,긴고랑로1길 35,RENT,28.24,202606,11,1982,26,4,2020,202606~202808,Y,N,,,Y,Y
중곡동,villa,중곡에스하임4,ORIGINAL,700,면목로 140,RENT,35.26,202606,11,100,32,5,2025,202606~202808,Y,N,,,Y,Y
중곡동,villa,중곡에스하임4,ORIGINAL,700,면목로 140,RENT,32.55,202606,11,2655,27,2,2025,202606~202808,Y,N,,,Y,Y
중곡동,villa,중곡에스하임4,ORIGINAL,700,면목로 140,RENT,31.85,202606,11,2898,30,3,2025,202606~202808,Y,N,,,Y,Y
중곡동,villa,중곡에스하임4,ORIGINAL,700,면목로 140,RENT,34.64,202606,11,100,36,4,2025,202606~202808,Y,N,,,Y,Y
중곡동,villa,중곡에스하임4,ORIGINAL,700,면목로 140,RENT,34.64,202606,11,100,36,3,2025,202606~202808,Y,N,,,Y,Y
중곡동,villa,중곡에스하임4,ORIGINAL,700,면목로 140,RENT,32.55,202606,11,2718,28,3,2025,202606~202808,Y,N,,,Y,Y
중곡동,villa,베르데,ORIGINAL,258-25,긴고랑로10길 41,RENT,25.25,202606,11,19500,5,3,2019,202607~202807,N,N,19850.0,0.0,N,N
중곡동,officetel,JS더빌,ORIGINAL,158-8,능동로38길 15-4,RENT,14.26,202606,10,10000,5,3,2009,202607~202807,Y,N,,,N,N
중곡동,villa,중곡에스하임4,ORIGINAL,700,면목로 140,RENT,31.85,202606,10,2898,30,4,2025,202606~202808,Y,N,,,Y,Y
중곡동,villa,중곡에스하임4,ORIGINAL,700,면목로 140,RENT,36.87,202606,10,2925,30,2,2025,202606~202808,Y,N,,,Y,Y
중곡동,villa,인화빌,ORIGINAL,233-2,긴고랑로5길 27,RENT,27.79,202606,10,828,24,2,2025,202606~202808,Y,N,,,Y,Y
중곡동,villa,인화빌,ORIGINAL,233-2,긴고랑로5길 27,RENT,38.13,202606,10,2808,29,3,2025,202606~202808,Y,N,,,Y,Y
중곡동,villa,중곡에스하임4,ORIGINAL,700,면목로 140,RENT,34.51,202606,10,2880,30,3,2025,202606~202808,Y,N,,,Y,Y
중곡동,villa,중곡에스하임4,ORIGINAL,700,면목로 140,RENT,32.55,202606,10,100,33,4,2025,202606~202808,Y,N,,,Y,Y
중곡동,villa,중곡에스하임4,ORIGINAL,700,면목로 140,RENT,34.51,202606,10,1400,33,3,2025,202606~202808,Y,N,,,Y,Y
중곡동,villa,중곡에스하임4,ORIGINAL,700,면목로 140,RENT,36.87,202606,10,1170,34,2,2025,202606~202808,Y,N,,,Y,Y
중곡동,villa,뜰안채,ORIGINAL,293-21,용마산로32길 18,RENT,38.7,202606,10,19000,10,1,2015,202607~202807,Y,N,,,N,N
중곡동,villa,인화빌,ORIGINAL,233-2,긴고랑로5길 27,RENT,38.13,202606,10,6954,6,3,2025,202606~202808,Y,N,,,Y,N
중곡동,villa,중곡에스하임4,ORIGINAL,700,면목로 140,RENT,32.55,202606,10,2718,28,4,2025,202606~202808,Y,N,,,Y,Y
중곡동,officetel,아스하임,ORIGINAL,157-6,천호대로 559,RENT,16.73,202606,09,2000,100,14,2019,202608~202808,Y,N,,,N,N
중곡동,villa,인화빌,ORIGINAL,233-2,긴고랑로5길 27,RENT,34.25,202606,09,6241,5,4,2025,202606~202808,Y,N,,,Y,Y
중곡동,villa,해성빌라(90-16),ORIGINAL,90-16,용마산로2길 41-6,RENT,29.28,202606,09,10500,20,1,2002,202607~202807,Y,N,,,N,N
중곡동,villa,중곡에스하임4,ORIGINAL,700,면목로 140,RENT,36.87,202606,09,6300,13,3,2025,202606~202808,Y,N,,,Y,Y
중곡동,villa,중곡에스하임4,ORIGINAL,700,면목로 140,RENT,32.55,202606,09,2718,28,4,2025,202606~202808,Y,N,,,Y,Y
중곡동,villa,중곡에스하임4,ORIGINAL,700,면목로 140,RENT,35.26,202606,09,2610,27,5,2025,202606~202808,Y,N,,,Y,Y
중곡동,villa,중곡에스하임4,ORIGINAL,700,면목로 140,RENT,32.55,202606,09,2718,28,3,2025,202606~202808,Y,N,,,Y,Y
중곡동,villa,중곡에스하임4,ORIGINAL,700,면목로 140,RENT,34.51,202606,09,2880,30,4,2025,202606~202808,Y,N,,,Y,Y
중곡동,villa,중곡에스하임4,ORIGINAL,700,면목로 140,RENT,34.51,202606,09,2880,30,4,2025,202606~202808,Y,N,,,Y,Y
중곡동,villa,중곡에스하임4,ORIGINAL,700,면목로 140,RENT,31.85,202606,09,2826,29,2,2025,202606~202808,Y,N,,,Y,Y
중곡동,villa,중곡에스하임4,ORIGINAL,700,면목로 140,RENT,31.71,202606,09,2646,27,5,2025,202606~202808,Y,N,,,Y,Y
중곡동,villa,인화빌,ORIGINAL,233-2,긴고랑로5길 27,RENT,27.79,202606,09,2088,22,5,2025,202606~202808,Y,N,,,Y,Y
중곡동,villa,인화빌,ORIGINAL,233-2,긴고랑로5길 27,RENT,34.25,202606,09,2520,26,4,2025,202606~202808,Y,N,,,Y,Y
중곡동,villa,인화빌,ORIGINAL,233-2,긴고랑로5길 27,RENT,27.79,202606,09,2115,22,3,2025,202606~202808,Y,N,,,Y,Y
중곡동,villa,해성빌라(90-16),ORIGINAL,90-16,용마산로2길 41-6,RENT,29.28,202606,09,10500,20,1,2002,202607~202807,Y,N,,,N,N
중곡동,villa,중곡에스하임4,ORIGINAL,700,면목로 140,RENT,32.55,202606,09,100,33,2,2025,202606~202808,Y,N,,,Y,Y
중곡동,villa,중곡에스하임4,ORIGINAL,700,면목로 140,RENT,36.87,202606,09,100,37,4,2025,202606~202808,Y,N,,,Y,Y
중곡동,villa,중곡에스하임4,ORIGINAL,700,면목로 140,RENT,34.51,202606,09,100,35,3,2025,202606~202808,Y,N,,,Y,Y
중곡동,villa,중곡에스하임4,ORIGINAL,700,면목로 140,RENT,36.87,202606,09,3006,31,3,2025,202606~202808,Y,N,,,Y,Y
중곡동,villa,인화빌,ORIGINAL,233-2,긴고랑로5길 27,RENT,38.08,202606,09,100,34,3,2025,202606~202808,Y,N,,,Y,Y
중곡동,villa,인화빌,ORIGINAL,233-2,긴고랑로5길 27,RENT,28.14,202606,09,200,46,5,2025,202606~202808,Y,N,,,Y,Y
중곡동,villa,인화빌,ORIGINAL,233-2,긴고랑로5길 27,RENT,27.79,202606,09,3450,36,2,2025,202606~202808,Y,N,,,Y,Y
중곡동,villa,블리체,ORIGINAL,18-106,용마산로22길 11-20,RENT,26.89,202606,09,21150,15,6,2017,202606~202806,N,N,20000.0,15.0,N,N
중곡동,villa,중곡에스하임4,ORIGINAL,700,면목로 140,RENT,31.71,202606,09,6552,5,5,2025,202606~202808,Y,N,,,Y,N
중곡동,villa,중곡에스하임4,ORIGINAL,700,면목로 140,RENT,31.85,202606,09,4996,17,2,2025,202606~202808,Y,N,,,Y,Y
중곡동,villa,중곡에스하임4,ORIGINAL,700,면목로 140,RENT,35.26,202606,09,6464,5,5,2025,202606~202808,Y,N,,,Y,Y
중곡동,villa,인화빌,ORIGINAL,233-2,긴고랑로5길 27,RENT,27.79,202606,09,5170,4,5,2025,202606~202808,Y,N,,,Y,Y
중곡동,villa,인화빌,ORIGINAL,233-2,긴고랑로5길 27,RENT,27.79,202606,09,8543,7,2,2025,202606~202808,Y,N,,,N,N
중곡동,villa,중곡에스하임4,ORIGINAL,700,면목로 140,RENT,34.51,202606,09,5509,15,4,2025,202606~202808,Y,N,,,Y,Y
중곡동,villa,인화빌,ORIGINAL,233-2,긴고랑로5길 27,RENT,27.79,202606,09,1500,23,3,2025,202606~202808,Y,N,,,Y,Y
중곡동,officetel,리아리움더언타워,ORIGINAL,157-17,천호대로109길 9,RENT,15.56,202606,08,1000,80,11,2017,202606~202806,Y,N,,,N,N
중곡동,officetel,정익제이타워1차,ORIGINAL,639-4,천호대로 531-1,RENT,16.22,202606,08,1000,90,11,2018,202606~202706,Y,N,,,N,N
중곡동,villa,삼화에코빌,ORIGINAL,248-23,긴고랑로2길 15,RENT,37.93,202606,08,5810,24,2,2021,202607~202806,N,N,5810.0,24.0,Y,Y
중곡동,villa,하우징허브이어짐,ORIGINAL,124-55,긴고랑로30길 39,RENT,28.84,202606,08,23000,20,6,2017,202608~202808,Y,N,,,N,N
중곡동,villa,삼유스위트빌,ORIGINAL,74-82,영화사로3길 77-6,RENT,36.96,202606,08,15000,25,2,2008,202606~202806,N,N,15000.0,0.0,N,N
중곡동,villa,임마뉴엘,ORIGINAL,18-105,용마산로22길 11-16,RENT,26.13,202606,08,19656,5,2,2018,202607~202807,N,Y,19656.0,0.0,N,N
중곡동,officetel,정익제이타워2차,ORIGINAL,639-6,천호대로 537,RENT,15.93,202606,06,10000,53,6,2020,202607~202807,Y,N,,,N,N
중곡동,officetel,정익제이타워2차,ORIGINAL,639-6,천호대로 537,RENT,15.93,202606,06,3000,68,3,2020,202608~202708,N,N,3000.0,65.0,N,Y
중곡동,villa,베네하우스,ORIGINAL,580-8,답십리로76길 9,RENT,17.216,202606,06,500,40,2,2011,202606~202806,N,N,500.0,38.0,Y,Y
중곡동,villa,아름빌,ORIGINAL,149-47,긴고랑로25길 15,RENT,26.92,202606,06,20475,4,2,2020,202607~202807,Y,N,,,N,N
중곡동,villa,참사랑캐슬,ORIGINAL,162-27,긴고랑로14길 47,RENT,24.57,202606,05,10000,56,5,2019,202607~202807,Y,N,,,N,N
중곡동,officetel,중곡에스하임3,ORIGINAL,119-9,천호대로 621,RENT,26.48,202606,04,200,53,4,2024,202606~202808,Y,N,,,Y,Y
중곡동,officetel,중곡에스하임3,ORIGINAL,119-9,천호대로 621,RENT,26.48,202606,04,4401,30,4,2024,202606~202808,Y,N,,,Y,Y
중곡동,officetel,중곡에스하임3,ORIGINAL,119-9,천호대로 621,RENT,29.89,202606,04,4699,48,2,2024,202606~202808,Y,N,,,Y,Y
중곡동,officetel,리아리움더언타워,ORIGINAL,157-17,천호대로109길 9,RENT,15.45,202606,03,2000,70,6,2017,202607~202807,Y,N,,,N,Y
중곡동,villa,그린빌라,ORIGINAL,608-5,용마산로 187,RENT,29.3369,202606,03,300,60,6,2015,202606~202806,Y,N,,,Y,Y
중곡동,officetel,중곡에스하임3,ORIGINAL,119-9,천호대로 621,RENT,26.48,202606,02,200,53,7,2024,202606~202808,Y,N,,,Y,Y
중곡동,officetel,중곡에스하임3,ORIGINAL,119-9,천호대로 621,RENT,26.48,202606,02,7860,11,7,2024,202606~202808,Y,N,,,Y,N
중곡동,villa,햇빛촌빌,ORIGINAL,18-77,용마산로22길 5-4,RENT,22.21,202606,02,5000,100,5,2014,202607~202807,Y,N,,,N,N
중곡동,villa,하우젠블레스,ORIGINAL,18-91,용마산로22길 11-23,RENT,21.12,202606,02,16500,5,2,2019,202607~202807,Y,N,,,N,N
중곡동,villa,미래하우스빌,ORIGINAL,253-28,긴고랑로4길 36-4,RENT,29.63,202606,02,3000,80,3,2018,202607~202807,Y,N,,,N,N
중곡동,villa,한울터,ORIGINAL,97-8,자양로51길 56-3,RENT,38.68,202605,31,19000,16,2,2011,202606~202806,N,N,19000.0,16.0,N,N
중곡동,villa,리조빌,ORIGINAL,632-6,동일로62길 27,RENT,14.19,202605,31,1000,41,3,2003,202605~202805,Y,N,,,Y,Y
중곡동,villa,한울터,ORIGINAL,97-8,자양로51길 56-3,RENT,38.68,202605,31,19000,16,2,2011,202606~202806,N,N,19000.0,16.0,N,N
중곡동,villa,한울터,ORIGINAL,97-8,자양로51길 56-3,RENT,38.68,202605,31,19000,16,2,2011,202606~202808,N,N,19000.0,16.0,N,N
중곡동,officetel,아지(AZ)0213,ORIGINAL,648-14,능동로37길 6,RENT,20.64,202605,30,1000,80,8,2015,202605~202805,Y,N,,,N,N
중곡동,villa,마인하임158,ORIGINAL,158-18,능동로40길 10-5,RENT,20.45,202605,30,15000,20,7,2018,202608~202808,N,N,20000.0,0.0,N,N
중곡동,villa,그린타워,ORIGINAL,640-10,능동로39길 41,RENT,24.28,202605,30,1000,74,4,2017,202607~202807,Y,N,,,N,N
중곡동,officetel,정익제이타워2차,ORIGINAL,639-6,천호대로 537,RENT,15.93,202605,29,1000,90,4,2020,202605~202705,Y,N,,,N,N
중곡동,officetel,아스하임,ORIGINAL,157-6,천호대로 559,RENT,16.73,202605,29,1000,83,11,2019,202607~202707,Y,N,,,N,N
중곡동,officetel,아스하임,ORIGINAL,157-6,천호대로 559,RENT,16.73,202605,28,1000,88,12,2019,202606~202706,Y,N,,,N,N
중곡동,villa,블랑진,ORIGINAL,77-31,영화사로1길 17,RENT,31.95,202605,27,36000,23,5,2024,202607~202807,Y,N,,,N,N
중곡동,villa,긴고랑로7길 16,ROAD_ADDR,231-9,긴고랑로7길 16,RENT,15.2,202605,27,5000,65,4,2019,202607~202807,Y,N,,,N,Y
중곡동,officetel,비버리캐슬,ORIGINAL,41-33,능동로 366,RENT,19.12,202605,26,3000,60,5,2004,202605~202805,Y,N,,,Y,Y
중곡동,officetel,정익제이타워2차,ORIGINAL,639-6,천호대로 537,RENT,15.93,202605,25,2000,87,8,2020,202606~202806,Y,N,,,N,N
중곡동,officetel,정익제이타워1차,ORIGINAL,639-4,천호대로 531-1,RENT,15.73,202605,23,1000,87,14,2018,202607~202706,Y,N,,,N,N
중곡동,villa,나산쉐르빌,ORIGINAL,18-3,용마산로28길 6,RENT,12.99,202605,23,7500,7,5,2013,202606~202806,N,Y,7800.0,5.0,Y,N
중곡동,officetel,정익제이타워1차,ORIGINAL,639-4,천호대로 531-1,RENT,16.22,202605,22,3000,80,10,2018,202606~202706,N,N,3000.0,76.0,N,N
중곡동,villa,마인하임158,ORIGINAL,158-18,능동로40길 10-5,RENT,16.54,202605,22,19000,20,8,2018,202607~202807,Y,N,,,N,N
중곡동,officetel,리아리움더언타워,ORIGINAL,157-17,천호대로109길 9,RENT,15.45,202605,21,1000,80,3,2017,202606~202806,Y,N,,,N,N
중곡동,villa,중곡에스하임월드1,ORIGINAL,255-9,긴고랑로6길 37,RENT,29.91,202605,21,1546,20,4,2018,202606~202805,N,N,1488.0,19.0,Y,Y
중곡동,villa,긴고랑로33길 28,ROAD_ADDR,58-11,긴고랑로33길 28,RENT,14.95,202605,21,12000,8,2,2019,202606~202806,Y,N,,,N,N
중곡동,villa,그린빌라,ORIGINAL,608-5,용마산로 187,RENT,29.3369,202605,21,22800,40,4,2015,202607~202807,Y,N,,,N,N
중곡동,villa,미래하이츠(190-31),ORIGINAL,190-31,동일로76길 8,RENT,36.48,202605,20,30,70,2,2015,202605~202610,Y,N,,,N,Y
중곡동,officetel,위너스텔,ORIGINAL,190-3,동일로 418,RENT,20.35,202605,19,500,55,2,2003,202606~202705,Y,N,,,Y,Y
중곡동,villa,리조빌,ORIGINAL,632-6,동일로62길 27,RENT,14.19,202605,19,1000,37,2,2003,202605~202805,Y,N,,,Y,Y
중곡동,villa,영앤정하우스,ORIGINAL,242-35,능동로43길 18-3,RENT,22.42,202605,19,3000,78,4,2018,202606~202806,N,N,3000.0,74.0,N,N
중곡동,officetel,리아리움더언타워,ORIGINAL,157-17,천호대로109길 9,RENT,15.45,202605,16,2000,75,8,2017,202605~202805,Y,N,,,N,N
중곡동,officetel,정익제이타워2차,ORIGINAL,639-6,천호대로 537,RENT,15.93,202605,16,1000,90,5,2020,202606~202706,Y,N,,,N,N
중곡동,officetel,평강오피스텔,ORIGINAL,649-11,능동로37길 9,RENT,24.05,202605,16,300,100,10,2020,202605~202702,Y,N,,,N,N
중곡동,officetel,평강오피스텔,ORIGINAL,649-11,능동로37길 9,RENT,24.05,202605,16,300,100,10,2020,202605~202702,Y,N,,,N,N
중곡동,villa,HJTOWER,ORIGINAL,110-32,자양로51길 42,RENT,15.53,202605,16,1000,31,3,2012,202606~202806,N,N,1000.0,30.0,Y,Y
중곡동,villa,긴고랑로 103,ROAD_ADDR,56-18,긴고랑로 103,RENT,19.29,202605,15,2000,94,4,2020,202605~202805,Y,N,,,N,N
중곡동,villa,동인하이츠빌,ORIGINAL,68-10,용마산로8길 66,RENT,28.85,202605,15,18000,10,3,2016,202608~202808,Y,N,,,N,N
중곡동,villa,긴고랑로14길 58,ROAD_ADDR,259-6,긴고랑로14길 58,RENT,28.8,202605,15,1000,53,3,2014,202607~202807,Y,N,,,Y,Y
중곡동,officetel,정익제이타워1차,ORIGINAL,639-4,천호대로 531-1,RENT,16.37,202605,14,13000,50,12,2018,202606~202806,Y,N,,,N,N
중곡동,villa,하나캐슬,ORIGINAL,198-42,면목로 176-1,RENT,28.81,202605,14,19214,19,5,2021,202605~202809,Y,N,,,N,N
중곡동,officetel,아지(AZ)0213,ORIGINAL,648-14,능동로37길 6,RENT,20.64,202605,13,1000,80,9,2015,202605~202805,Y,N,,,N,N
중곡동,villa,하우젠파크,ORIGINAL,148-7,용마산로8가길 38-11,RENT,29.82,202605,13,23000,20,3,2018,202607~202807,Y,N,,,N,N
중곡동,villa,영화사로3길 88,ROAD_ADDR,102-1,영화사로3길 88,RENT,14.76,202605,13,14000,5,4,2020,202605~202805,N,N,14000.0,5.0,N,N
중곡동,officetel,정익제이타워1차,ORIGINAL,639-4,천호대로 531-1,RENT,16.22,202605,12,2000,85,11,2018,202605~202805,Y,N,,,N,N
중곡동,officetel,정익제이타워2차,ORIGINAL,639-6,천호대로 537,RENT,15.93,202605,11,1000,84,9,2020,202606~202706,Y,N,,,N,N
중곡동,villa,용마산로22길 19-21,ROAD_ADDR,18-116,용마산로22길 19-21,RENT,36.54,202605,11,23800,25,3,2016,202607~202907,N,N,23800.0,25.0,N,N
중곡동,villa,아뜰리에,ORIGINAL,341-3,능동로38길 38,RENT,14.01,202605,11,11000,23,7,2018,202606~202806,Y,N,,,N,N
중곡동,officetel,정익제이타워1차,ORIGINAL,639-4,천호대로 531-1,RENT,16.37,202605,09,11000,40,3,2018,202607~202807,Y,N,,,N,N
중곡동,villa,동일로62길 29,ROAD_ADDR,632-8,동일로62길 29,RENT,13.86,202605,08,1000,51,4,2002,202605~202805,Y,N,,,Y,Y
중곡동,villa,동일로62길 29,ROAD_ADDR,632-8,동일로62길 29,RENT,13.86,202605,08,1000,49,4,2002,202605~202805,Y,N,,,Y,Y
중곡동,officetel,아스하임,ORIGINAL,157-6,천호대로 559,RENT,16.04,202605,07,1000,77,9,2019,202606~202706,N,N,1000.0,74.0,N,N
중곡동,officetel,리아리움더언타워,ORIGINAL,157-17,천호대로109길 9,RENT,14.3,202605,07,2000,70,9,2017,202605~202805,Y,N,,,N,Y
중곡동,villa,바른채,ORIGINAL,624-15,동일로64길 27,RENT,23.76,202605,07,5000,55,5,2018,202605~202805,N,N,5000.0,50.0,Y,Y
중곡동,villa,가로수빌,ORIGINAL,259-15,긴고랑로12길 41-6,RENT,29.76,202605,07,21000,6,2,2015,202605~202805,N,Y,21000.0,0.0,N,N
중곡동,officetel,정익제이타워1차,ORIGINAL,639-4,천호대로 531-1,RENT,15.73,202605,06,1000,95,9,2018,202605~202705,Y,N,,,N,N
중곡동,officetel,정익제이타워1차,ORIGINAL,639-4,천호대로 531-1,RENT,15.73,202605,06,1000,95,12,2018,202606~202806,Y,N,,,N,N
중곡동,villa,한울피렌체(122-6),ORIGINAL,122-6,천호대로125길 55,RENT,20.7,202605,06,5000,80,5,2016,202607~202807,Y,N,,,N,N
중곡동,officetel,아스하임,ORIGINAL,157-6,천호대로 559,RENT,16.04,202605,05,1000,85,7,2019,202605~202705,Y,N,,,N,N
중곡동,villa,강남그레이스빌(296-1),ORIGINAL,296-1,용마산로30길 34,RENT,23.66,202605,05,0,60,5,2014,202605~202705,Y,N,,,Y,Y
중곡동,officetel,정익제이타워2차,ORIGINAL,639-6,천호대로 537,RENT,15.93,202605,04,17000,20,6,2020,202606~202806,Y,N,,,N,N
중곡동,villa,나경빌,ORIGINAL,147-101,용마산로8가길 20-8,RENT,34.84,202605,04,15000,25,4,2011,202606~202806,Y,N,,,N,N
중곡동,villa,드림하우젠I,ORIGINAL,150-70,용마산로18길 6,RENT,16.06,202605,04,15986,7,3,2019,202606~202806,N,N,15986.0,0.0,N,N
중곡동,villa,봉황옥체,ORIGINAL,18-76,용마산로22길 5,RENT,27.8,202605,04,1500,105,4,2017,202606~202806,Y,N,,,N,N
중곡동,villa,나경빌,ORIGINAL,147-101,용마산로8가길 20-8,RENT,34.84,202605,04,15000,25,4,2011,202606~202806,Y,N,,,N,N
중곡동,officetel,정익제이타워1차,ORIGINAL,639-4,천호대로 531-1,RENT,15.9,202605,02,1000,84,14,2018,202605~202705,N,N,1000.0,80.0,N,N
중곡동,villa,리조빌,ORIGINAL,632-6,동일로62길 27,RENT,14.19,202605,02,1000,42,2,2003,202605~202805,Y,N,,,Y,Y
중곡동,officetel,비버리캐슬,ORIGINAL,41-33,능동로 366,RENT,28.12,202605,01,5000,68,5,2004,202605~202805,Y,N,,,N,Y
중곡동,officetel,정익제이타워1차,ORIGINAL,639-4,천호대로 531-1,RENT,16.37,202605,01,500,81,10,2018,202606~202706,Y,N,,,N,N
중곡동,villa,동아힐링,ORIGINAL,104-47,영화사로9나길 20,RENT,21.49,202605,01,8000,60,4,2015,202606~202708,Y,N,,,Y,N
중곡동,villa,골드팰리스,ORIGINAL,18-110,용마산로22길 11-32,RENT,24.42,202604,30,17400,11,1,2018,202606~202806,Y,N,,,N,N
중곡동,villa,플레이스원,ORIGINAL,134-20,천호대로115길 46,RENT,16.89,202604,29,2000,136,5,2019,202605~202805,Y,N,,,N,N
중곡동,officetel,정익제이타워1차,ORIGINAL,639-4,천호대로 531-1,RENT,15.97,202604,28,2000,85,7,2018,202605~202805,Y,N,,,N,N
중곡동,villa,그린타워,ORIGINAL,640-10,능동로39길 41,RENT,25.88,202604,28,1000,67,2,2017,202605~202805,Y,N,,,N,Y
중곡동,villa,은주빌라,ORIGINAL,220-87,능동로51길 25-20,RENT,32.62,202604,28,16000,10,3,2002,202604~202804,N,N,14000.0,10.0,N,N
중곡동,villa,연리지,ORIGINAL,166-21,긴고랑로13길 66,RENT,39.08,202604,27,30000,53,2,2015,202607~202807,Y,N,,,N,N
중곡동,villa,연리지,ORIGINAL,166-21,긴고랑로13길 66,RENT,39.08,202604,27,30000,53,2,2015,202607~202807,Y,N,,,N,N
중곡동,villa,해밀채,ORIGINAL,134-9,용마산로5길 57,RENT,18.81,202604,27,2000,70,5,2016,202605~202805,Y,N,,,N,Y
중곡동,villa,연리지,ORIGINAL,166-21,긴고랑로13길 66,RENT,39.08,202604,27,28000,63,2,2015,202607~202807,Y,N,,,N,N
중곡동,villa,중곡동퍼즐주택,ORIGINAL,150-300,용마산로8다길 19,RENT,29.55,202604,27,3000,175,4,2020,202606~202806,N,N,3000.0,175.0,N,N
중곡동,officetel,아지(AZ)0213,ORIGINAL,648-14,능동로37길 6,RENT,20.85,202604,25,2000,70,7,2015,202606~202806,N,N,2000.0,65.0,N,Y
중곡동,villa,용마산로8길 25,ROAD_ADDR,61-9,용마산로8길 25,RENT,32.565,202604,25,19400,30,3,2015,202605~202805,N,N,19400.0,25.0,N,N
중곡동,villa,용마산로3길 24,ROAD_ADDR,121-4,용마산로3길 24,RENT,37.02,202604,25,2000,59,3,2003,202606~202706,Y,N,,,Y,Y
중곡동,villa,에덴빌2차,ORIGINAL,112-10,천호대로127길 38,RENT,22.71,202604,25,10000,25,4,2017,202607~202807,Y,N,,,N,N
중곡동,officetel,위너스텔,ORIGINAL,190-3,동일로 418,RENT,20.35,202604,24,500,55,6,2003,202604~202704,N,N,500.0,54.0,Y,Y
중곡동,officetel,정익제이타워1차,ORIGINAL,639-4,천호대로 531-1,RENT,15.97,202604,24,2000,85,7,2018,202605~202805,Y,N,,,N,N
중곡동,villa,파인트리,ORIGINAL,644-1,천호대로107길 54,RENT,19.26,202604,24,4000,57,4,2018,202605~202705,Y,N,,,Y,Y
중곡동,villa,푸르미르(78-15),ORIGINAL,78-15,긴고랑로 124,RENT,29.9,202604,24,10000,65,3,2015,202606~202806,Y,N,,,N,N
중곡동,officetel,정익제이타워2차,ORIGINAL,639-6,천호대로 537,RENT,15.93,202604,22,17000,18,8,2020,202606~202806,Y,N,,,N,N
중곡동,officetel,정익제이타워1차,ORIGINAL,639-4,천호대로 531-1,RENT,15.9,202604,22,1000,90,10,2018,202605~202805,Y,N,,,N,N
중곡동,villa,winners,ORIGINAL,243-21,긴고랑로10길 9,RENT,24.37,202604,22,10000,53,3,2020,202606~202806,N,N,10000.0,52.0,N,N
중곡동,villa,상목파크빌,ORIGINAL,256-29,긴고랑로8길 35,RENT,32.88,202604,22,2000,85,2,2002,202605~202805,Y,N,,,N,N
중곡동,villa,청운명가(235-28),ORIGINAL,235-28,동일로 390,RENT,27.67,202604,22,15000,50,3,2015,202607~202807,Y,N,,,N,N
중곡동,villa,용마산로34길 11,ROAD_ADDR,603-6,용마산로34길 11,RENT,34.32,202604,22,9000,26,1,2003,202605~202805,Y,N,,,N,N
중곡동,villa,winners,ORIGINAL,243-21,긴고랑로10길 9,RENT,24.37,202604,22,10000,53,3,2020,202606~202806,N,N,10000.0,52.0,N,N
중곡동,officetel,위너스텔,ORIGINAL,190-3,동일로 418,RENT,20.35,202604,21,500,55,3,2003,202604~202704,N,N,500.0,54.0,Y,Y
중곡동,villa,하우징허브이어짐,ORIGINAL,124-55,긴고랑로30길 39,RENT,26.46,202604,20,19000,30,4,2017,202606~202806,N,N,19000.0,26.0,N,N
중곡동,villa,진선미,ORIGINAL,624-24,면목로9길 17,RENT,35.4,202604,20,20000,10,3,2009,202605~202805,Y,N,,,N,N
중곡동,villa,동일로64길 21-1,ROAD_ADDR,624-10,동일로64길 21-1,RENT,29.76,202604,20,21000,10,2,2019,202604~202704,Y,N,,,N,N
중곡동,villa,성은빌라,ORIGINAL,107-21,영화사로7길 30,RENT,37.05,202604,19,1000,60,-1,1995,202604~202804,Y,N,,,Y,Y
중곡동,officetel,아뜰리에,ORIGINAL,341-3,능동로38길 38,RENT,17.87,202604,18,11000,45,4,2018,202604~202804,N,Y,11000.0,40.0,N,N
중곡동,villa,공간행복(36-3),ORIGINAL,36-3,긴고랑로23길 20-3,RENT,29.78,202604,18,21600,16,2,2018,202605~202805,N,Y,21600.0,12.0,N,N
중곡동,villa,퍼시픽빌리지C동,ORIGINAL,170-51,능동로55길 45,RENT,37.07,202604,18,2000,60,3,1993,202606~202806,Y,N,,,Y,Y
중곡동,villa,자양로51길 66-4,ROAD_ADDR,97-17,자양로51길 66-4,RENT,14.35,202604,18,5000,90,5,2017,202604~202803,Y,N,,,N,N
중곡동,villa,자양로51길 66-4,ROAD_ADDR,97-17,자양로51길 66-4,RENT,14.35,202604,18,5000,90,5,2017,202604~202803,Y,N,,,N,N
중곡동,villa,그랑시아,ORIGINAL,69-16,긴고랑로 155,RENT,31.33,202604,18,22650,5,4,2016,202605~202805,N,N,22650.0,5.0,N,N
중곡동,villa,다드림하우스,ORIGINAL,685,동일로78길 22,RENT,15.15,202604,17,500,41,3,2012,202605~202805,Y,N,,,Y,Y
중곡동,villa,유진빌,ORIGINAL,134-46,천호대로115길 33,RENT,38.78,202604,17,14000,22,2,2012,202604~202804,N,Y,14000.0,18.0,N,N
중곡동,villa,더게이트힐스,ORIGINAL,18-88,용마산로24길 10,RENT,31.56,202604,17,1000,170,5,2022,202605~202705,Y,N,,,N,N
중곡동,officetel,정익제이타워2차,ORIGINAL,639-6,천호대로 537,RENT,15.93,202604,16,1000,72,5,2020,202605~202607,Y,N,,,N,N
중곡동,villa,리조빌,ORIGINAL,632-6,동일로62길 27,RENT,18.48,202604,16,1000,53,3,2003,202605~202805,Y,N,,,Y,Y
중곡동,villa,긴고랑로8길 64,ROAD_ADDR,619-6,긴고랑로8길 64,RENT,37.5,202604,16,400,55,3,2010,202604~202804,Y,N,,,Y,Y
중곡동,officetel,리아리움더언타워,ORIGINAL,157-17,천호대로109길 9,RENT,18.5,202604,15,2000,80,5,2017,202605~202705,Y,N,,,N,N
중곡동,villa,윤호시티,ORIGINAL,258-26,긴고랑로10길 43,RENT,21.06,202604,15,15000,27,3,2019,202605~202705,N,Y,15000.0,23.0,N,N
중곡동,villa,JUNHOUSEROOM,ORIGINAL,107-59,영화사로9길 21,RENT,12.54,202604,15,1000,53,3,2011,202605~202805,Y,N,,,Y,Y
중곡동,villa,윤호시티,ORIGINAL,258-26,긴고랑로10길 43,RENT,21.06,202604,15,15000,27,3,2019,202605~202705,N,N,15000.0,23.0,N,N
중곡동,villa,천호대로117길 83,ROAD_ADDR,54-18,천호대로117길 83,RENT,38.22,202604,15,12100,24,2,2006,202606~202806,N,N,11250.0,24.0,N,N
중곡동,villa,왈츠하우스2,ORIGINAL,104-49,영화사로9나길 16,RENT,27.29,202604,14,10000,63,2,2015,202604~202804,N,N,10000.0,60.0,N,N
중곡동,villa,제일주택(32-25),ORIGINAL,32-25,능동로48길 17,RENT,32.81,202604,14,1000,55,5,2018,202605~202805,Y,N,,,Y,Y
중곡동,officetel,홀가하우스,ORIGINAL,158-31,능동로38길 5-3,RENT,23.73,202604,13,300,100,11,2021,202605~202611,Y,N,,,N,N
중곡동,officetel,정익제이타워2차,ORIGINAL,639-6,천호대로 537,RENT,15.93,202604,13,17000,15,8,2020,202605~202805,Y,N,,,N,N
중곡동,villa,공간행복(36-3),ORIGINAL,36-3,긴고랑로23길 20-3,RENT,29.91,202604,13,23400,8,3,2018,202606~202806,Y,N,,,N,N
중곡동,villa,THEArium,ORIGINAL,126-23,긴고랑로30길 38,RENT,32.7,202604,13,25000,25,2,2021,202605~202805,Y,N,,,N,N
중곡동,villa,THEArium,ORIGINAL,126-23,긴고랑로30길 38,RENT,32.7,202604,13,25000,25,2,2021,202605~202805,Y,N,,,N,N
중곡동,villa,상아빌라,ORIGINAL,39-31,긴고랑로19길 15,RENT,29.53,202604,13,10000,60,4,2002,202606~202806,Y,N,,,N,N
중곡동,villa,대호빌딩,ORIGINAL,28-24,능동로50길 55,RENT,22.51,202604,13,1000,53,3,2005,202604~202804,Y,N,,,Y,Y
중곡동,villa,청운명가(195-2),ORIGINAL,195-2,답십리로88길 34,RENT,28.92,202604,13,5000,125,2,2021,202604~202804,N,N,5000.0,120.0,N,N
중곡동,villa,이루센트라빌,ORIGINAL,175-7,답십리로78길 37-8,RENT,22.2,202604,13,16200,15,2,2016,202605~202805,N,N,16200.0,6.0,N,N
중곡동,villa,연승플러스빌(30-49),ORIGINAL,30-49,능동로50길 25-4,RENT,20.4,202604,12,2000,50,5,2015,202605~202705,Y,N,,,Y,Y
중곡동,officetel,정익제이타워1차,ORIGINAL,639-4,천호대로 531-1,RENT,16.22,202604,11,1000,86,5,2018,202605~202705,Y,N,,,N,N
중곡동,officetel,정익제이타워2차,ORIGINAL,639-6,천호대로 537,RENT,15.93,202604,11,2000,88,8,2020,202604~202704,N,N,2000.0,85.0,N,N
중곡동,villa,어울림하우스,ORIGINAL,257-37,면목로 86,RENT,15.18,202604,11,5000,65,5,2016,202605~202805,Y,N,,,N,Y
중곡동,villa,그랑시아,ORIGINAL,69-16,긴고랑로 155,RENT,18.64,202604,11,13300,11,3,2016,202605~202805,Y,N,,,N,N
중곡동,villa,한스빌,ORIGINAL,187-34,동일로76길 5,RENT,35.21,202604,11,13000,5,3,2002,202604~202804,N,N,13000.0,0.0,N,N
중곡동,villa,청운명가(172-33),ORIGINAL,172-33,능동로51길 28-3,RENT,29.8,202604,11,2000,130,4,2022,202604~202804,Y,N,,,N,N
중곡동,villa,하우젠빌(104-76),ORIGINAL,104-76,영화사로9가길 4,RENT,33.28,202604,11,20500,37,3,2015,202606~202806,Y,N,,,N,N
중곡동,villa,수현,ORIGINAL,139-11,용마산로1길 104-3,RENT,29.97,202604,10,14000,16,2,2011,202604~202804,N,N,14000.0,13.0,N,N
중곡동,officetel,중곡에스하임3,ORIGINAL,119-9,천호대로 621,RENT,28.83,202604,09,4735,49,7,2024,202604~202806,Y,N,,,Y,Y
중곡동,villa,삼환엘리트빌,ORIGINAL,18-78,용마산로22길 5-8,RENT,25.19,202604,09,13000,65,5,2013,202604~202804,Y,N,,,N,N
중곡동,villa,중곡동퍼즐주택,ORIGINAL,150-300,용마산로8다길 21,RENT,35.95,202604,09,24822,45,3,2020,202605~202805,Y,N,,,N,N
중곡동,villa,군자하우스,ORIGINAL,158-25,능동로40길 10-3,RENT,27.96,202604,09,30000,8,5,2018,202606~202806,Y,N,,,N,N
중곡동,officetel,중곡에스하임3,ORIGINAL,119-9,천호대로 621,RENT,29.97,202604,08,2890,30,4,2024,202604~202806,Y,N,,,Y,Y
중곡동,officetel,중곡에스하임3,ORIGINAL,119-9,천호대로 621,RENT,26.48,202604,08,4305,44,3,2024,202604~202806,Y,N,,,Y,Y
중곡동,officetel,중곡에스하임3,ORIGINAL,119-9,천호대로 621,RENT,26.48,202604,08,4305,44,3,2024,202604~202806,Y,N,,,Y,Y
중곡동,officetel,중곡에스하임3,ORIGINAL,119-9,천호대로 621,RENT,26.13,202604,08,4199,43,7,2024,202604~202806,Y,N,,,Y,Y
중곡동,officetel,중곡에스하임3,ORIGINAL,119-9,천호대로 621,RENT,26.48,202604,08,10661,9,3,2024,202604~202806,Y,N,,,N,N
중곡동,officetel,중곡에스하임3,ORIGINAL,119-9,천호대로 621,RENT,26.13,202604,08,9980,11,7,2024,202604~202806,Y,N,,,N,N
중곡동,villa,더메인즈빌,ORIGINAL,574-2,동일로80길 37,RENT,28.37,202604,08,357,49,4,2019,202604~202806,Y,N,,,Y,Y
중곡동,villa,더메인즈빌,ORIGINAL,574-2,동일로80길 37,RENT,28.68,202604,08,366,50,4,2019,202604~202806,Y,N,,,Y,Y
중곡동,villa,해피온리치빌,ORIGINAL,142-18,천호대로111길 15,RENT,17.28,202604,08,8000,30,3,2013,202605~202805,Y,N,,,Y,N
중곡동,villa,도시와사람,ORIGINAL,159-25,긴고랑로20길 76-1,RENT,38.17,202604,08,18340,45,3,2016,202606~202806,N,Y,18340.0,40.0,N,N
중곡동,officetel,중곡에스하임3,ORIGINAL,119-9,천호대로 621,RENT,29.89,202604,07,11896,10,6,2024,202604~202806,Y,N,,,N,N
중곡동,officetel,아뜰리에,ORIGINAL,341-3,능동로38길 38,RENT,17.97,202604,07,10000,41,5,2018,202606~202806,Y,N,,,N,N
중곡동,officetel,위너스텔,ORIGINAL,190-3,동일로 418,RENT,20.72,202604,07,300,51,6,2003,202604~202704,N,N,300.0,50.0,Y,Y
중곡동,officetel,중곡에스하임3,ORIGINAL,119-9,천호대로 621,RENT,29.97,202604,07,1156,33,5,2024,202604~202806,Y,N,,,Y,Y
중곡동,officetel,중곡에스하임3,ORIGINAL,119-9,천호대로 621,RENT,29.97,202604,07,2890,30,6,2024,202604~202806,Y,N,,,Y,Y
중곡동,officetel,중곡에스하임3,ORIGINAL,119-9,천호대로 621,RENT,29.97,202604,07,2890,30,5,2024,202604~202806,Y,N,,,Y,Y
중곡동,officetel,중곡에스하임3,ORIGINAL,119-9,천호대로 621,RENT,29.89,202604,07,4804,50,6,2024,202604~202806,Y,N,,,Y,Y
중곡동,officetel,중곡에스하임3,ORIGINAL,119-9,천호대로 621,RENT,29.89,202604,07,2819,29,2,2024,202604~202806,Y,N,,,Y,Y
중곡동,officetel,중곡에스하임3,ORIGINAL,119-9,천호대로 621,RENT,29.97,202604,07,7158,6,6,2024,202604~202806,Y,N,,,Y,N
중곡동,villa,그린나래,ORIGINAL,231-5,면목로 119,RENT,30.0,202604,07,100,48,5,2022,202604~202806,Y,N,,,Y,Y
중곡동,villa,삼화에코빌,ORIGINAL,248-23,긴고랑로2길 15,RENT,35.7,202604,07,100,49,2,2021,202604~202806,Y,N,,,Y,Y
중곡동,villa,클럽하우스,ORIGINAL,138-13,천호대로111길 36-5,RENT,12.32,202604,07,8000,13,4,2011,202605~202805,Y,N,,,Y,N
중곡동,officetel,중곡에스하임3,ORIGINAL,119-9,천호대로 621,RENT,29.89,202604,06,4754,49,3,2024,202604~202806,Y,N,,,Y,Y
중곡동,officetel,정익제이타워1차,ORIGINAL,639-4,천호대로 531-1,RENT,16.22,202604,06,3000,78,13,2018,202605~202705,N,Y,3000.0,74.0,N,N
중곡동,villa,더메인즈빌,ORIGINAL,574-2,동일로80길 37,RENT,21.74,202604,06,4155,18,4,2019,202607~202806,N,N,4150.0,16.0,Y,Y
중곡동,villa,헤세드빌,ORIGINAL,189-49,면목로11길 28-13,RENT,26.95,202604,06,1000,67,3,2019,202606~202806,Y,N,,,N,Y
중곡동,villa,드림하우젠I,ORIGINAL,150-70,용마산로18길 6,RENT,21.2,202604,06,17500,7,2,2019,202606~202806,Y,N,,,N,N
중곡동,officetel,정익제이타워1차,ORIGINAL,639-4,천호대로 531-1,RENT,16.22,202604,04,1000,73,9,2018,202604~202804,Y,N,,,N,N
중곡동,officetel,정익제이타워2차,ORIGINAL,639-6,천호대로 537,RENT,15.93,202604,03,3500,73,14,2020,202605~202805,N,N,3500.0,70.0,N,N
중곡동,villa,중곡동퍼즐주택,ORIGINAL,150-300,용마산로8다길 21,RENT,36.58,202604,03,26712,55,4,2020,202604~202804,Y,N,,,N,N
중곡동,villa,라움,ORIGINAL,296-61,용마산로28가길 10-3,RENT,24.64,202604,03,5000,42,2,2017,202605~202805,N,Y,5000.0,39.0,Y,Y
중곡동,officetel,비버리캐슬,ORIGINAL,41-33,능동로 366,RENT,22.2,202604,02,10000,25,4,2004,202605~202805,Y,N,,,N,N
중곡동,villa,베네하우스,ORIGINAL,580-8,답십리로76길 9,RENT,18.585,202604,02,500,52,2,2011,202604~202804,Y,N,,,Y,Y
중곡동,officetel,비버리캐슬,ORIGINAL,41-33,능동로 366,RENT,22.8,202604,01,2000,65,4,2004,202604~202704,Y,N,,,N,Y
중곡동,villa,다우하우스,ORIGINAL,35-3,능동로48길 65,RENT,27.27,202604,01,25300,3,4,2018,202606~202806,Y,N,,,N,N
중곡동,villa,임마뉴엘,ORIGINAL,18-105,용마산로22길 11-16,RENT,21.75,202604,01,23000,15,4,2018,202605~202805,N,N,23000.0,10.0,N,N
중곡동,villa,ESKA(에스카),ORIGINAL,76-60,긴고랑로 142,RENT,26.43,202604,01,5000,100,4,2026,202605~202805,Y,N,,,N,N
중곡동,villa,아뜰리에,ORIGINAL,341-3,능동로38길 38,RENT,31.56,202604,01,23000,40,8,2018,202604~202804,N,N,23000.0,35.0,N,N
중곡동,villa,아스하임(234-51),ORIGINAL,234-51,동일로70길 13,RENT,16.3,202604,01,6000,47,2,2022,202604~202804,Y,N,,,Y,Y
중곡동,villa,플레이스원,ORIGINAL,134-20,천호대로115길 46,RENT,21.32,202604,01,18100,3,2,2019,202605~202805,Y,N,,,N,N
중곡동,officetel,위너스텔,ORIGINAL,190-3,동일로 418,RENT,20.72,202603,31,300,53,3,2003,202604~202703,N,N,300.0,52.0,Y,Y
중곡동,villa,이레하우스(256-48),ORIGINAL,256-48,긴고랑로8길 49,RENT,21.12,202603,31,8000,50,4,2018,202605~202805,Y,N,,,Y,N
중곡동,villa,드림빌(175-83),ORIGINAL,175-83,동일로78길 49-20,RENT,16.39,202603,31,100,35,4,2016,202603~202803,Y,N,,,Y,Y
중곡동,villa,한솔파크빌,ORIGINAL,643-8,능동로39길 36,RENT,15.765,202603,31,1000,64,4,2016,202605~202805,Y,N,,,N,Y
중곡동,villa,그레이스힐,ORIGINAL,141-33,긴고랑로20길 83,RENT,29.96,202603,31,8000,51,3,2016,202605~202805,Y,N,,,Y,N
중곡동,villa,용마산로30길 21-4,ROAD_ADDR,293-18,용마산로30길 21-4,RENT,24.13,202603,30,13000,50,3,2012,202605~202805,Y,N,,,N,N
중곡동,villa,성안빌딩,ORIGINAL,648-20,능동로39길 9,RENT,25.16,202603,30,1000,54,6,2019,202605~202805,Y,N,,,Y,Y
중곡동,villa,동서화운트빌(150-330),ORIGINAL,150-330,용마산로8가길 51,RENT,38.34,202603,30,20000,40,4,2011,202605~202805,Y,N,,,N,N
중곡동,villa,인성하이빌,ORIGINAL,169-89,능동로59길 20,RENT,35.89,202603,28,12900,15,5,2003,202603~202803,N,Y,13000.0,10.0,N,N
중곡동,villa,그린빌라,ORIGINAL,608-5,용마산로 187,RENT,29.7237,202603,28,24800,35,6,2015,202604~202804,Y,N,,,N,N
중곡동,villa,PARKBLISSVILL,ORIGINAL,110-14,자양로51길 34,RENT,25.7,202603,28,12000,130,4,2020,202606~202806,Y,N,,,N,N
중곡동,villa,용마산로30길 21-4,ROAD_ADDR,293-18,용마산로30길 21-4,RENT,17.55,202603,28,10000,40,4,2012,202605~202805,Y,N,,,N,N
중곡동,villa,베르데,ORIGINAL,258-25,긴고랑로10길 41,RENT,19.49,202603,28,18000,2,3,2019,202605~202805,Y,N,,,N,N
중곡동,villa,능동로 386-16,ROAD_ADDR,31-19,능동로 386-16,RENT,32.15,202603,28,4000,80,2,1991,202604~202804,Y,N,,,N,N
중곡동,villa,이루센트라빌,ORIGINAL,175-7,답십리로78길 37-8,RENT,22.2,202603,28,16000,20,3,2016,202605~202805,N,Y,16000.0,8.0,N,N
중곡동,officetel,정익제이타워2차,ORIGINAL,639-6,천호대로 537,RENT,15.93,202603,27,500,73,4,2020,202604~202704,Y,N,,,N,N
중곡동,villa,동일로64길 21-1,ROAD_ADDR,624-10,동일로64길 21-1,RENT,25.08,202603,26,18000,10,2,2019,202604~202804,N,N,17500.0,10.0,N,N
중곡동,villa,월드하우스(21-1),ORIGINAL,21-1,용마산로22길 10,RENT,28.13,202603,25,3000,100,4,2021,202605~202805,Y,N,,,N,N
중곡동,villa,한솔파크빌,ORIGINAL,643-8,능동로39길 36,RENT,16.65,202603,25,5000,105,4,2016,202605~202805,Y,N,,,N,N
중곡동,villa,천호대로127길 41,ROAD_ADDR,95-8,천호대로127길 41,RENT,29.28,202603,25,24900,17,3,2018,202604~202804,N,N,24900.0,12.0,N,N
중곡동,villa,동일로62길 29,ROAD_ADDR,632-8,동일로62길 29,RENT,14.43,202603,25,1000,47,2,2002,202604~202804,Y,N,,,Y,Y
중곡동,villa,월드하우스(21-1),ORIGINAL,21-1,용마산로22길 10,RENT,28.13,202603,25,3000,100,4,2021,202605~202805,Y,N,,,N,N
중곡동,villa,능동로50길 31-5,ROAD_ADDR,30-46,능동로50길 31-5,RENT,19.67,202603,25,14600,17,2,2019,202603~202803,N,Y,14600.0,17.0,N,N
중곡동,villa,자양로43길 122-4,ROAD_ADDR,91-7,자양로43길 122-4,RENT,25.66,202603,24,6000,32,4,2012,202605~202805,Y,N,,,Y,Y
중곡동,villa,긴고랑로44길 36,ROAD_ADDR,74-48,긴고랑로44길 36,RENT,38.95,202603,24,0,20,4,1992,202603~202803,Y,N,,,Y,Y
중곡동,villa,한양팰리스,ORIGINAL,247-21,긴고랑로4길 11-3,RENT,21.27,202603,24,2000,78,5,2021,202603~202803,Y,N,,,N,N
중곡동,villa,용마산로1길 38,ROAD_ADDR,120-17,용마산로1길 38,RENT,18.35,202603,24,6900,15,4,2002,202605~202805,Y,N,,,Y,N
중곡동,villa,동화하우스,ORIGINAL,113-6,천호대로129길 41-2,RENT,29.65,202603,24,2000,80,3,2017,202604~202804,Y,N,,,N,N
중곡동,villa,바론채,ORIGINAL,231-7,면목로 117,RENT,34.86,202603,23,28833,5,5,2020,202604~202804,N,Y,27460.0,5.0,N,N
중곡동,villa,RICHEN5,ORIGINAL,288-35,용마산로32길 11-6,RENT,28.12,202603,23,18000,20,3,2016,202604~202804,Y,N,,,N,N
중곡동,villa,용마산로1길 38,ROAD_ADDR,120-17,용마산로1길 38,RENT,25.4,202603,23,1000,60,1,2002,202604~202803,Y,N,,,Y,Y
중곡동,villa,현대,ORIGINAL,569-1,답십리로78길 9-12,RENT,39.78,202603,23,500,70,-1,1991,202603~202803,Y,N,,,N,Y
중곡동,villa,능동로57길 30-6,ROAD_ADDR,169-106,능동로57길 30-6,RENT,17.25,202603,23,1000,48,3,2017,202605~202705,Y,N,,,Y,Y
중곡동,villa,은주빌라,ORIGINAL,220-87,능동로51길 25-20,RENT,23.73,202603,23,6000,50,2,2002,202605~202805,Y,N,,,Y,Y
중곡동,villa,다우하우스,ORIGINAL,35-3,능동로48길 65,RENT,27.7,202603,22,25500,4,2,2018,202606~202806,Y,N,,,N,N
중곡동,villa,긴고랑로22길 23-7,ROAD_ADDR,51-8,긴고랑로22길 23-7,RENT,24.63,202603,22,13000,30,3,2009,202605~202805,Y,N,,,N,N
중곡동,villa,능동로50길 25-17,ROAD_ADDR,30-51,능동로50길 25-17,RENT,34.58,202603,22,22500,27,4,2014,202606~202806,Y,N,,,N,N
중곡동,villa,에덴빌3차,ORIGINAL,242-16,긴고랑로12길 11-7,RENT,23.16,202603,22,13770,22,4,2017,202606~202806,Y,N,,,N,N
중곡동,officetel,정익제이타워2차,ORIGINAL,639-6,천호대로 537,RENT,15.93,202603,21,1000,95,5,2020,202603~202703,Y,N,,,N,N
중곡동,villa,동양하우스,ORIGINAL,624-27,면목로9길 21,RENT,20.11,202603,21,500,50,5,2008,202603~202803,Y,N,,,Y,Y
중곡동,villa,청솔주택,ORIGINAL,110-27,자양로51길 32,RENT,28.7,202603,21,20900,14,2,2020,202604~202804,N,Y,20900.0,10.0,N,N
중곡동,villa,원봉빌딩,ORIGINAL,160-3,천호대로109길 53,RENT,29.36,202603,21,27400,2,5,2019,202605~202805,Y,N,,,N,N
중곡동,villa,원봉빌딩,ORIGINAL,160-3,천호대로109길 53,RENT,29.36,202603,21,27400,2,5,2019,202605~202805,Y,N,,,N,N
중곡동,villa,원봉빌딩,ORIGINAL,160-3,천호대로109길 53,RENT,29.36,202603,21,27400,2,5,2019,202605~202805,Y,N,,,N,N
중곡동,officetel,정익제이타워2차,ORIGINAL,639-6,천호대로 537,RENT,15.93,202603,20,5000,80,12,2020,202604~202704,Y,N,,,N,N
중곡동,villa,긴고랑로 187-1,ROAD_ADDR,72-24,긴고랑로 187-1,RENT,29.97,202603,20,19000,24,2,2015,202605~202805,Y,N,,,N,N
중곡동,villa,해밀채,ORIGINAL,134-9,용마산로5길 57,RENT,26.36,202603,20,6000,60,5,2016,202606~202806,Y,N,,,Y,Y
중곡동,villa,나산쉐르빌,ORIGINAL,18-3,용마산로28길 6,RENT,12.99,202603,20,6000,19,3,2013,202604~202804,N,N,6000.0,17.0,Y,Y
중곡동,villa,동일로62길 29,ROAD_ADDR,632-8,동일로62길 29,RENT,13.86,202603,19,2000,51,2,2002,202604~202804,Y,N,,,Y,Y
중곡동,officetel,정익제이타워2차,ORIGINAL,639-6,천호대로 537,RENT,15.93,202603,18,1000,89,8,2020,202604~202704,Y,N,,,N,N
중곡동,villa,미래하이츠(239-54),ORIGINAL,239-54,긴고랑로 15-1,RENT,29.85,202603,18,5000,100,3,2021,202604~202804,Y,N,,,N,N
중곡동,villa,미래하이츠(239-54),ORIGINAL,239-54,긴고랑로 15-1,RENT,29.85,202603,18,5000,100,3,2021,202604~202804,Y,N,,,N,N
중곡동,villa,한솔파크빌,ORIGINAL,643-8,능동로39길 36,RENT,28.85,202603,18,5000,93,3,2016,202606~202806,Y,N,,,N,N
중곡동,officetel,정익제이타워2차,ORIGINAL,639-6,천호대로 537,RENT,15.93,202603,17,1000,89,7,2020,202603~202703,N,N,1000.0,85.0,N,N
중곡동,villa,이한하우스,ORIGINAL,30-42,능동로50길 31,RENT,17.76,202603,17,18300,6,3,2021,202604~202803,N,N,19000.0,0.0,N,N
중곡동,villa,용마산로8길 75,ROAD_ADDR,67-28,용마산로8길 75,RENT,19.95,202603,17,2000,70,4,2016,202604~202804,Y,N,,,N,Y
중곡동,villa,이가주택,ORIGINAL,77-30,긴고랑로 134,RENT,11.81,202603,17,1000,50,2,2019,202603~202803,Y,N,,,Y,Y
중곡동,villa,용마산로22길 11-28,ROAD_ADDR,18-109,용마산로22길 11-28,RENT,16.87,202603,17,13000,40,1,2021,202604~202804,Y,N,,,N,N
중곡동,officetel,정익제이타워2차,ORIGINAL,639-6,천호대로 537,RENT,15.93,202603,16,1000,90,9,2020,202603~202703,Y,N,,,N,N
중곡동,officetel,정익제이타워1차,ORIGINAL,639-4,천호대로 531-1,RENT,16.22,202603,16,1000,85,6,2018,202605~202705,Y,N,,,N,N
중곡동,villa,현진빌라,ORIGINAL,107-96,영화사로7길 8,RENT,18.7,202603,16,12500,2,1,2011,202604~202804,N,N,12500.0,0.0,N,N
중곡동,villa,용마산로8가길 38-15,ROAD_ADDR,148-6,용마산로8가길 38-15,RENT,29.97,202603,16,17000,15,1,2013,202604~202804,N,N,17000.0,12.0,N,N
중곡동,villa,글램하우스,ORIGINAL,50-19,긴고랑로20길 51,RENT,33.07,202603,16,27900,5,3,2020,202604~202804,N,Y,27900.0,0.0,N,N
중곡동,villa,리조빌,ORIGINAL,632-6,동일로62길 27,RENT,14.52,202603,15,1000,44,2,2003,202603~202802,Y,N,,,Y,Y
중곡동,officetel,정익제이타워2차,ORIGINAL,639-6,천호대로 537,RENT,15.93,202603,14,3000,80,7,2020,202603~202703,Y,N,,,N,N
중곡동,villa,수현,ORIGINAL,139-11,용마산로1길 104-3,RENT,29.67,202603,14,8000,55,3,2011,202605~202805,Y,N,,,Y,N
중곡동,villa,천호대로123길 43,ROAD_ADDR,121-8,천호대로123길 43,RENT,29.9,202603,14,24000,9,5,2019,202604~202804,Y,N,,,N,N
중곡동,villa,해밀채,ORIGINAL,134-9,용마산로5길 57,RENT,38.36,202603,14,25100,43,4,2016,202605~202805,N,Y,25100.0,37.0,N,N
중곡동,officetel,정익제이타워2차,ORIGINAL,639-6,천호대로 537,RENT,15.93,202603,13,17000,15,13,2020,202605~202805,Y,N,,,N,N
중곡동,villa,하우징허브이어짐,ORIGINAL,124-55,긴고랑로30길 39,RENT,26.59,202603,13,22300,10,6,2017,202603~202803,Y,N,,,N,N
중곡동,villa,그린빌,ORIGINAL,631-7,동일로62길 45,RENT,39.51,202603,13,20000,25,3,2009,202604~202804,N,Y,20000.0,20.0,N,N
중곡동,villa,천호대로123길 43,ROAD_ADDR,121-8,천호대로123길 43,RENT,38.31,202603,13,9000,130,5,2019,202604~202804,Y,N,,,N,N
중곡동,villa,오렌지빌,ORIGINAL,642-9,천호대로107길 17,RENT,36.5,202603,13,1000,75,1,2002,202603~202803,Y,N,,,N,N
중곡동,villa,긴고랑로16길 75,ROAD_ADDR,160-17,긴고랑로16길 75,RENT,16.32,202603,12,2000,50,5,2015,202603~202803,Y,N,,,Y,Y
중곡동,villa,베네하우스,ORIGINAL,580-8,답십리로76길 9,RENT,14.194,202603,12,500,42,4,2011,202603~202803,Y,N,,,Y,Y
중곡동,officetel,아지(AZ)0213,ORIGINAL,648-14,능동로37길 6,RENT,20.64,202603,11,3000,75,7,2015,202603~202703,Y,N,,,N,N
중곡동,officetel,위너스텔,ORIGINAL,190-3,동일로 418,RENT,20.35,202603,11,500,55,6,2003,202603~202703,Y,N,,,Y,Y
중곡동,villa,청운명가(195-2),ORIGINAL,195-2,답십리로88길 34,RENT,27.52,202603,11,27450,5,5,2021,202605~202805,Y,N,,,N,N
중곡동,villa,동일로62길 13-7,ROAD_ADDR,634-2,동일로62길 13-7,RENT,15.61,202603,11,10000,50,5,2018,202604~202804,Y,N,,,N,N
중곡동,villa,미래하우스빌,ORIGINAL,253-28,긴고랑로4길 36-4,RENT,27.95,202603,11,3000,60,4,2018,202603~202803,Y,N,,,Y,Y
중곡동,villa,동일로62길 29,ROAD_ADDR,632-8,동일로62길 29,RENT,14.43,202603,10,2000,43,4,2002,202605~202804,Y,N,,,Y,Y
중곡동,villa,필립하우스,ORIGINAL,553-1,답십리로84길 12,RENT,19.68,202603,10,5000,35,4,2019,202604~202803,Y,N,,,Y,Y
중곡동,officetel,아지(AZ)0213,ORIGINAL,648-14,능동로37길 6,RENT,20.64,202603,09,1000,70,7,2015,202603~202703,Y,N,,,N,Y
중곡동,officetel,평강오피스텔,ORIGINAL,649-11,능동로37길 9,RENT,28.4,202603,09,200,100,5,2020,202603~202609,Y,N,,,N,N
중곡동,officetel,정익제이타워1차,ORIGINAL,639-4,천호대로 531-1,RENT,15.97,202603,09,500,89,13,2018,202604~202704,N,N,500.0,85.0,N,N
중곡동,officetel,정익제이타워2차,ORIGINAL,639-6,천호대로 537,RENT,15.93,202603,07,16000,15,14,2020,202604~202803,N,N,19000.0,10.0,N,N
중곡동,officetel,아스하임,ORIGINAL,157-6,천호대로 559,RENT,16.73,202603,07,1000,77,6,2019,202603~202703,Y,N,,,N,N
중곡동,villa,동일로62길 29,ROAD_ADDR,632-8,동일로62길 29,RENT,13.86,202603,07,2000,41,2,2002,202603~202803,Y,N,,,Y,Y
중곡동,villa,그린빌,ORIGINAL,631-7,동일로62길 45,RENT,39.51,202603,07,20000,30,2,2009,202603~202803,Y,N,,,N,N
중곡동,villa,해밀채,ORIGINAL,134-9,용마산로5길 57,RENT,29.81,202603,07,10000,63,4,2016,202605~202805,N,N,10000.0,58.0,N,N
중곡동,villa,오리엔스빌,ORIGINAL,121-50,천호대로121길 36,RENT,28.43,202603,07,20000,20,4,2018,202605~202805,N,N,24000.0,0.0,N,N
중곡동,villa,테라팰리스중곡Ⅱ,ORIGINAL,624-51,면목로9길 23,RENT,29.952,202603,07,25000,30,2,2017,202605~202805,Y,N,,,N,N
중곡동,villa,그랑시아,ORIGINAL,69-16,긴고랑로 155,RENT,32.21,202603,07,20500,15,3,2016,202604~202804,N,N,20500.0,14.0,N,N
중곡동,villa,그린빌,ORIGINAL,631-7,동일로62길 45,RENT,39.51,202603,07,20000,30,2,2009,202603~202803,Y,N,,,N,N
중곡동,villa,HESED,ORIGINAL,257-2,긴고랑로10길 46,RENT,21.47,202603,07,11000,58,4,2019,202604~202804,Y,N,,,N,N
중곡동,officetel,아스하임,ORIGINAL,157-6,천호대로 559,RENT,16.04,202603,06,2000,100,11,2019,202603~202703,Y,N,,,N,N
중곡동,officetel,정익제이타워1차,ORIGINAL,639-4,천호대로 531-1,RENT,16.37,202603,06,1000,90,14,2018,202603~202703,Y,N,,,N,N
중곡동,officetel,위너스텔,ORIGINAL,190-3,동일로 418,RENT,20.35,202603,06,500,55,4,2003,202603~202803,Y,N,,,Y,Y
중곡동,officetel,아지(AZ)0213,ORIGINAL,648-14,능동로37길 6,RENT,20.44,202603,06,1000,83,10,2015,202604~202704,Y,N,,,N,N
중곡동,villa,ESKA(에스카),ORIGINAL,76-60,긴고랑로 142,RENT,27.2,202603,06,10000,75,3,2026,202603~202803,Y,N,,,N,N
중곡동,villa,정복빌라,ORIGINAL,147-136,용마산로8다길 14-8,RENT,31.99,202603,06,20000,15,2,2019,202605~202805,Y,N,,,N,N
중곡동,villa,에덴빌8차,ORIGINAL,29-23,용마산로27길 25,RENT,29.88,202603,04,200,110,4,2017,202603~202609,Y,N,,,N,N
중곡동,villa,하우젠블레스,ORIGINAL,18-91,용마산로22길 11-23,RENT,15.86,202603,04,21350,26,5,2019,202604~202804,N,N,28350.0,0.0,N,N
중곡동,officetel,아지(AZ)0213,ORIGINAL,648-14,능동로37길 6,RENT,20.44,202603,03,1000,85,8,2015,202603~202703,Y,N,,,N,N
중곡동,officetel,아지(AZ)0213,ORIGINAL,648-14,능동로37길 6,RENT,20.64,202603,03,1000,80,4,2015,202603~202803,Y,N,,,N,N
중곡동,villa,그랑시아,ORIGINAL,69-16,긴고랑로 155,RENT,36.67,202603,03,22000,4,3,2016,202604~202804,Y,N,,,N,N
중곡동,villa,아리아하우스,ORIGINAL,602-11,용마산로36길 16-8,RENT,29.88,202603,03,16000,30,2,2016,202604~202803,Y,N,,,N,N
중곡동,villa,아리아하우스,ORIGINAL,602-11,용마산로36길 16-8,RENT,29.88,202603,03,16000,30,2,2016,202604~202803,Y,N,,,N,N
중곡동,villa,본클라쎄에스,ORIGINAL,126-55,천호대로123길 62,RENT,33.55,202603,03,22500,30,4,2015,202604~202804,Y,N,,,N,N
중곡동,villa,정한빌라,ORIGINAL,100-19,영화사로7길 43,RENT,31.47,202603,02,1000,52,1,2002,202603~202803,Y,N,,,Y,Y
중곡동,villa,다성빌,ORIGINAL,104-27,영화사로9나길 5-7,RENT,36.45,202603,02,1000,65,1,2012,202603~202803,Y,N,,,N,Y
중곡동,officetel,정익제이타워2차,ORIGINAL,639-6,천호대로 537,RENT,15.93,202602,28,1000,90,6,2020,202603~202703,Y,N,,,N,N
중곡동,villa,클럽하우스,ORIGINAL,138-13,천호대로111길 36-5,RENT,13.95,202602,28,9600,12,2,2011,202602~202802,N,Y,9600.0,9.0,N,N
중곡동,villa,클럽하우스,ORIGINAL,138-13,천호대로111길 36-5,RENT,13.95,202602,28,9600,12,2,2011,202602~202802,Y,N,,,N,N
중곡동,villa,부광하우스,ORIGINAL,633-6,동일로62길 19,RENT,16.19,202602,28,10000,60,4,2019,202605~202805,Y,N,,,N,N
중곡동,villa,스퀘어빌리지,ORIGINAL,150-233,용마산로7길 56,RENT,27.24,202602,28,20000,25,2,2020,202604~202804,Y,N,,,N,N
중곡동,villa,HJTOWER,ORIGINAL,110-32,자양로51길 42,RENT,24.0,202602,28,2500,53,5,2012,202603~202803,Y,N,,,Y,Y
중곡동,officetel,아지(AZ)0213,ORIGINAL,648-14,능동로37길 6,RENT,20.64,202602,27,1000,80,11,2015,202602~202702,Y,N,,,N,N
중곡동,villa,중곡동퍼즐주택,ORIGINAL,150-300,용마산로8다길 21,RENT,36.58,202602,27,23940,50,1,2020,202605~202805,N,N,28000.0,25.0,N,N
중곡동,villa,능동로39길 37,ROAD_ADDR,641-1,능동로39길 37,RENT,31.27,202602,27,1000,40,4,2006,202602~202802,N,Y,1000.0,38.0,Y,Y
중곡동,villa,임마뉴엘,ORIGINAL,18-105,용마산로22길 11-16,RENT,26.13,202602,27,20000,4,3,2018,202604~202804,N,N,20000.0,0.0,N,N
중곡동,villa,원진주택(34-29),ORIGINAL,34-29,긴고랑로19길 40,RENT,18.15,202602,27,3000,90,4,2018,202604~202804,Y,N,,,N,N
중곡동,villa,가로수빌,ORIGINAL,259-15,긴고랑로12길 41-6,RENT,29.76,202602,26,21000,8,2,2015,202602~202802,N,N,21000.0,0.0,N,N
중곡동,villa,대호뜨란체,ORIGINAL,149-11,긴고랑로27길 15,RENT,19.4,202602,26,8180,26,5,2013,202603~202803,Y,N,,,N,N
중곡동,officetel,정익제이타워2차,ORIGINAL,639-6,천호대로 537,RENT,15.93,202602,25,1000,95,11,2020,202602~202702,Y,N,,,N,N
중곡동,officetel,정익제이타워1차,ORIGINAL,639-4,천호대로 531-1,RENT,15.73,202602,25,3000,60,10,2018,202603~202802,N,Y,3000.0,60.0,Y,Y
중곡동,officetel,아지(AZ)0213,ORIGINAL,648-14,능동로37길 6,RENT,20.64,202602,25,1000,80,6,2015,202602~202702,Y,N,,,N,N
중곡동,villa,천호대로127길 41,ROAD_ADDR,95-8,천호대로127길 41,RENT,20.68,202602,25,3000,55,4,2018,202603~202803,Y,N,,,Y,Y
중곡동,villa,해밀채,ORIGINAL,134-9,용마산로5길 57,RENT,18.65,202602,25,4000,59,5,2016,202604~202804,N,Y,4000.0,57.0,Y,Y
중곡동,villa,하나캐슬,ORIGINAL,198-42,면목로 176,RENT,29.86,202602,25,19753,20,5,2021,202604~202803,N,N,20694.0,21.0,N,N
중곡동,villa,ESKA(에스카),ORIGINAL,76-60,긴고랑로 142,RENT,14.78,202602,25,5000,55,4,2026,202602~202802,Y,N,,,Y,Y
중곡동,villa,ESKA(에스카),ORIGINAL,76-60,긴고랑로 142,RENT,27.2,202602,25,6000,90,2,2026,202602~202802,Y,N,,,N,N
중곡동,villa,중곡동퍼즐주택,ORIGINAL,150-300,용마산로8다길 21,RENT,36.58,202602,23,25200,40,2,2020,202605~202805,Y,N,,,N,N
중곡동,villa,아뜰리에,ORIGINAL,341-3,능동로38길 38,RENT,14.01,202602,23,11000,22,7,2018,202603~202803,Y,N,,,N,N
중곡동,villa,대호빌딩,ORIGINAL,28-24,능동로50길 55,RENT,39.48,202602,23,15000,29,4,2005,202604~202804,N,Y,15000.0,25.0,N,N
중곡동,villa,예스홈2차,ORIGINAL,35-37,능동로48가길 5,RENT,36.73,202602,23,5000,145,4,2015,202604~202804,Y,N,,,N,N
중곡동,villa,ESKA(에스카),ORIGINAL,76-60,긴고랑로 142,RENT,14.78,202602,23,2000,70,3,2026,202602~202802,Y,N,,,N,Y
중곡동,villa,ESKA(에스카),ORIGINAL,76-60,긴고랑로 142,RENT,14.78,202602,23,2000,65,2,2026,202604~202804,Y,N,,,N,Y
중곡동,villa,청화주택,ORIGINAL,643-6,능동로39길 40,RENT,29.72,202602,23,1000,30,2,2003,202603~202803,Y,N,,,Y,Y
중곡동,villa,해피온리치빌,ORIGINAL,142-18,천호대로111길 15,RENT,21.45,202602,23,3000,56,2,2013,202603~202803,Y,N,,,Y,Y
중곡동,villa,임마뉴엘,ORIGINAL,18-105,용마산로22길 11-16,RENT,26.13,202602,22,18000,13,1,2018,202604~202804,Y,N,,,N,N
중곡동,villa,그랑시아,ORIGINAL,69-16,긴고랑로 155,RENT,29.98,202602,22,20000,16,5,2016,202603~202803,N,N,20000.0,0.0,N,N
중곡동,villa,플레이스원,ORIGINAL,134-20,천호대로115길 46,RENT,21.32,202602,22,19166,4,3,2019,202604~202804,N,N,19166.0,0.0,N,N
중곡동,officetel,아스하임,ORIGINAL,157-6,천호대로 559,RENT,16.73,202602,21,20000,20,15,2019,202602~202702,Y,N,,,N,N
중곡동,officetel,리아리움더언타워,ORIGINAL,157-17,천호대로109길 9,RENT,18.5,202602,21,4000,70,7,2017,202603~202703,Y,N,,,N,Y
중곡동,villa,용마산로34길 11,ROAD_ADDR,603-6,용마산로34길 11,RENT,36.0,202602,21,500,65,2,2003,202602~202802,Y,N,,,N,Y
중곡동,villa,부광하우스,ORIGINAL,633-6,동일로62길 19,RENT,16.19,202602,21,10000,120,5,2019,202603~202803,N,N,10000.0,120.0,N,N
중곡동,villa,드림하우젠I,ORIGINAL,150-70,용마산로18길 6,RENT,21.2,202602,21,19600,4,3,2019,202603~202803,N,N,19600.0,0.0,N,N
중곡동,villa,한진빌라,ORIGINAL,172-25,능동로53길 23,RENT,39.63,202602,21,4000,70,2,1993,202602~202802,Y,N,,,N,Y
중곡동,officetel,아지(AZ)0213,ORIGINAL,648-14,능동로37길 6,RENT,20.44,202602,20,1000,85,9,2015,202603~202803,Y,N,,,N,N
중곡동,villa,긴고랑로33길 28,ROAD_ADDR,58-11,긴고랑로33길 28,RENT,14.95,202602,20,12700,2,3,2019,202603~202803,Y,N,,,N,N
중곡동,villa,헤세드빌,ORIGINAL,189-49,면목로11길 28-13,RENT,26.95,202602,20,1000,63,2,2019,202602~202802,Y,N,,,N,Y
중곡동,officetel,정익제이타워1차,ORIGINAL,639-4,천호대로 531-1,RENT,16.22,202602,19,1000,85,14,2018,202604~202703,Y,N,,,N,N
중곡동,villa,샬롬빌(247-50),ORIGINAL,247-50,긴고랑로4길 19,RENT,18.31,202602,18,7000,32,3,2016,202602~202802,N,N,7000.0,30.0,Y,N
중곡동,officetel,위너스텔,ORIGINAL,190-3,동일로 418,RENT,20.72,202602,16,500,55,3,2003,202602~202702,N,N,500.0,54.0,Y,Y
중곡동,officetel,평강오피스텔,ORIGINAL,649-11,능동로37길 9,RENT,20.77,202602,14,300,100,11,2020,202605~202608,Y,N,,,N,N
중곡동,officetel,평강오피스텔,ORIGINAL,649-11,능동로37길 9,RENT,20.77,202602,14,200,100,11,2020,202602~202605,Y,N,,,N,N
중곡동,villa,테라팰리스중곡Ⅱ,ORIGINAL,624-51,면목로9길 23,RENT,29.983,202602,14,24800,30,5,2017,202604~202804,N,Y,24800.0,25.0,N,N
중곡동,villa,세명쉐르빌,ORIGINAL,18-102,용마산로22길 11-8,RENT,20.29,202602,14,5000,85,5,2014,202602~202802,Y,N,,,N,N
중곡동,villa,햇빛촌빌,ORIGINAL,18-77,용마산로22길 5-4,RENT,35.2,202602,14,5000,100,1,2014,202603~202803,Y,N,,,N,N
중곡동,villa,햇빛촌빌,ORIGINAL,18-77,용마산로22길 5-4,RENT,35.2,202602,14,5000,100,1,2014,202603~202803,Y,N,,,N,N
중곡동,villa,샤인빌9차,ORIGINAL,694-6,동일로76길 37,RENT,22.88,202602,14,2000,94,5,2015,202602~202802,Y,N,,,N,N
중곡동,villa,스위트하우젠,ORIGINAL,147-44,용마산로10길 13,RENT,19.94,202602,14,15525,17,4,2018,202602~202802,N,N,15525.0,15.0,N,N
중곡동,villa,아뜰리에,ORIGINAL,341-3,능동로38길 38,RENT,14.94,202602,13,11000,20,6,2018,202602~202802,Y,N,,,N,N
중곡동,villa,하우젠빌(104-76),ORIGINAL,104-76,영화사로9가길 4,RENT,33.28,202602,13,21000,15,2,2015,202602~202802,N,N,23100.0,15.0,N,N
중곡동,villa,집앤사이카스,ORIGINAL,128-6,천호대로119길 77,RENT,26.52,202602,13,29100,5,5,2021,202605~202805,Y,N,,,N,N
중곡동,villa,비젼하우스(253-30),ORIGINAL,253-30,긴고랑로4길 52,RENT,21.0,202602,12,9200,15,5,2008,202603~202803,Y,N,,,N,N
중곡동,villa,정복빌라,ORIGINAL,147-136,용마산로8다길 14-8,RENT,21.48,202602,12,1000,60,5,2019,202603~202803,Y,N,,,Y,Y
중곡동,officetel,정익제이타워1차,ORIGINAL,639-4,천호대로 531-1,RENT,15.9,202602,10,1000,90,4,2018,202602~202702,Y,N,,,N,N
중곡동,officetel,정익제이타워2차,ORIGINAL,639-6,천호대로 537,RENT,15.93,202602,10,2000,76,10,2020,202603~202703,Y,N,,,N,N
중곡동,officetel,아뜰리에,ORIGINAL,341-3,능동로38길 38,RENT,17.83,202602,10,12000,40,3,2018,202603~202802,Y,N,,,N,N
중곡동,officetel,리아리움더언타워,ORIGINAL,157-17,천호대로109길 9,RENT,15.56,202602,10,3500,70,6,2017,202602~202802,Y,N,,,N,Y
중곡동,officetel,정익제이타워1차,ORIGINAL,639-4,천호대로 531-1,RENT,16.22,202602,10,500,90,3,2018,202602~202702,Y,N,,,N,N
중곡동,villa,연승플러스빌(30-49),ORIGINAL,30-49,능동로50길 25-4,RENT,21.46,202602,10,2000,65,5,2015,202604~202804,Y,N,,,N,Y
중곡동,villa,긴고랑로 187-1,ROAD_ADDR,72-24,긴고랑로 187-1,RENT,29.57,202602,10,15000,30,2,2015,202606~202806,N,N,15000.0,26.0,N,N
중곡동,villa,부광하우스,ORIGINAL,633-6,동일로62길 19,RENT,33.84,202602,10,22000,20,2,2019,202604~202804,Y,N,,,N,N
중곡동,villa,Ycastle,ORIGINAL,107-56,영화사로9길 25-4,RENT,28.17,202602,10,2000,60,2,2018,202604~202804,Y,N,,,Y,Y
중곡동,villa,드림빌(66-2),ORIGINAL,66-2,긴고랑로39길 49,RENT,29.53,202602,10,13000,35,1,2016,202603~202803,Y,N,,,N,N
중곡동,villa,정한빌라,ORIGINAL,100-19,영화사로7길 43,RENT,30.6,202602,10,1000,47,1,2002,202603~202803,Y,N,,,Y,Y
중곡동,villa,로즈시티빌,ORIGINAL,114-15,자양로43길 60-3,RENT,36.0,202602,09,18500,8,3,2004,202603~202803,Y,N,,,N,N
중곡동,villa,본클라쎄에스,ORIGINAL,126-55,천호대로123길 62,RENT,33.55,202602,09,22500,20,2,2015,202603~202803,Y,N,,,N,N
중곡동,villa,긴고랑로27길 13,ROAD_ADDR,149-14,긴고랑로27길 13,RENT,19.76,202602,09,15000,50,5,2019,202604~202804,Y,N,,,N,N
중곡동,villa,긴고랑로8길 64,ROAD_ADDR,619-6,긴고랑로8길 64,RENT,37.5,202602,09,500,53,2,2010,202602~202802,Y,N,,,Y,Y
중곡동,officetel,아지(AZ)0213,ORIGINAL,648-14,능동로37길 6,RENT,20.85,202602,07,1000,80,10,2015,202602~202802,Y,N,,,N,N
중곡동,officetel,정익제이타워1차,ORIGINAL,639-4,천호대로 531-1,RENT,15.97,202602,07,2000,85,7,2018,202602~202702,Y,N,,,N,N
중곡동,villa,J캐슬,ORIGINAL,163-4,능동로 365,RENT,26.972,202602,07,21000,9,6,2017,202602~202802,N,N,20400.0,8.0,N,N
중곡동,villa,천호대로123길 43,ROAD_ADDR,121-8,천호대로123길 43,RENT,29.9,202602,07,20000,20,4,2019,202602~202802,Y,N,,,N,N
중곡동,officetel,정익제이타워2차,ORIGINAL,639-6,천호대로 537,RENT,15.93,202602,06,1000,85,4,2020,202602~202702,Y,N,,,N,N
중곡동,villa,공간행복(73-25),ORIGINAL,73-25,긴고랑로46나길 1,RENT,25.07,202602,06,12700,19,2,2013,202603~202803,Y,N,,,N,N
중곡동,villa,JHBILL,ORIGINAL,255-1,동일로68길 40,RENT,39.86,202602,06,28000,20,2,2017,202603~202803,N,Y,33000.0,0.0,N,N
중곡동,villa,연주빌,ORIGINAL,643-9,능동로39길 32,RENT,21.0,202602,06,1000,52,2,2002,202603~202802,Y,N,,,Y,Y
중곡동,villa,공간행복(73-25),ORIGINAL,73-25,긴고랑로46나길 1,RENT,25.07,202602,06,12700,19,2,2013,202603~202803,Y,N,,,N,N
중곡동,officetel,중곡에스하임3,ORIGINAL,119-9,천호대로 621,RENT,26.13,202602,05,6239,5,7,2024,202602~202804,Y,N,,,Y,Y
중곡동,officetel,중곡에스하임3,ORIGINAL,119-9,천호대로 621,RENT,29.89,202602,05,2852,29,3,2024,202602~202804,Y,N,,,Y,Y
중곡동,officetel,중곡에스하임3,ORIGINAL,119-9,천호대로 621,RENT,26.48,202602,05,2609,27,7,2024,202602~202804,Y,N,,,Y,Y
중곡동,officetel,중곡에스하임3,ORIGINAL,119-9,천호대로 621,RENT,26.13,202602,05,2519,26,7,2024,202602~202804,Y,N,,,Y,Y
중곡동,officetel,중곡에스하임3,ORIGINAL,119-9,천호대로 621,RENT,28.83,202602,05,100,34,2,2024,202602~202804,Y,N,,,Y,Y
중곡동,officetel,아스하임,ORIGINAL,157-6,천호대로 559,RENT,16.73,202602,05,1000,90,14,2019,202602~202702,Y,N,,,N,N
중곡동,officetel,중곡에스하임3,ORIGINAL,119-9,천호대로 621,RENT,28.83,202602,05,1036,29,2,2024,202602~202804,Y,N,,,Y,Y
중곡동,officetel,아지(AZ)0213,ORIGINAL,648-14,능동로37길 6,RENT,20.44,202602,05,1000,90,11,2015,202602~202702,Y,N,,,N,N
중곡동,villa,에이블,ORIGINAL,242-22,긴고랑로14길 24,RENT,25.93,202602,05,27000,25,6,2022,202607~202807,Y,N,,,N,N
중곡동,villa,마인하임648,ORIGINAL,648-12,능동로37길 10-4,RENT,25.94,202602,05,2000,85,8,2017,202603~202803,N,N,3000.0,70.0,N,N
중곡동,villa,에이블,ORIGINAL,242-22,긴고랑로14길 24,RENT,25.93,202602,05,27000,25,6,2022,202607~202807,Y,N,,,N,N
중곡동,officetel,중곡에스하임3,ORIGINAL,119-9,천호대로 621,RENT,26.83,202602,04,2587,27,7,2024,202602~202804,Y,N,,,Y,Y
중곡동,officetel,중곡에스하임3,ORIGINAL,119-9,천호대로 621,RENT,26.83,202602,04,2884,25,7,2024,202602~202804,Y,N,,,Y,Y
중곡동,officetel,중곡에스하임3,ORIGINAL,119-9,천호대로 621,RENT,28.83,202602,04,100,35,3,2024,202602~202804,Y,N,,,Y,Y
중곡동,villa,에덴빌3차,ORIGINAL,242-16,긴고랑로12길 11-7,RENT,29.93,202602,04,10000,60,3,2017,202602~202802,N,N,10000.0,53.0,N,N
중곡동,villa,서원주택,ORIGINAL,33-53,긴고랑로19길 45,RENT,20.18,202602,04,3000,45,2,2013,202602~202802,Y,N,,,Y,Y
중곡동,villa,중곡동퍼즐주택,ORIGINAL,150-300,용마산로8다길 21,RENT,36.58,202602,04,26712,55,4,2020,202604~202804,Y,N,,,N,N
중곡동,officetel,중곡에스하임3,ORIGINAL,119-9,천호대로 621,RENT,26.48,202602,03,4578,15,2,2024,202602~202804,Y,N,,,Y,Y
중곡동,officetel,중곡에스하임3,ORIGINAL,119-9,천호대로 621,RENT,29.89,202602,03,100,35,5,2024,202602~202804,Y,N,,,Y,Y
중곡동,officetel,중곡에스하임3,ORIGINAL,119-9,천호대로 621,RENT,26.48,202602,03,2609,27,6,2024,202602~202804,Y,N,,,Y,Y
중곡동,officetel,중곡에스하임3,ORIGINAL,119-9,천호대로 621,RENT,26.48,202602,03,2553,26,2,2024,202602~202804,Y,N,,,Y,Y
중곡동,officetel,리아리움더언타워,ORIGINAL,157-17,천호대로109길 9,RENT,15.56,202602,03,3000,65,10,2017,202602~202702,N,N,3000.0,61.0,N,Y
중곡동,villa,테라팰리스중곡Ⅱ,ORIGINAL,624-51,면목로9길 23,RENT,29.952,202602,03,24000,27,3,2017,202603~202803,Y,N,,,N,N
중곡동,villa,에덴빌13차,ORIGINAL,194-32,용마산로33길 5-10,RENT,32.4,202602,03,3000,195,5,2019,202602~202802,Y,N,,,N,N
중곡동,villa,Laguna록hill,ORIGINAL,234-33,긴고랑로1길 28,RENT,19.8,202602,02,23000,30,6,2015,202603~202803,Y,N,,,N,N
중곡동,villa,진영,ORIGINAL,94-18,자양로45길 79,RENT,29.94,202602,02,12000,47,2,2019,202603~202803,Y,N,,,N,N
중곡동,villa,강변타운,ORIGINAL,625-5,면목로7길 44,RENT,38.46,202602,02,21600,5,2,2009,202602~202802,N,N,21945.0,0.0,N,N
중곡동,villa,유니베네가,ORIGINAL,171-25,능동로53길 28,RENT,29.86,202601,31,25700,2,2,2016,202602~202802,N,Y,25000.0,0.0,N,N
중곡동,villa,이루센트라빌,ORIGINAL,175-7,답십리로78길 37-8,RENT,29.38,202601,31,21000,20,2,2016,202604~202804,Y,N,,,N,N
중곡동,villa,연리지7,ORIGINAL,117-32,용마산로1길 12-5,RENT,16.24,202601,31,500,55,5,2018,202601~202801,Y,N,,,Y,Y
중곡동,officetel,정익제이타워2차,ORIGINAL,639-6,천호대로 537,RENT,15.93,202601,30,1000,85,10,2020,202603~202703,N,Y,1000.0,82.0,N,N
중곡동,villa,명성빌,ORIGINAL,34-28,긴고랑로19길 44,RENT,18.0,202601,30,1000,70,5,2015,202601~202801,Y,N,,,N,Y
중곡동,villa,상목파크빌,ORIGINAL,256-29,긴고랑로8길 35,RENT,32.88,202601,30,3000,75,2,2002,202602~202802,Y,N,,,N,N
중곡동,villa,벨라,ORIGINAL,220-63,능동로51길 19-10,RENT,29.92,202601,30,23300,15,2,2017,202604~202804,Y,N,,,N,N
중곡동,villa,베네하우스,ORIGINAL,580-8,답십리로76길 9,RENT,21.385,202601,30,500,47,1,2011,202603~202803,Y,N,,,Y,Y
중곡동,villa,까사팰리스,ORIGINAL,290-4,용마산로 175,RENT,33.53,202601,30,25000,25,6,2022,202602~202802,Y,N,,,N,N
중곡동,villa,베네하우스,ORIGINAL,580-8,답십리로76길 9,RENT,21.385,202601,30,500,47,1,2011,202603~202803,Y,N,,,Y,Y
중곡동,villa,재연빌라,ORIGINAL,693-14,동일로76길 33,RENT,35.9,202601,29,15000,40,2,2016,202603~202803,Y,N,,,N,N
중곡동,villa,원진주택(34-29),ORIGINAL,34-29,긴고랑로19길 40,RENT,14.16,202601,28,2000,85,4,2018,202602~202802,Y,N,,,N,N
중곡동,villa,천호대로123길 43,ROAD_ADDR,121-8,천호대로123길 43,RENT,29.9,202601,28,11000,58,2,2019,202601~202801,N,N,7000.0,58.0,N,N
중곡동,villa,원가,ORIGINAL,646-13,능동로39길 14,RENT,18.13,202601,27,13000,64,4,2017,202601~202801,N,Y,13000.0,57.0,N,N
중곡동,villa,라움,ORIGINAL,296-61,용마산로28가길 10-3,RENT,29.99,202601,27,10000,52,2,2017,202603~202803,N,Y,10000.0,47.0,N,N
중곡동,officetel,정익제이타워1차,ORIGINAL,639-4,천호대로 531-1,RENT,16.37,202601,26,3000,76,4,2018,202603~202703,N,Y,3000.0,70.0,N,N
중곡동,officetel,정익제이타워2차,ORIGINAL,639-6,천호대로 537,RENT,15.93,202601,26,17000,15,7,2020,202604~202804,Y,N,,,N,N
중곡동,officetel,평강오피스텔,ORIGINAL,649-11,능동로37길 9,RENT,25.0,202601,26,200,100,8,2020,202602~202608,Y,N,,,N,N
중곡동,villa,긴고랑로20길 82,ROAD_ADDR,159-56,긴고랑로20길 82,RENT,19.56,202601,26,3000,65,5,2015,202602~202802,Y,N,,,N,Y
중곡동,villa,헤세드빌,ORIGINAL,189-49,면목로11길 28-13,RENT,29.82,202601,25,3000,80,3,2019,202602~202802,N,N,3000.0,79.0,N,N
중곡동,villa,헤세드빌,ORIGINAL,189-49,면목로11길 28-13,RENT,21.68,202601,25,3000,80,4,2019,-,,N,,,N,N
중곡동,villa,헤세드빌,ORIGINAL,189-49,면목로11길 28-13,RENT,29.82,202601,25,3000,80,2,2019,-,,N,,,N,N
중곡동,villa,능동로51길 25-8,ROAD_ADDR,220-71,능동로51길 25-8,RENT,30.08,202601,25,2000,68,4,2017,202602~202802,N,N,2000.0,65.0,N,Y
중곡동,villa,능동로51길 25-8,ROAD_ADDR,220-71,능동로51길 25-8,RENT,16.5,202601,25,2000,75,4,2017,202602~202802,N,N,1000.0,75.0,N,N
중곡동,villa,퍼시픽빌리지A동,ORIGINAL,170-19,능동로55길 43,RENT,37.07,202601,25,16000,3,3,1993,202604~202803,N,Y,16000.0,0.0,N,N
중곡동,villa,다우하우스,ORIGINAL,35-3,능동로48길 65,RENT,27.27,202601,24,23600,10,2,2018,202603~202803,Y,N,,,N,N
중곡동,villa,영동공영빌라,ORIGINAL,147-34,용마산로12길 7,RENT,39.33,202601,24,10000,30,3,1991,202602~202802,Y,N,,,N,N
중곡동,villa,긴고랑로3길 22,ROAD_ADDR,233-9,긴고랑로3길 22,RENT,17.36,202601,24,1000,42,2,2012,202603~202803,Y,N,,,Y,Y
중곡동,villa,성원빌라,ORIGINAL,100-3,영화사로3가길 20,RENT,39.21,202601,24,12300,10,2,1991,202603~202803,Y,N,,,N,N
중곡동,villa,HJTOWER,ORIGINAL,110-32,자양로51길 42,RENT,17.94,202601,24,1000,40,3,2012,202602~202802,N,N,1000.0,38.0,Y,Y
중곡동,villa,원가,ORIGINAL,646-13,능동로39길 14,RENT,17.15,202601,24,5000,75,4,2017,202602~202802,Y,N,,,N,N
중곡동,villa,클럽하우스3,ORIGINAL,53-3,천호대로113길 38-11,RENT,17.1,202601,23,1000,55,2,2013,202602~202802,Y,N,,,Y,Y
중곡동,villa,J캐슬,ORIGINAL,163-4,능동로 365,RENT,28.835,202601,23,22400,19,4,2017,202602~202802,Y,N,,,N,N
중곡동,villa,갤럭시빌,ORIGINAL,159-54,능동로40길 25,RENT,23.32,202601,23,9000,20,2,2002,202602~202802,Y,N,,,N,N
중곡동,officetel,위너스텔,ORIGINAL,190-3,동일로 418,RENT,20.35,202601,22,300,54,2,2003,202601~202701,N,N,300.0,53.0,Y,Y
중곡동,officetel,위너스텔,ORIGINAL,190-3,동일로 418,RENT,18.15,202601,22,500,52,6,2003,202601~202701,N,N,500.0,51.0,Y,Y
중곡동,officetel,정익제이타워1차,ORIGINAL,639-4,천호대로 531-1,RENT,16.22,202601,22,2000,83,12,2018,202601~202701,N,N,2000.0,80.0,N,N
중곡동,villa,청담Wstudio,ORIGINAL,41-11,긴고랑로16길 20,RENT,16.86,202601,22,10800,15,3,2012,202602~202802,Y,N,,,N,N
중곡동,villa,아뜰리에,ORIGINAL,341-3,능동로38길 38,RENT,14.01,202601,22,11000,24,6,2018,202603~202803,Y,N,,,N,N
중곡동,villa,긴고랑로20길 82,ROAD_ADDR,159-56,긴고랑로20길 82,RENT,16.53,202601,22,3000,80,5,2015,202602~202802,N,N,2000.0,80.0,N,N
중곡동,officetel,아지(AZ)0213,ORIGINAL,648-14,능동로37길 6,RENT,20.64,202601,21,1000,80,7,2015,202603~202803,Y,N,,,N,N
중곡동,villa,리조빌,ORIGINAL,632-6,동일로62길 27,RENT,14.19,202601,21,1000,46,3,2003,202601~202801,Y,N,,,Y,Y
중곡동,villa,영화사로9가길 53,ROAD_ADDR,103-7,영화사로9가길 53,RENT,35.12,202601,21,18000,20,2,2016,202603~202803,Y,N,,,N,N
중곡동,villa,휴먼에코빌1차,ORIGINAL,248-6,긴고랑로2길 3,RENT,29.37,202601,21,1352,18,5,2016,202602~202801,N,N,1302.0,17.0,Y,Y
중곡동,officetel,리아리움더언타워,ORIGINAL,157-17,천호대로109길 9,RENT,15.45,202601,20,2000,74,5,2017,202602~202802,N,Y,2000.0,70.0,N,N
중곡동,officetel,아지(AZ)0213,ORIGINAL,648-14,능동로37길 6,RENT,20.44,202601,20,3000,70,9,2015,202602~202702,Y,N,,,N,Y
중곡동,villa,청화주택,ORIGINAL,643-6,능동로39길 40,RENT,31.26,202601,20,7000,65,2,2003,202602~202802,N,Y,7000.0,65.0,N,N
중곡동,villa,긴고랑로1길 79,ROAD_ADDR,190-9,긴고랑로1길 79,RENT,17.48,202601,20,109,10,3,2013,202602~202801,N,N,109.0,10.0,Y,Y
중곡동,villa,참사랑캐슬,ORIGINAL,162-27,긴고랑로14길 47,RENT,26.02,202601,20,25900,15,2,2019,202602~202802,N,Y,25900.0,10.0,N,N
중곡동,villa,용마산로4길 34,ROAD_ADDR,89-24,용마산로4길 34,RENT,36.63,202601,19,19800,10,2,2012,202604~202804,Y,N,,,N,N
중곡동,villa,더블유루미너스,ORIGINAL,150-86,용마산로 88-7,RENT,25.59,202601,19,16000,15,3,2021,202602~202802,N,N,16000.0,15.0,N,N
중곡동,officetel,정익제이타워2차,ORIGINAL,639-6,천호대로 537,RENT,15.93,202601,17,1000,90,5,2020,202601~202701,N,N,1000.0,85.0,N,N
중곡동,officetel,리아리움더언타워,ORIGINAL,157-17,천호대로109길 9,RENT,15.56,202601,17,1000,80,10,2017,202602~202802,Y,N,,,N,N
중곡동,officetel,아스하임,ORIGINAL,157-6,천호대로 559,RENT,16.04,202601,17,1000,85,8,2019,202601~202801,Y,N,,,N,N
중곡동,villa,그랑시아,ORIGINAL,69-16,긴고랑로 155,RENT,18.0,202601,17,13500,7,4,2016,202602~202802,N,N,13500.0,7.0,N,N
중곡동,villa,용마산로22길 11-28,ROAD_ADDR,18-109,용마산로22길 11-28,RENT,16.87,202601,17,13000,35,2,2021,202602~202802,Y,N,,,N,N
중곡동,villa,진선미,ORIGINAL,624-24,면목로9길 17,RENT,34.96,202601,17,20000,10,3,2009,202604~202804,Y,N,,,N,N
중곡동,villa,베네하우스,ORIGINAL,580-8,답십리로76길 9,RENT,18.48,202601,17,500,42,1,2011,202601~202801,Y,N,,,Y,Y
중곡동,villa,용마산로22길 11-28,ROAD_ADDR,18-109,용마산로22길 11-28,RENT,16.87,202601,17,12000,43,2,2021,202602~202802,Y,N,,,N,N
중곡동,villa,답십리로84길 11,ROAD_ADDR,548-7,답십리로84길 11,RENT,37.56,202601,17,5000,73,4,2012,202602~202802,Y,N,,,N,N
중곡동,villa,원하우스,ORIGINAL,615-9,면목로9길 38,RENT,23.39,202601,17,12000,20,2,2008,202602~202802,Y,N,,,N,N
중곡동,villa,영화사로3나길 16,ROAD_ADDR,102-17,영화사로3나길 16,RENT,26.7,202601,17,1000,45,4,2015,202602~202802,Y,N,,,Y,Y
중곡동,officetel,정익제이타워2차,ORIGINAL,639-6,천호대로 537,RENT,15.93,202601,16,500,83,4,2020,202603~202703,Y,N,,,N,N
중곡동,villa,긴고랑로33길 28,ROAD_ADDR,58-11,긴고랑로33길 28,RENT,21.36,202601,16,15200,10,2,2019,202601~202801,N,N,15200.0,10.0,N,N
중곡동,villa,용마산로22길 19-21,ROAD_ADDR,18-116,용마산로22길 19-21,RENT,36.54,202601,16,23800,12,2,2016,202602~202802,N,Y,23000.0,10.0,N,N
중곡동,villa,용마산로22길 19-21,ROAD_ADDR,18-116,용마산로22길 19-21,RENT,36.54,202601,16,23000,14,2,2016,202602~202802,N,Y,23000.0,10.0,N,N
중곡동,villa,용마산로22길 19-21,ROAD_ADDR,18-116,용마산로22길 19-21,RENT,36.54,202601,16,23000,14,2,2016,202602~202802,N,Y,23000.0,10.0,N,N
중곡동,villa,천호대로119길 31,ROAD_ADDR,129-41,천호대로119길 31,RENT,19.79,202601,16,5000,80,4,2015,202603~202803,Y,N,,,N,N
중곡동,officetel,비버리캐슬,ORIGINAL,41-33,능동로 366,RENT,22.8,202601,15,10000,25,6,2004,202602~202802,N,N,8000.0,30.0,N,N
중곡동,officetel,아지(AZ)0213,ORIGINAL,648-14,능동로37길 6,RENT,20.44,202601,15,1000,80,4,2015,202601~202701,Y,N,,,N,N
중곡동,officetel,정익제이타워2차,ORIGINAL,639-6,천호대로 537,RENT,15.93,202601,15,2000,90,6,2020,202601~202801,Y,N,,,N,N
중곡동,villa,경민빌리지,ORIGINAL,175-29,동일로78길 55,RENT,35.45,202601,15,15000,60,2,2017,202603~202803,Y,N,,,N,N
중곡동,villa,용마산로32길 31-10,ROAD_ADDR,287-7,용마산로32길 31-10,RENT,36.95,202601,15,6000,59,1,2013,202602~202802,Y,N,,,Y,Y
중곡동,villa,원우주택,ORIGINAL,220-50,긴고랑로13길 73,RENT,30.33,202601,14,7000,40,2,2002,202603~202803,Y,N,,,Y,N
중곡동,villa,세종에코그린(69-5),ORIGINAL,69-5,긴고랑로 159,RENT,16.44,202601,14,5000,105,4,2015,202603~202803,Y,N,,,N,N
중곡동,officetel,리아리움더언타워,ORIGINAL,157-17,천호대로109길 9,RENT,17.47,202601,13,3000,75,7,2017,202601~202701,Y,N,,,N,N
중곡동,villa,마인하임158,ORIGINAL,158-18,능동로40길 10-5,RENT,20.45,202601,13,20700,9,5,2018,202602~202802,Y,N,,,N,N
중곡동,officetel,정익제이타워2차,ORIGINAL,639-6,천호대로 537,RENT,15.93,202601,12,2000,79,9,2020,202603~202703,N,N,2000.0,71.0,N,N
중곡동,villa,동민하이츠,ORIGINAL,48-1,천호대로109길 85,RENT,32.76,202601,12,7000,50,4,2003,202602~202802,Y,N,,,Y,N
중곡동,villa,영화사로9길 45,ROAD_ADDR,107-94,영화사로9길 45,RENT,19.09,202601,12,5000,100,4,2016,202603~202803,Y,N,,,N,N
중곡동,officetel,마인하임158,ORIGINAL,158-18,능동로40길 10-5,RENT,25.01,202601,10,5000,60,3,2018,202602~202802,Y,N,,,Y,Y
중곡동,officetel,아뜰리에,ORIGINAL,341-3,능동로38길 38,RENT,17.83,202601,10,12000,40,4,2018,202602~202702,Y,N,,,N,N
중곡동,officetel,아스하임,ORIGINAL,157-6,천호대로 559,RENT,16.73,202601,10,500,85,7,2019,202601~202701,Y,N,,,N,N
중곡동,officetel,비버리캐슬,ORIGINAL,41-33,능동로 366,RENT,28.12,202601,10,9000,45,4,2004,202601~202801,Y,N,,,N,N
중곡동,officetel,정익제이타워1차,ORIGINAL,639-4,천호대로 531-1,RENT,16.37,202601,10,9000,50,3,2018,202601~202701,N,Y,9000.0,50.0,N,N
중곡동,villa,긴고랑로8길 68,ROAD_ADDR,619-5,긴고랑로8길 68,RENT,19.47,202601,10,1000,55,2,2017,202602~202802,Y,N,,,Y,Y
중곡동,villa,하우젠블레스,ORIGINAL,18-91,용마산로22길 11-23,RENT,21.12,202601,10,16500,5,2,2019,202602~202802,Y,N,,,N,N
중곡동,villa,하우젠블레스,ORIGINAL,18-91,용마산로22길 11-23,RENT,21.12,202601,10,16500,5,2,2019,202602~202802,Y,N,,,N,N
중곡동,villa,아스하임(234-51),ORIGINAL,234-51,동일로70길 13,RENT,16.3,202601,10,9000,31,3,2022,202602~202802,N,Y,9000.0,30.0,N,N
중곡동,officetel,위너스텔,ORIGINAL,190-3,동일로 418,RENT,20.72,202601,09,500,52,4,2003,202601~202701,N,N,500.0,51.0,Y,Y
중곡동,villa,우서드림빌,ORIGINAL,36-4,능동로48길 64-6,RENT,17.33,202601,09,5000,60,4,2019,202603~202803,Y,N,,,Y,Y
중곡동,villa,해밀채,ORIGINAL,134-9,용마산로5길 57,RENT,29.81,202601,09,7000,69,3,2016,202603~202803,Y,N,,,N,N
중곡동,villa,로뎀하우스,ORIGINAL,138-29,용마산로3길 102,RENT,20.43,202601,09,22900,11,4,2019,202602~202802,Y,N,,,N,N
중곡동,villa,다드림하우스,ORIGINAL,685,동일로78길 22,RENT,12.9,202601,09,500,30,5,2012,202601~202701,N,N,500.0,29.0,Y,Y
중곡동,villa,해밀채,ORIGINAL,134-9,용마산로5길 57,RENT,29.81,202601,09,7000,69,3,2016,202603~202803,Y,N,,,N,N
중곡동,villa,그린빌라,ORIGINAL,608-5,용마산로 187,RENT,29.7237,202601,09,24800,25,6,2015,202603~202803,Y,N,,,N,N
중곡동,villa,월드하우스(21-1),ORIGINAL,21-1,용마산로22길 10,RENT,28.13,202601,09,24800,25,3,2021,202603~202803,Y,N,,,N,N
중곡동,officetel,아지(AZ)0213,ORIGINAL,648-14,능동로37길 6,RENT,20.44,202601,08,1000,80,7,2015,202602~202702,Y,N,,,N,N
중곡동,villa,중곡동퍼즐주택,ORIGINAL,150-300,용마산로8다길 21,RENT,36.58,202601,08,31000,10,3,2020,202602~202802,N,N,32620.0,0.0,N,N
중곡동,villa,긴고랑로38길 3-16,ROAD_ADDR,76-19,긴고랑로38길 3-16,RENT,30.36,202601,08,21000,4,3,2019,202602~202802,N,N,21000.0,0.0,N,N
중곡동,villa,이한하우스,ORIGINAL,30-42,능동로50길 31,RENT,20.68,202601,08,17000,17,2,2021,202602~202802,Y,N,,,N,N
중곡동,villa,중곡동퍼즐주택,ORIGINAL,150-300,용마산로8다길 21,RENT,36.58,202601,08,31000,10,3,2020,202602~202802,N,N,32620.0,0.0,N,N
중곡동,officetel,정익제이타워1차,ORIGINAL,639-4,천호대로 531-1,RENT,16.22,202601,07,3000,85,8,2018,202601~202701,Y,N,,,N,N
중곡동,villa,어반하우징,ORIGINAL,160-4,천호대로109길 49,RENT,25.92,202601,06,1884,19,3,2021,202601~202803,Y,N,,,Y,Y
중곡동,villa,에덴빌25차,ORIGINAL,30-69,용마산로21길 18-6,RENT,29.75,202601,06,25000,20,5,2020,202602~202802,Y,N,,,N,N
중곡동,villa,어반하우징,ORIGINAL,160-4,천호대로109길 49,RENT,25.68,202601,06,3996,7,3,2021,202601~202803,Y,N,,,Y,Y
중곡동,villa,어반하우징,ORIGINAL,160-4,천호대로109길 49,RENT,27.55,202601,06,4959,4,2,2021,202601~202803,Y,N,,,Y,Y
중곡동,villa,에덴빌25차,ORIGINAL,30-69,용마산로21길 18-6,RENT,29.75,202601,06,25000,20,5,2020,202602~202802,Y,N,,,N,N
중곡동,villa,어반하우징,ORIGINAL,160-4,천호대로109길 49,RENT,27.55,202601,06,2002,21,2,2021,202601~202803,Y,N,,,Y,Y
중곡동,villa,어반하우징,ORIGINAL,160-4,천호대로109길 49,RENT,25.68,202601,06,1845,19,3,2021,202601~202803,Y,N,,,Y,Y
중곡동,villa,긴고랑로44길 36,ROAD_ADDR,74-48,긴고랑로44길 36,RENT,38.38,202601,06,1000,55,1,1992,202601~202801,Y,N,,,Y,Y
중곡동,officetel,늘해랑,ORIGINAL,639-16,능동로37길 31-8,RENT,22.36,202601,05,1000,81,5,2021,202601~202701,Y,N,,,N,N
중곡동,villa,나산쉐르빌,ORIGINAL,18-3,용마산로28길 6,RENT,12.99,202601,05,7000,11,2,2013,202602~202802,N,N,8200.0,5.0,Y,N
중곡동,villa,럭스빌,ORIGINAL,564-7,답십리로80길 10,RENT,36.54,202601,05,19000,20,2,2012,202602~202802,Y,N,,,N,N
중곡동,villa,동일로62길 29,ROAD_ADDR,632-8,동일로62길 29,RENT,14.43,202601,05,4000,32,4,2002,202602~202702,Y,N,,,Y,Y
중곡동,villa,한성빌(646-20),ORIGINAL,646-20,긴고랑로14길 84,RENT,24.39,202601,04,15390,82,4,2016,202602~202802,Y,N,,,N,N
중곡동,villa,그랑시아,ORIGINAL,69-16,긴고랑로 155,RENT,36.67,202601,04,22000,8,2,2016,202602~202802,Y,N,,,N,N
중곡동,officetel,정익제이타워2차,ORIGINAL,639-6,천호대로 537,RENT,15.93,202601,03,500,83,3,2020,202601~202701,Y,N,,,N,N
중곡동,officetel,위너스텔,ORIGINAL,190-3,동일로 418,RENT,20.35,202601,03,500,54,3,2003,202601~202801,Y,N,,,Y,Y
중곡동,villa,우리빌(122-19),ORIGINAL,122-19,천호대로123길 52,RENT,36.63,202601,03,13000,20,5,2003,202602~202802,Y,N,,,N,N
중곡동,villa,위너스빌,ORIGINAL,73-35,긴고랑로46나길 4,RENT,27.9,202601,03,15000,14,3,2018,202603~202803,Y,N,,,N,N
중곡동,villa,영하우스,ORIGINAL,247-57,긴고랑로6길 20,RENT,14.64,202601,02,5000,80,4,2019,202601~202801,Y,N,,,N,N
중곡동,villa,베네하우스,ORIGINAL,580-8,답십리로76길 9,RENT,14.194,202601,02,500,37,4,2011,202601~202801,Y,N,,,Y,Y
중곡동,officetel,리아리움더언타워,ORIGINAL,157-17,천호대로109길 9,RENT,15.56,202601,01,1000,75,5,2017,202601~202712,N,N,1000.0,70.0,N,N
중곡동,officetel,비버리캐슬,ORIGINAL,41-33,능동로 366,RENT,22.2,202601,01,11000,15,4,2004,202601~202812,N,N,10000.0,10.0,N,N
중곡동,villa,하윤하이츠빌,ORIGINAL,689-7,동일로78길 40,RENT,29.68,202601,01,20000,50,4,2021,202601~202801,N,N,30000.0,0.0,N,N
중곡동,villa,준하우스빌(548-5),ORIGINAL,548-5,답십리로84길 7,RENT,32.215,202601,01,0,50,5,2012,202601~202712,Y,N,,,Y,Y
중곡동,officetel,아지(AZ)0213,ORIGINAL,648-14,능동로37길 6,RENT,20.44,202512,31,1000,80,12,2015,202601~202701,Y,N,,,N,N
중곡동,villa,답십리로84길 8-1,ROAD_ADDR,552-7,답십리로84길 8-1,RENT,34.17,202512,31,14500,40,2,2008,202602~202802,Y,N,,,N,N
중곡동,villa,아뜰리에,ORIGINAL,341-3,능동로38길 38,RENT,14.94,202512,31,11000,18,6,2018,202602~202802,Y,N,,,N,N
중곡동,villa,본클라쎄아이,ORIGINAL,126-52,천호대로123길 58,RENT,20.25,202512,31,15000,40,4,2016,202602~202802,Y,N,,,N,N
중곡동,officetel,아스하임,ORIGINAL,157-6,천호대로 559,RENT,16.04,202512,30,1000,85,7,2019,202601~202701,N,Y,1000.0,85.0,N,N
중곡동,villa,삼정빌딩,ORIGINAL,150-140,긴고랑로31길 33,RENT,21.52,202512,30,12000,30,3,2020,202602~202802,Y,N,,,N,N
중곡동,villa,천호대로107길 21,ROAD_ADDR,642-11,천호대로107길 21,RENT,37.56,202512,30,1000,60,2,2002,202601~202801,Y,N,,,Y,Y
중곡동,villa,타워파크빌(242-28),ORIGINAL,242-28,능동로43길 18-12,RENT,29.94,202512,30,789,39,3,2020,202601~202712,N,N,354.0,37.0,Y,Y
중곡동,villa,동양하우스,ORIGINAL,624-27,면목로9길 21,RENT,20.11,202512,30,500,50,5,2008,202512~202712,Y,N,,,Y,Y
중곡동,villa,청담Wstudio,ORIGINAL,41-11,긴고랑로16길 20,RENT,32.76,202512,30,5000,65,2,2012,202602~202802,N,Y,5000.0,65.0,N,Y
중곡동,villa,원진주택(34-29),ORIGINAL,34-29,긴고랑로19길 40,RENT,36.1,202512,30,2000,55,5,2018,202602~202802,Y,N,,,Y,Y
중곡동,officetel,정익제이타워2차,ORIGINAL,639-6,천호대로 537,RENT,15.93,202512,29,1000,81,6,2020,202601~202701,N,N,1000.0,77.0,N,N
중곡동,villa,삼정빌딩,ORIGINAL,150-140,긴고랑로31길 33,RENT,22.16,202512,29,17000,15,3,2020,202603~202803,Y,N,,,N,N
중곡동,officetel,정익제이타워2차,ORIGINAL,639-6,천호대로 537,RENT,15.93,202512,27,17000,18,5,2020,202602~202802,Y,N,,,N,N
중곡동,villa,용마산로8가길 56,ROAD_ADDR,150-320,용마산로8가길 56,RENT,29.4,202512,27,19000,8,2,2017,202602~202802,Y,N,,,N,N
중곡동,villa,명성리치빌,ORIGINAL,189-46,동일로76길 32,RENT,27.48,202512,26,2760,35,4,2020,202601~202801,Y,N,,,Y,Y
중곡동,villa,명성리치빌,ORIGINAL,189-46,동일로76길 32,RENT,27.48,202512,26,2760,35,4,2020,202601~202801,Y,N,,,Y,Y
중곡동,officetel,정익제이타워2차,ORIGINAL,639-6,천호대로 537,RENT,15.93,202512,25,17100,12,5,2020,202601~202801,N,N,18900.0,0.0,N,N
중곡동,officetel,정익제이타워2차,ORIGINAL,639-6,천호대로 537,RENT,15.93,202512,25,17100,7,5,2020,202601~202801,N,N,18900.0,0.0,N,N
중곡동,villa,파인트리,ORIGINAL,644-1,천호대로107길 54,RENT,15.34,202512,24,2000,49,6,2018,202602~202802,Y,N,,,Y,Y
중곡동,villa,J캐슬,ORIGINAL,163-4,능동로 365,RENT,26.972,202512,23,5000,110,3,2017,202601~202801,Y,N,,,N,N
중곡동,villa,동일로62길 13-7,ROAD_ADDR,634-2,동일로62길 13-7,RENT,21.89,202512,23,12000,25,4,2018,202601~202801,Y,N,,,N,N
중곡동,officetel,정익제이타워2차,ORIGINAL,639-6,천호대로 537,RENT,15.93,202512,22,17100,15,9,2020,202602~202802,Y,N,,,N,N
중곡동,villa,winners,ORIGINAL,243-21,긴고랑로10길 9,RENT,24.74,202512,22,8000,60,3,2020,202602~202802,Y,N,,,Y,N
중곡동,officetel,정익제이타워1차,ORIGINAL,639-4,천호대로 531-1,RENT,16.37,202512,20,1000,75,9,2018,202512~202712,N,Y,1000.0,72.0,N,N
중곡동,villa,욱현하이브,ORIGINAL,104-81,영화사로9가길 6-12,RENT,29.84,202512,20,2000,75,3,2009,202601~202801,Y,N,,,N,N
중곡동,villa,아트빌,ORIGINAL,162-23,긴고랑로14길 35,RENT,32.53,202512,20,2000,69,3,2003,202601~202801,Y,N,,,N,Y
중곡동,villa,긴고랑로8길 64,ROAD_ADDR,619-6,긴고랑로8길 64,RENT,37.5,202512,20,500,51,3,2010,202512~202712,Y,N,,,Y,Y
중곡동,villa,클럽하우스,ORIGINAL,138-13,천호대로111길 36-5,RENT,13.33,202512,20,7000,15,2,2011,202602~202802,Y,N,,,Y,N
중곡동,villa,라움,ORIGINAL,296-61,용마산로28가길 10-3,RENT,29.99,202512,20,10000,52,1,2017,202601~202801,N,N,10000.0,47.0,N,N
중곡동,villa,우서드림빌,ORIGINAL,36-4,능동로48길 64-6,RENT,29.6,202512,20,19400,17,3,2019,202603~202803,Y,N,,,N,N
중곡동,officetel,정익제이타워2차,ORIGINAL,639-6,천호대로 537,RENT,16.86,202512,19,5000,59,11,2020,202602~202702,Y,N,,,Y,Y
중곡동,villa,하우젠빌(104-76),ORIGINAL,104-76,영화사로9가길 4,RENT,11.88,202512,19,10000,80,4,2015,202601~202801,Y,N,,,N,N
중곡동,villa,우림하우스,ORIGINAL,191-35,면목로11길 19,RENT,35.62,202512,19,9000,40,2,2007,202601~202801,Y,N,,,N,N
중곡동,villa,정인로즈타운,ORIGINAL,172-1,능동로53길 13,RENT,25.24,202512,18,5000,60,1,1991,202601~202801,Y,N,,,Y,Y
중곡동,villa,fence,ORIGINAL,158-4,천호대로109길 15,RENT,12.13,202512,18,4000,60,4,2012,202601~202801,Y,N,,,Y,Y
중곡동,villa,SKY17,ORIGINAL,176-17,용마산로28길 51,RENT,18.5,202512,18,2000,59,4,2013,202602~202702,Y,N,,,Y,Y
중곡동,villa,이레하우스(256-48),ORIGINAL,256-48,긴고랑로8길 49,RENT,14.4,202512,18,10000,15,2,2018,202512~202712,Y,N,,,N,N
중곡동,villa,원봉빌딩,ORIGINAL,160-3,천호대로109길 53,RENT,28.94,202512,18,24300,5,4,2019,202601~202801,Y,N,,,N,N
중곡동,villa,천호대로113길 49-2,ROAD_ADDR,51-49,천호대로113길 49-2,RENT,15.54,202512,18,6000,18,4,2015,202601~202801,N,N,6000.0,16.0,Y,Y
중곡동,villa,한솔파크빌,ORIGINAL,643-8,능동로39길 36,RENT,24.435,202512,18,1000,81,3,2016,202602~202802,Y,N,,,N,N
중곡동,villa,JUNHOUSEROOM,ORIGINAL,107-59,영화사로9길 21,RENT,13.18,202512,17,1000,50,3,2011,202512~202712,Y,N,,,Y,Y
중곡동,officetel,정익제이타워1차,ORIGINAL,639-4,천호대로 531-1,RENT,16.37,202512,16,3000,80,4,2018,202601~202701,Y,N,,,N,N
중곡동,villa,윤호시티,ORIGINAL,258-26,긴고랑로10길 43,RENT,27.87,202512,16,3000,73,5,2019,202602~202802,Y,N,,,N,N
중곡동,villa,정원하이빌,ORIGINAL,62-50,용마산로8길 34,RENT,29.89,202512,16,25000,25,2,2020,202602~202802,Y,N,,,N,N
중곡동,villa,원진주택(34-29),ORIGINAL,34-29,긴고랑로19길 40,RENT,16.83,202512,15,1000,43,2,2018,202601~202801,Y,N,,,Y,Y
중곡동,villa,JUNHOUSEROOM,ORIGINAL,107-59,영화사로9길 21,RENT,14.5,202512,15,2000,48,1,2011,202601~202801,Y,N,,,Y,Y
중곡동,officetel,정익제이타워1차,ORIGINAL,639-4,천호대로 531-1,RENT,15.9,202512,13,1000,85,11,2018,202601~202801,Y,N,,,N,N
중곡동,officetel,아스하임,ORIGINAL,157-6,천호대로 559,RENT,16.04,202512,13,1000,85,10,2019,202602~202702,Y,N,,,N,N
중곡동,villa,긴고랑로3길 22,ROAD_ADDR,233-9,긴고랑로3길 22,RENT,39.06,202512,13,5000,61,4,2012,202602~202802,Y,N,,,N,Y
중곡동,officetel,정익제이타워2차,ORIGINAL,639-6,천호대로 537,RENT,15.93,202512,12,1000,84,6,2020,202512~202612,N,N,1000.0,84.0,N,N
중곡동,villa,긴고랑로38길 3-16,ROAD_ADDR,76-19,긴고랑로38길 3-16,RENT,30.36,202512,12,19950,4,2,2019,202602~202802,N,N,19950.0,0.0,N,N
중곡동,villa,그레이스힐,ORIGINAL,141-33,긴고랑로20길 83,RENT,29.94,202512,12,8000,55,3,2016,202602~202802,Y,N,,,Y,N
중곡동,officetel,정익제이타워2차,ORIGINAL,639-6,천호대로 537,RENT,15.93,202512,11,5000,60,4,2020,202603~202703,N,N,5000.0,57.0,Y,Y
중곡동,officetel,중곡에스하임3,ORIGINAL,119-9,천호대로 621,RENT,29.89,202512,11,100,35,4,2024,202512~202602,Y,N,,,Y,Y
중곡동,villa,국화주택,ORIGINAL,150-246,긴고랑로26길 20,RENT,19.77,202512,11,1000,50,5,2003,202601~202801,Y,N,,,Y,Y
중곡동,officetel,중곡에스하임3,ORIGINAL,119-9,천호대로 621,RENT,29.97,202512,10,2890,30,4,2024,202512~202802,Y,N,,,Y,Y
중곡동,officetel,중곡에스하임3,ORIGINAL,119-9,천호대로 621,RENT,29.89,202512,10,1394,33,5,2024,202512~202802,Y,N,,,Y,Y
중곡동,officetel,중곡에스하임3,ORIGINAL,119-9,천호대로 621,RENT,26.48,202512,10,1043,30,6,2024,202512~202802,Y,N,,,Y,Y
중곡동,officetel,중곡에스하임3,ORIGINAL,119-9,천호대로 621,RENT,26.48,202512,10,6463,5,6,2024,202512~202802,Y,N,,,Y,Y
중곡동,officetel,중곡에스하임3,ORIGINAL,119-9,천호대로 621,RENT,29.89,202512,10,1127,33,2,2024,202512~202802,Y,N,,,Y,Y
중곡동,officetel,중곡에스하임3,ORIGINAL,119-9,천호대로 621,RENT,29.89,202512,10,2819,29,2,2024,202512~202802,Y,N,,,Y,Y
중곡동,officetel,중곡에스하임3,ORIGINAL,119-9,천호대로 621,RENT,29.89,202512,10,2882,30,5,2024,202512~202802,Y,N,,,Y,Y
중곡동,officetel,중곡에스하임3,ORIGINAL,119-9,천호대로 621,RENT,26.48,202512,10,2609,27,6,2024,202512~202802,Y,N,,,Y,Y
중곡동,officetel,중곡에스하임3,ORIGINAL,119-9,천호대로 621,RENT,26.48,202512,10,2609,27,6,2024,202512~202802,Y,N,,,Y,Y
중곡동,villa,에덴빌13차,ORIGINAL,194-32,용마산로33길 5-10,RENT,32.4,202512,10,2000,55,5,2019,202512~202712,Y,N,,,Y,Y
중곡동,villa,정복빌라,ORIGINAL,147-136,용마산로8다길 14-8,RENT,22.78,202512,10,5000,41,5,2019,202512~202712,Y,N,,,Y,Y
중곡동,officetel,중곡에스하임3,ORIGINAL,119-9,천호대로 621,RENT,26.48,202512,09,3447,13,5,2024,202512~202802,Y,N,,,Y,Y
중곡동,officetel,중곡에스하임3,ORIGINAL,119-9,천호대로 621,RENT,29.89,202512,09,100,35,3,2024,202512~202802,Y,N,,,Y,Y
중곡동,officetel,중곡에스하임3,ORIGINAL,119-9,천호대로 621,RENT,26.48,202512,09,2609,27,4,2024,202512~202802,Y,N,,,Y,Y
중곡동,officetel,중곡에스하임3,ORIGINAL,119-9,천호대로 621,RENT,26.48,202512,09,2609,27,7,2024,202512~202802,Y,N,,,Y,Y
중곡동,officetel,중곡에스하임3,ORIGINAL,119-9,천호대로 621,RENT,26.48,202512,09,2553,26,2,2024,202512~202802,Y,N,,,Y,Y
중곡동,officetel,중곡에스하임3,ORIGINAL,119-9,천호대로 621,RENT,26.48,202512,09,100,32,5,2024,202512~202802,Y,N,,,Y,Y
중곡동,officetel,중곡에스하임3,ORIGINAL,119-9,천호대로 621,RENT,26.13,202512,09,2519,26,7,2024,202512~202802,Y,N,,,Y,Y
중곡동,officetel,중곡에스하임3,ORIGINAL,119-9,천호대로 621,RENT,26.13,202512,09,6239,5,7,2024,202512~202802,Y,N,,,Y,Y
중곡동,villa,청운명가(195-2),ORIGINAL,195-2,답십리로88길 34,RENT,25.69,202512,09,26000,4,4,2021,202601~202801,Y,N,,,N,N
중곡동,officetel,중곡에스하임3,ORIGINAL,119-9,천호대로 621,RENT,29.89,202512,08,2882,30,4,2024,202512~202802,Y,N,,,Y,Y
중곡동,officetel,중곡에스하임3,ORIGINAL,119-9,천호대로 621,RENT,26.48,202512,08,4701,6,6,2024,202512~202802,Y,N,,,Y,Y
중곡동,officetel,중곡에스하임3,ORIGINAL,119-9,천호대로 621,RENT,28.83,202512,08,1417,32,6,2024,202512~202802,Y,N,,,Y,Y
중곡동,officetel,중곡에스하임3,ORIGINAL,119-9,천호대로 621,RENT,28.83,202512,08,7037,6,5,2024,202512~202802,Y,N,,,Y,N
중곡동,officetel,중곡에스하임3,ORIGINAL,119-9,천호대로 621,RENT,29.89,202512,08,5514,15,4,2024,202512~202802,Y,N,,,Y,Y
중곡동,officetel,중곡에스하임3,ORIGINAL,119-9,천호대로 621,RENT,26.48,202512,08,6463,5,5,2024,202512~202802,Y,N,,,Y,Y
중곡동,officetel,중곡에스하임3,ORIGINAL,119-9,천호대로 621,RENT,26.48,202512,08,1043,30,5,2024,202512~202802,Y,N,,,Y,Y
중곡동,officetel,중곡에스하임3,ORIGINAL,119-9,천호대로 621,RENT,29.89,202512,08,1152,33,6,2024,202512~202802,Y,N,,,Y,Y
중곡동,officetel,정익제이타워2차,ORIGINAL,639-6,천호대로 537,RENT,15.93,202512,08,1000,84,5,2020,202602~202701,N,N,1000.0,80.0,N,N
중곡동,officetel,중곡에스하임3,ORIGINAL,119-9,천호대로 621,RENT,26.48,202512,08,2609,27,5,2024,202512~202802,Y,N,,,Y,Y
중곡동,officetel,중곡에스하임3,ORIGINAL,119-9,천호대로 621,RENT,28.83,202512,08,2841,29,5,2024,202512~202802,Y,N,,,Y,Y
중곡동,officetel,중곡에스하임3,ORIGINAL,119-9,천호대로 621,RENT,29.89,202512,08,2819,29,2,2024,202512~202802,Y,N,,,Y,Y
중곡동,officetel,중곡에스하임3,ORIGINAL,119-9,천호대로 621,RENT,26.48,202512,08,2609,27,4,2024,202512~202802,Y,N,,,Y,Y
중곡동,officetel,중곡에스하임3,ORIGINAL,119-9,천호대로 621,RENT,29.89,202512,08,2882,30,6,2024,202512~202802,Y,N,,,Y,Y
중곡동,officetel,중곡에스하임3,ORIGINAL,119-9,천호대로 621,RENT,26.48,202512,08,100,32,6,2024,202512~202802,Y,N,,,Y,Y
중곡동,officetel,중곡에스하임3,ORIGINAL,119-9,천호대로 621,RENT,26.48,202512,08,100,32,4,2024,202512~202802,Y,N,,,Y,Y
중곡동,officetel,중곡에스하임3,ORIGINAL,119-9,천호대로 621,RENT,26.48,202512,08,100,32,3,2024,202512~202802,Y,N,,,Y,Y
중곡동,officetel,중곡에스하임3,ORIGINAL,119-9,천호대로 621,RENT,26.48,202512,08,100,32,3,2024,202512~202802,Y,N,,,Y,Y
중곡동,officetel,중곡에스하임3,ORIGINAL,119-9,천호대로 621,RENT,26.48,202512,08,2609,27,5,2024,202512~202802,Y,N,,,Y,Y
중곡동,officetel,중곡에스하임3,ORIGINAL,119-9,천호대로 621,RENT,26.48,202512,08,2609,27,7,2024,202512~202802,Y,N,,,Y,Y
중곡동,officetel,중곡에스하임3,ORIGINAL,119-9,천호대로 621,RENT,28.83,202512,08,2841,29,6,2024,202512~202802,Y,N,,,Y,Y
중곡동,officetel,중곡에스하임3,ORIGINAL,119-9,천호대로 621,RENT,29.97,202512,08,2860,29,3,2024,202512~202802,Y,N,,,Y,Y
중곡동,officetel,중곡에스하임3,ORIGINAL,119-9,천호대로 621,RENT,29.89,202512,08,100,35,4,2024,202512~202802,Y,N,,,Y,Y
중곡동,officetel,중곡에스하임3,ORIGINAL,119-9,천호대로 621,RENT,29.89,202512,08,2882,30,6,2024,202512~202802,Y,N,,,Y,Y
중곡동,officetel,중곡에스하임3,ORIGINAL,119-9,천호대로 621,RENT,26.48,202512,08,2609,27,5,2024,202512~202802,Y,N,,,Y,Y
중곡동,villa,HESED,ORIGINAL,257-2,긴고랑로10길 46,RENT,21.46,202512,08,12000,49,3,2019,202601~202801,N,N,12000.0,44.0,N,N
중곡동,villa,원진주택(34-29),ORIGINAL,34-29,긴고랑로19길 40,RENT,31.5,202512,08,3000,90,2,2018,202512~202712,Y,N,,,N,N
중곡동,villa,베네하우스,ORIGINAL,580-8,답십리로76길 9,RENT,22.42,202512,08,500,47,4,2011,202601~202801,Y,N,,,Y,Y
중곡동,villa,준아트빌,ORIGINAL,133-21,천호대로117길 19,RENT,37.72,202512,08,3000,53,5,2008,202512~202712,N,Y,3000.0,50.0,Y,Y
중곡동,villa,용마산로30길 29-9,ROAD_ADDR,293-13,용마산로30길 29-9,RENT,38.55,202512,08,10000,35,2,2008,202602~202802,N,N,10000.0,25.0,N,N
중곡동,officetel,정익제이타워2차,ORIGINAL,639-6,천호대로 537,RENT,15.93,202512,06,14000,28,9,2020,202601~202801,Y,N,,,N,N
중곡동,officetel,정익제이타워2차,ORIGINAL,639-6,천호대로 537,RENT,15.93,202512,06,5000,70,2,2020,202601~202801,Y,N,,,N,Y
중곡동,villa,긴고랑로46가길 23,ROAD_ADDR,73-65,긴고랑로46가길 23,RENT,37.7,202512,06,12000,30,2,1996,202602~202802,Y,N,,,N,N
중곡동,villa,에덴빌2차,ORIGINAL,112-10,천호대로127길 38,RENT,29.46,202512,06,20000,8,2,2017,202601~202801,N,N,20000.0,9.0,N,N
중곡동,officetel,리아리움더언타워,ORIGINAL,157-17,천호대로109길 9,RENT,15.56,202512,05,3000,70,7,2017,202512~202712,Y,N,,,N,Y
중곡동,villa,용마산로5길 31,ROAD_ADDR,121-17,용마산로5길 31,RENT,29.55,202512,05,11000,44,3,2017,202601~202801,Y,N,,,N,N
중곡동,villa,라움,ORIGINAL,296-61,용마산로28가길 10-3,RENT,24.64,202512,05,1000,39,3,2017,202602~202802,Y,N,,,Y,Y
중곡동,villa,면목로12길 17,ROAD_ADDR,170-46,면목로12길 17,RENT,33.54,202512,05,3000,60,4,2003,202601~202801,Y,N,,,Y,Y
중곡동,officetel,아스하임,ORIGINAL,157-6,천호대로 559,RENT,16.73,202512,04,1000,85,7,2019,202512~202612,Y,N,,,N,N
중곡동,villa,원봉빌딩,ORIGINAL,160-3,천호대로109길 53,RENT,29.87,202512,04,24000,20,4,2019,202512~202712,N,Y,23000.0,19.0,N,N
중곡동,villa,능동로39길 37,ROAD_ADDR,641-1,능동로39길 37,RENT,31.27,202512,03,1000,39,2,2006,202512~202712,Y,N,,,Y,Y
중곡동,villa,왕성아트빌,ORIGINAL,633-8,천호대로103길 19,RENT,39.48,202512,03,13000,32,3,2003,202601~202801,Y,N,,,N,N
중곡동,villa,수빌리지,ORIGINAL,147-32,용마산로12길 11,RENT,28.13,202512,02,22800,14,2,2023,202512~202712,N,N,22800.0,10.0,N,N
중곡동,villa,파인트리,ORIGINAL,644-1,천호대로107길 54,RENT,23.61,202512,01,6000,76,4,2018,202602~202802,Y,N,,,N,N
중곡동,villa,비젼하우스(253-30),ORIGINAL,253-30,긴고랑로4길 52,RENT,21.0,202512,01,100,50,5,2008,202512~202602,Y,N,,,Y,Y
중곡동,officetel,위너스텔,ORIGINAL,190-3,동일로 418,RENT,20.35,202511,30,500,54,4,2003,202511~202611,N,N,500.0,52.0,Y,Y
중곡동,villa,하우젠빌(104-76),ORIGINAL,104-76,영화사로9가길 4,RENT,33.28,202511,30,23100,15,2,2015,202602~202802,N,N,23100.0,10.0,N,N
중곡동,villa,파인트리,ORIGINAL,644-1,천호대로107길 54,RENT,25.15,202511,29,12000,70,5,2018,202602~202802,Y,N,,,N,N
중곡동,villa,우리들빌,ORIGINAL,171-7,면목로12길 8-5,RENT,29.94,202511,29,23000,14,3,2017,202512~202712,N,Y,22000.0,15.0,N,N
중곡동,villa,연주빌,ORIGINAL,643-9,능동로39길 32,RENT,14.72,202511,29,1000,34,4,2002,202512~202712,Y,N,,,Y,Y
중곡동,officetel,리아리움더언타워,ORIGINAL,157-17,천호대로109길 9,RENT,14.3,202511,28,3000,60,4,2017,202512~202712,Y,N,,,Y,Y
중곡동,villa,HESED,ORIGINAL,257-2,긴고랑로10길 46,RENT,21.46,202511,28,12000,46,2,2019,202601~202801,N,N,12000.0,41.0,N,N
중곡동,villa,베네하우스,ORIGINAL,580-8,답십리로76길 9,RENT,16.929,202511,28,500,45,2,2011,202512~202712,Y,N,,,Y,Y
중곡동,villa,SKY17,ORIGINAL,176-17,용마산로28길 51,RENT,29.45,202511,28,2000,66,1,2013,202601~202701,Y,N,,,N,Y
중곡동,officetel,정익제이타워2차,ORIGINAL,639-6,천호대로 537,RENT,15.93,202511,27,3000,76,7,2020,202512~202612,N,N,3000.0,74.0,N,N
중곡동,villa,미래하이츠(190-31),ORIGINAL,190-31,동일로76길 8,RENT,36.48,202511,27,30000,15,3,2015,202602~202802,Y,N,,,N,N
중곡동,villa,이한하우스,ORIGINAL,30-42,능동로50길 31,RENT,22.83,202511,25,17000,21,2,2021,202602~202802,Y,N,,,N,N
중곡동,villa,선재네스빌,ORIGINAL,189-2,긴고랑로7길 103,RENT,31.59,202511,24,6000,100,4,2004,202512~202712,Y,N,,,N,N
중곡동,villa,해피온리치빌,ORIGINAL,142-18,천호대로111길 15,RENT,21.45,202511,24,5000,60,3,2013,202601~202801,Y,N,,,Y,Y
중곡동,villa,윤호시티,ORIGINAL,258-26,긴고랑로10길 43,RENT,19.79,202511,22,2000,56,3,2019,202512~202612,Y,N,,,Y,Y
중곡동,villa,"정수아트(A,B)",ORIGINAL,138-5,천호대로113길 13,RENT,31.87,202511,22,10000,50,5,2015,202512~202712,Y,N,,,N,N
중곡동,villa,원봉빌딩,ORIGINAL,160-3,천호대로109길 53,RENT,28.94,202511,22,24300,5,4,2019,202512~202712,Y,N,,,N,N
중곡동,villa,Ycastle,ORIGINAL,107-56,영화사로9길 25-4,RENT,29.93,202511,22,20000,11,3,2018,202512~202712,N,N,20000.0,7.0,N,N
중곡동,villa,그랑시아,ORIGINAL,69-16,긴고랑로 155,RENT,18.64,202511,22,10500,16,2,2016,202512~202712,N,N,10000.0,16.0,N,N
중곡동,villa,그랑시아,ORIGINAL,69-16,긴고랑로 155,RENT,18.64,202511,22,10500,16,2,2016,202512~202712,N,N,10000.0,16.0,N,N
중곡동,villa,Ycastle,ORIGINAL,107-56,영화사로9길 25-4,RENT,29.93,202511,22,20000,11,3,2018,202512~202712,Y,N,,,N,N
중곡동,villa,어반휴,ORIGINAL,233-25,동일로70길 25-10,RENT,32.64,202511,21,27300,9,2,2021,202601~202801,Y,N,,,N,N
중곡동,villa,현진빌라,ORIGINAL,107-96,영화사로7길 8,RENT,18.7,202511,21,12600,2,3,2011,202512~202712,N,N,12600.0,0.0,N,N
중곡동,villa,도시와사람,ORIGINAL,159-25,긴고랑로20길 76-1,RENT,29.95,202511,18,10000,65,3,2016,202511~202711,N,N,10000.0,60.0,N,N
중곡동,villa,샬롬하우스,ORIGINAL,132-2,용마산로1길 85,RENT,16.44,202511,18,1000,31,3,2003,202512~202712,Y,N,,,Y,Y
중곡동,villa,한성빌(646-20),ORIGINAL,646-20,긴고랑로14길 84,RENT,20.52,202511,18,2000,64,2,2016,202512~202712,Y,N,,,N,Y
중곡동,villa,테미뷰토피아,ORIGINAL,30-52,능동로50길 25-15,RENT,30.71,202511,17,3000,155,6,2022,202511~202711,Y,N,,,N,N
중곡동,officetel,평강오피스텔,ORIGINAL,649-11,능동로37길 9,RENT,25.0,202511,15,200,100,10,2020,202512~202603,Y,N,,,N,N
중곡동,officetel,정익제이타워1차,ORIGINAL,639-4,천호대로 531-1,RENT,15.9,202511,15,2000,80,4,2018,202512~202712,Y,N,,,N,N
중곡동,officetel,마인하임648,ORIGINAL,648-12,능동로37길 10-4,RENT,29.79,202511,15,5000,80,5,2017,202601~202801,Y,N,,,N,N
중곡동,villa,답십리로84길 8-1,ROAD_ADDR,552-7,답십리로84길 8-1,RENT,34.17,202511,15,14500,40,2,2008,202512~202712,Y,N,,,N,N
중곡동,villa,골드팰리스,ORIGINAL,18-110,용마산로22길 11-32,RENT,24.42,202511,15,16200,29,1,2018,202512~202712,N,N,16200.0,25.0,N,N
중곡동,officetel,정익제이타워1차,ORIGINAL,639-4,천호대로 531-1,RENT,16.37,202511,14,16200,10,3,2018,202512~202712,Y,N,,,N,N
중곡동,villa,연주빌,ORIGINAL,643-9,능동로39길 32,RENT,22.68,202511,14,1000,51,2,2002,202512~202712,Y,N,,,Y,Y
중곡동,villa,성윤빌라(21-3),ORIGINAL,21-3,용마산로22길 10-8,RENT,32.39,202511,13,5000,85,4,2014,202601~202801,Y,N,,,N,N
중곡동,villa,성윤빌라(21-3),ORIGINAL,21-3,용마산로22길 10-8,RENT,32.39,202511,13,5000,85,4,2014,202601~202801,Y,N,,,N,N
중곡동,villa,영화사로3길 45-1,ROAD_ADDR,75-26,영화사로3길 45-1,RENT,16.68,202511,13,10800,15,3,2019,202512~202712,Y,N,,,N,N
중곡동,villa,영화사로3길 45-1,ROAD_ADDR,75-26,영화사로3길 45-1,RENT,16.68,202511,13,10800,15,3,2019,202512~202712,Y,N,,,N,N
중곡동,villa,성윤빌라(21-3),ORIGINAL,21-3,용마산로22길 10-8,RENT,32.39,202511,13,5000,85,4,2014,202601~202801,Y,N,,,N,N
중곡동,officetel,정익제이타워2차,ORIGINAL,639-6,천호대로 537,RENT,15.93,202511,12,1000,86,13,2020,202512~202612,N,N,1000.0,81.0,N,N
중곡동,villa,진영,ORIGINAL,94-18,자양로45길 79,RENT,29.94,202511,12,20000,26,3,2019,202601~202801,Y,N,,,N,N
중곡동,villa,아스하임,ORIGINAL,142-16,능동로40길 40,RENT,17.01,202511,12,18700,8,2,2017,202512~202712,N,N,19845.0,0.0,N,N
중곡동,villa,헤라힐스,ORIGINAL,147-50,용마산로8다길 20,RENT,17.98,202511,11,7000,51,5,2017,202512~202612,Y,N,,,Y,N
중곡동,villa,베스트빌(540-4),ORIGINAL,540-4,용마산로33길 14,RENT,29.94,202511,11,3000,30,2,2011,202511~202611,Y,N,,,Y,Y
중곡동,officetel,정익제이타워2차,ORIGINAL,639-6,천호대로 537,RENT,15.93,202511,10,16000,14,9,2020,202512~202712,N,N,16000.0,10.0,N,N
중곡동,officetel,정익제이타워2차,ORIGINAL,639-6,천호대로 537,RENT,15.93,202511,10,3000,78,14,2020,202511~202611,Y,N,,,N,N
중곡동,villa,아스하임,ORIGINAL,142-16,능동로40길 40,RENT,17.01,202511,10,18700,11,3,2017,202601~202801,Y,N,,,N,N
중곡동,villa,긴고랑로10길 54-3,ROAD_ADDR,257-31,긴고랑로10길 54-3,RENT,32.43,202511,10,7000,35,-1,1974,202512~202712,Y,N,,,Y,N
중곡동,villa,용마산로22길 11-28,ROAD_ADDR,18-109,용마산로22길 11-28,RENT,16.87,202511,10,13000,30,2,2021,202601~202801,Y,N,,,N,N
중곡동,villa,아스하임,ORIGINAL,142-16,능동로40길 40,RENT,17.01,202511,10,18700,15,3,2017,202601~202801,Y,N,,,N,N
중곡동,villa,에덴빌3차,ORIGINAL,242-16,긴고랑로12길 11-7,RENT,29.93,202511,10,22800,5,3,2017,202601~202801,Y,N,,,N,N
중곡동,villa,아스하임,ORIGINAL,142-16,능동로40길 40,RENT,24.26,202511,09,25800,48,6,2017,202601~202801,Y,N,,,N,N
중곡동,villa,스위트하우젠,ORIGINAL,147-44,용마산로10길 13,RENT,21.26,202511,09,15400,17,3,2018,202511~202711,N,N,15400.0,13.0,N,N
중곡동,officetel,정익제이타워1차,ORIGINAL,639-4,천호대로 531-1,RENT,16.22,202511,08,16200,20,8,2018,202512~202712,Y,N,,,N,N
중곡동,officetel,정익제이타워1차,ORIGINAL,639-4,천호대로 531-1,RENT,15.97,202511,08,10000,45,4,2018,202512~202712,Y,N,,,N,N
중곡동,officetel,정익제이타워1차,ORIGINAL,639-4,천호대로 531-1,RENT,16.22,202511,08,16100,20,8,2018,202512~202712,Y,N,,,N,N
중곡동,officetel,아지(AZ)0213,ORIGINAL,648-14,능동로37길 6,RENT,20.44,202511,08,3000,70,8,2015,202512~202612,Y,N,,,N,Y
중곡동,villa,헤세드빌,ORIGINAL,189-49,면목로11길 28-13,RENT,20.48,202511,08,3000,76,4,2019,202512~202712,Y,N,,,N,N
중곡동,villa,윤호시티,ORIGINAL,258-26,긴고랑로10길 43,RENT,29.2,202511,08,5000,90,4,2019,202511~202711,Y,N,,,N,N
중곡동,villa,전원빌라,ORIGINAL,34-12,용마산로21길 36,RENT,36.37,202511,08,4000,95,4,2003,202512~202712,Y,N,,,N,N
중곡동,officetel,정익제이타워2차,ORIGINAL,639-6,천호대로 537,RENT,15.93,202511,07,1000,86,12,2020,202512~202612,Y,N,,,N,N
중곡동,villa,천호대로127길 43,ROAD_ADDR,96-41,천호대로127길 43,RENT,29.42,202511,07,21700,19,3,2018,202601~202801,Y,N,,,N,N
중곡동,villa,천호대로127길 43,ROAD_ADDR,96-41,천호대로127길 43,RENT,29.42,202511,07,21700,19,3,2018,202601~202801,Y,N,,,N,N
중곡동,villa,秀PLUS(행복한집),ORIGINAL,30-38,능동로50길 37-8,RENT,38.46,202511,07,18500,30,1,2014,202511~202711,N,Y,18500.0,25.0,N,N
중곡동,villa,스퀘어빌리지,ORIGINAL,150-233,용마산로7길 56,RENT,28.24,202511,07,5000,110,5,2020,202601~202801,Y,N,,,N,N
중곡동,officetel,리아리움더언타워,ORIGINAL,157-17,천호대로109길 9,RENT,17.47,202511,06,3000,72,7,2017,202511~202611,N,Y,3000.0,70.0,N,N
중곡동,villa,미래하우스빌,ORIGINAL,253-28,긴고랑로4길 36-4,RENT,27.95,202511,06,10000,30,4,2018,202512~202712,Y,N,,,N,N
중곡동,villa,아뜰리에,ORIGINAL,341-3,능동로38길 38,RENT,14.01,202511,06,11000,27,6,2018,202601~202801,Y,N,,,N,N
중곡동,villa,J캐슬,ORIGINAL,163-4,능동로 365,RENT,26.815,202511,06,20400,22,6,2017,202512~202712,N,N,20400.0,17.0,N,N
중곡동,villa,에덴빌2차,ORIGINAL,112-10,천호대로127길 38,RENT,29.46,202511,04,20000,11,3,2017,202602~202802,Y,N,,,N,N
중곡동,villa,답십리로84길 8-1,ROAD_ADDR,552-7,답십리로84길 8-1,RENT,34.17,202511,04,14500,40,2,2008,202512~202712,Y,N,,,N,N
중곡동,villa,이소빌,ORIGINAL,601-1,용마산로36길 24,RENT,33.52,202511,04,18500,9,1,2017,202512~202712,Y,N,,,N,N
중곡동,villa,에덴빌2차,ORIGINAL,112-10,천호대로127길 38,RENT,29.46,202511,04,19400,14,3,2017,202602~202802,Y,N,,,N,N
중곡동,officetel,정익제이타워2차,ORIGINAL,639-6,천호대로 537,RENT,15.93,202511,03,17000,15,9,2020,202512~202712,Y,N,,,N,N
중곡동,officetel,리아리움더언타워,ORIGINAL,157-17,천호대로109길 9,RENT,15.45,202511,03,500,78,4,2017,202511~202611,Y,N,,,N,N
중곡동,villa,월드하우스(21-1),ORIGINAL,21-1,용마산로22길 10,RENT,28.13,202511,03,22000,15,5,2021,-,,N,,,N,N
중곡동,villa,능동로57길 30-6,ROAD_ADDR,169-106,능동로57길 30-6,RENT,29.9,202511,03,2000,78,4,2017,202512~202712,Y,N,,,N,N
중곡동,villa,우리들빌,ORIGINAL,171-7,면목로12길 8-5,RENT,29.94,202511,03,23000,12,2,2017,202601~202801,N,Y,22000.0,12.0,N,N
중곡동,villa,긴고랑로3길 22,ROAD_ADDR,233-9,긴고랑로3길 22,RENT,39.27,202511,03,5000,59,3,2012,202512~202712,N,Y,5000.0,54.0,Y,Y
중곡동,villa,참사랑캐슬,ORIGINAL,162-27,긴고랑로14길 47,RENT,26.02,202511,03,26400,11,3,2019,202601~202801,N,N,25900.0,8.0,N,N
중곡동,villa,까사팰리스,ORIGINAL,290-4,용마산로 175,RENT,33.53,202511,02,15000,100,5,2022,202512~202712,Y,N,,,N,N
중곡동,officetel,정익제이타워2차,ORIGINAL,639-6,천호대로 537,RENT,15.93,202511,01,1000,90,14,2020,202511~202611,Y,N,,,N,N
중곡동,officetel,정익제이타워2차,ORIGINAL,639-6,천호대로 537,RENT,15.93,202511,01,3000,67,4,2020,202511~202611,N,N,3000.0,64.0,N,Y
중곡동,officetel,아지(AZ)0213,ORIGINAL,648-14,능동로37길 6,RENT,20.85,202511,01,1000,80,5,2015,202511~202611,Y,N,,,N,N
중곡동,villa,아정하우스,ORIGINAL,159-49,능동로40길 27-5,RENT,18.05,202511,01,1000,55,3,2017,202511~202711,Y,N,,,Y,Y
중곡동,villa,HJTOWER,ORIGINAL,110-32,자양로51길 42,RENT,17.9,202511,01,2000,24,3,2012,202511~202711,Y,N,,,Y,Y
중곡동,villa,선화빌라5차,ORIGINAL,113-9,천호대로129길 35,RENT,39.61,202511,01,1000,40,3,1995,202511~202710,Y,N,,,Y,Y
중곡동,officetel,정익제이타워2차,ORIGINAL,639-6,천호대로 537,RENT,15.93,202510,31,1000,80,6,2020,202511~202611,N,N,1000.0,77.0,N,N
중곡동,villa,원가,ORIGINAL,646-13,능동로39길 14,RENT,29.91,202510,31,10000,59,2,2017,202601~202801,N,Y,10000.0,55.0,N,N
중곡동,villa,아이빌,ORIGINAL,50-22,긴고랑로20길 45,RENT,35.87,202510,31,15000,25,5,2014,202511~202711,Y,N,,,N,N
중곡동,villa,긴고랑로10길 37,ROAD_ADDR,258-24,긴고랑로10길 37,RENT,28.87,202510,31,8000,50,3,2015,202510~202710,N,Y,8000.0,45.0,Y,N
중곡동,villa,까사팰리스,ORIGINAL,290-4, ,RENT,17.65,202510,30,2000,77,4,2022,202510~202710,N,N,2000.0,77.0,N,N
중곡동,villa,럭스빌,ORIGINAL,564-7,답십리로80길 10,RENT,36.54,202510,30,18500,10,2,2012,202510~202705,N,N,18900.0,5.0,N,N
중곡동,villa,긴고랑로46가길 23,ROAD_ADDR,73-65,긴고랑로46가길 23,RENT,38.76,202510,30,12600,14,2,1996,202511~202711,N,Y,12600.0,12.0,N,N
중곡동,villa,아뜰리에,ORIGINAL,341-3,능동로38길 38,RENT,14.94,202510,30,11000,30,8,2018,202512~202712,Y,N,,,N,N
중곡동,villa,용마산로33길 35,ROAD_ADDR,196-31,용마산로33길 35,RENT,33.56,202510,30,17300,15,2,2009,202512~202712,N,Y,16500.0,15.0,N,N
중곡동,villa,답십리로84길 11,ROAD_ADDR,548-7,답십리로84길 11,RENT,37.56,202510,29,21000,6,2,2012,202601~202801,Y,N,,,N,N
중곡동,villa,성산빌라,ORIGINAL,98-17,자양로53길 52,RENT,36.69,202510,29,11000,45,4,2009,202511~202711,N,N,11000.0,40.0,N,N
중곡동,officetel,홀가하우스,ORIGINAL,158-31,능동로38길 5-3,RENT,22.68,202510,28,300,100,11,2021,202511~202605,Y,N,,,N,N
중곡동,villa,자양로51길 66-4,ROAD_ADDR,97-17,자양로51길 66-4,RENT,14.35,202510,28,5000,90,5,2017,202511~202803,Y,N,,,N,N
중곡동,villa,수플러스2,ORIGINAL,548-12,답십리로86길 6,RENT,31.49,202510,28,20000,15,2,2016,202512~202712,Y,N,,,N,N
중곡동,villa,삼원제우스,ORIGINAL,150-222,긴고랑로26길 7-8,RENT,21.2,202510,28,2000,55,6,2016,202510~202710,Y,N,,,Y,Y
중곡동,officetel,정익제이타워2차,ORIGINAL,639-6,천호대로 537,RENT,15.93,202510,27,10000,50,5,2020,202512~202712,Y,N,,,N,N
중곡동,officetel,정익제이타워1차,ORIGINAL,639-4,천호대로 531-1,RENT,16.22,202510,27,1000,84,13,2018,202511~202611,N,N,1000.0,80.0,N,N
중곡동,officetel,정익제이타워1차,ORIGINAL,639-4,천호대로 531-1,RENT,16.37,202510,27,1000,85,8,2018,202511~202611,Y,N,,,N,N
중곡동,villa,대성예가(110-5),ORIGINAL,110-5,자양로53길 29,RENT,27.94,202510,27,10000,112,5,2018,202512~202712,N,Y,10000.0,105.0,N,N
중곡동,villa,더하임,ORIGINAL,88-20,영화사로 35-3,RENT,29.91,202510,27,7227,12,5,2022,202510~202710,Y,N,,,Y,N
중곡동,villa,신일예가,ORIGINAL,141-16,긴고랑로20길 75-3,RENT,14.0,202510,27,1000,90,4,2017,202512~202712,Y,N,,,N,N
중곡동,villa,긴고랑로33길 28,ROAD_ADDR,58-11,긴고랑로33길 28,RENT,21.36,202510,27,15200,10,2,2019,202511~202711,N,Y,15200.0,10.0,N,N
중곡동,villa,바론채,ORIGINAL,231-7,면목로 117,RENT,34.76,202510,27,5000,70,3,2020,202510~202604,Y,N,,,N,Y
중곡동,officetel,정익제이타워2차,ORIGINAL,639-6,천호대로 537,RENT,15.93,202510,25,1000,88,5,2020,202511~202611,N,N,1000.0,84.0,N,N
중곡동,villa,하우징허브이어짐,ORIGINAL,124-55,긴고랑로30길 39,RENT,28.84,202510,25,23000,20,6,2017,202511~202711,N,Y,23000.0,15.0,N,N
중곡동,villa,영화사로7길 44,ROAD_ADDR,107-101,영화사로7길 44,RENT,21.77,202510,25,5000,45,3,2017,202512~202712,Y,N,,,Y,Y
중곡동,villa,현진에코빌(173-41),ORIGINAL,173-41,긴고랑로7길 96,RENT,33.89,202510,25,22400,20,4,2016,202512~202712,Y,N,,,N,N
중곡동,officetel,평강오피스텔,ORIGINAL,649-11,능동로37길 9,RENT,28.4,202510,24,300,100,5,2020,202511~202602,Y,N,,,N,N
중곡동,officetel,리아리움더언타워,ORIGINAL,157-17,천호대로109길 9,RENT,17.47,202510,24,1000,85,11,2017,202512~202612,Y,N,,,N,N
중곡동,villa,에덴빌27차,ORIGINAL,111-20,자양로51길 35,RENT,17.2,202510,24,200,95,3,2021,202510~202601,Y,N,,,N,N
중곡동,officetel,리아리움더언타워,ORIGINAL,157-17,천호대로109길 9,RENT,15.45,202510,23,2000,75,8,2017,202511~202711,Y,N,,,N,N
중곡동,officetel,정익제이타워2차,ORIGINAL,639-6,천호대로 537,RENT,15.93,202510,23,2000,85,13,2020,202511~202711,Y,N,,,N,N
중곡동,villa,파인트리,ORIGINAL,644-1,천호대로107길 54,RENT,24.63,202510,23,19400,14,3,2018,202512~202712,Y,N,,,N,N
중곡동,villa,라움,ORIGINAL,296-61,용마산로28가길 10-3,RENT,29.95,202510,23,20000,8,1,2017,202512~202712,N,N,20000.0,4.0,N,N
중곡동,villa,마레빌,ORIGINAL,220-84,긴고랑로9길 44,RENT,31.15,202510,23,7000,85,4,2015,202510~202710,N,N,7000.0,80.0,N,N
중곡동,officetel,정익제이타워2차,ORIGINAL,639-6,천호대로 537,RENT,15.93,202510,22,1000,82,12,2020,202511~202611,Y,N,,,N,N
중곡동,officetel,정익제이타워2차,ORIGINAL,639-6,천호대로 537,RENT,15.93,202510,21,3000,75,3,2020,202512~202612,Y,N,,,N,N
중곡동,officetel,정익제이타워2차,ORIGINAL,639-6,천호대로 537,RENT,15.93,202510,21,2000,85,12,2020,202511~202711,Y,N,,,N,N
중곡동,villa,서원주택,ORIGINAL,33-53,긴고랑로19길 45,RENT,18.27,202510,21,1000,58,3,2013,202511~202711,Y,N,,,Y,Y
중곡동,villa,에덴빌3차,ORIGINAL,242-16,긴고랑로12길 11-7,RENT,28.13,202510,21,12000,60,4,2017,202511~202711,Y,N,,,N,N
중곡동,villa,더리치,ORIGINAL,235-22,긴고랑로1길 35,RENT,26.21,202510,21,3361,15,2,2020,-,,N,,,Y,Y
중곡동,villa,연리지,ORIGINAL,166-21,긴고랑로13길 66,RENT,39.08,202510,20,28000,20,2,2015,202511~202711,Y,N,,,N,N
중곡동,villa,긴고랑로8길 64,ROAD_ADDR,619-6,긴고랑로8길 64,RENT,37.5,202510,20,500,50,2,2010,202510~202710,Y,N,,,Y,Y
중곡동,villa,원진주택(34-29),ORIGINAL,34-29,긴고랑로19길 40,RENT,16.83,202510,18,1000,46,3,2018,202511~202711,Y,N,,,Y,Y
중곡동,villa,바른채,ORIGINAL,624-15,동일로64길 27,RENT,29.95,202510,18,20000,21,3,2018,202510~202710,N,N,20000.0,16.0,N,N
중곡동,villa,아정하우스,ORIGINAL,159-49,능동로40길 27-5,RENT,29.88,202510,18,1000,54,3,2017,202601~202801,N,N,1000.0,52.0,Y,Y
중곡동,officetel,정익제이타워2차,ORIGINAL,639-6,천호대로 537,RENT,15.93,202510,17,1000,90,13,2020,202510~202710,Y,N,,,N,N
중곡동,villa,삼정빌딩,ORIGINAL,150-140,긴고랑로31길 33,RENT,29.97,202510,17,21000,20,4,2020,202511~202711,N,N,21000.0,20.0,N,N
중곡동,villa,삼정빌딩,ORIGINAL,150-140,긴고랑로31길 33,RENT,29.97,202510,17,21000,20,4,2020,202511~202711,N,N,21000.0,20.0,N,N
중곡동,villa,능동로50길 59,ROAD_ADDR,28-23,능동로50길 59,RENT,21.55,202510,17,1000,51,4,2004,202511~202711,Y,N,,,Y,Y
중곡동,villa,용마산로31길 8-4,ROAD_ADDR,194-2,용마산로31길 8-4,RENT,25.08,202510,17,13650,11,3,2019,202511~202711,N,N,13000.0,11.0,N,N
중곡동,officetel,아지(AZ)0213,ORIGINAL,648-14,능동로37길 6,RENT,20.44,202510,16,1000,63,5,2015,202510~202610,N,N,1000.0,60.0,N,Y
중곡동,villa,더블유루미너스,ORIGINAL,150-86,용마산로 88-7,RENT,28.78,202510,16,21400,30,4,2021,202512~202712,Y,N,,,N,N
중곡동,villa,진윤아르페빌,ORIGINAL,211-19,답십리로82길 43,RENT,24.93,202510,15,6000,95,4,2022,202511~202711,Y,N,,,N,N
중곡동,villa,영화사로3나길 16,ROAD_ADDR,102-17,영화사로3나길 16,RENT,29.875,202510,15,17380,4,2,2015,202511~202711,Y,N,,,N,N
중곡동,villa,영화사로3나길 16,ROAD_ADDR,102-17,영화사로3나길 16,RENT,29.875,202510,15,17380,5,2,2015,202511~202711,Y,N,,,N,N
중곡동,villa,공간행복(36-3),ORIGINAL,36-3,긴고랑로23길 20-3,RENT,29.91,202510,15,19000,26,2,2018,202512~202712,Y,N,,,N,N
중곡동,villa,위너스빌,ORIGINAL,73-35,긴고랑로46나길 4,RENT,32.31,202510,14,18750,2,4,2018,202512~202712,Y,N,,,N,N
중곡동,villa,위너스빌,ORIGINAL,73-35,긴고랑로46나길 4,RENT,32.31,202510,14,18750,2,4,2018,202512~202712,Y,N,,,N,N
중곡동,villa,금상빌리지,ORIGINAL,191-128,동일로72길 23-1,RENT,29.86,202510,13,5000,80,3,2017,202511~202711,Y,N,,,N,N
중곡동,officetel,정익제이타워1차,ORIGINAL,639-4,천호대로 531-1,RENT,16.37,202510,12,15900,20,14,2018,202512~202712,Y,N,,,N,N
중곡동,officetel,아스하임,ORIGINAL,157-6,천호대로 559,RENT,16.73,202510,11,1000,90,7,2019,202511~202611,Y,N,,,N,N
중곡동,officetel,비버리캐슬,ORIGINAL,41-33,능동로 366,RENT,28.12,202510,11,7500,35,6,2004,202511~202711,Y,N,,,Y,N
중곡동,villa,천호대로119길 31,ROAD_ADDR,129-41,천호대로119길 31,RENT,36.415,202510,11,12000,50,3,2015,202510~202710,Y,N,,,N,N
중곡동,officetel,정익제이타워2차,ORIGINAL,639-6,천호대로 537,RENT,15.93,202510,10,1000,75,2,2020,202510~202610,Y,N,,,N,N
중곡동,villa,HJTOWER,ORIGINAL,110-32,자양로51길 42,RENT,16.15,202510,10,1000,42,2,2012,202510~202710,N,N,1000.0,40.0,Y,Y
중곡동,officetel,위너스텔,ORIGINAL,190-3,동일로 418,RENT,18.15,202510,06,500,52,4,2003,202510~202610,N,N,500.0,51.0,Y,Y
중곡동,officetel,비버리캐슬,ORIGINAL,41-33,능동로 366,RENT,28.12,202510,02,10000,40,3,2004,202511~202711,Y,N,,,N,N
중곡동,officetel,정익제이타워2차,ORIGINAL,639-6,천호대로 537,RENT,15.93,202510,02,1000,84,14,2020,202510~202610,Y,N,,,N,N
중곡동,villa,하우젠빌(104-76),ORIGINAL,104-76,영화사로9가길 4,RENT,33.28,202510,02,18000,50,1,2015,202511~202711,Y,N,,,N,N
중곡동,villa,하우젠빌(104-76),ORIGINAL,104-76,영화사로9가길 4,RENT,33.28,202510,02,18000,58,1,2015,202511~202711,Y,N,,,N,N
중곡동,officetel,정익제이타워2차,ORIGINAL,639-6,천호대로 537,RENT,15.93,202510,01,10950,43,7,2020,202512~202712,Y,N,,,N,N
중곡동,villa,이안채B,ORIGINAL,194-47,용마산로31길 12-7,RENT,22.58,202510,01,5000,50,4,2017,202510~202709,N,N,15000.0,0.0,Y,Y
중곡동,villa,연주빌,ORIGINAL,643-9,능동로39길 32,RENT,19.32,202509,30,1000,45,2,2002,202511~202711,Y,N,,,Y,Y
중곡동,villa,천호대로117길 37,ROAD_ADDR,134-17,천호대로117길 37,RENT,19.16,202509,30,1000,58,5,2018,202510~202601,Y,N,,,Y,Y
화양동,officetel,빌리브 인테라스,ORIGINAL,111-12,능동로 172,RENT,16.88,202609,28,5000,85,6,2021,202610~202710,Y,N,,,N,N
화양동,officetel,광진캠퍼스시티,ORIGINAL,21-20,동일로 178,RENT,17.49,202609,23,1000,75,9,2017,202609~202709,Y,N,,,N,N
화양동,officetel,글로벌시티,ORIGINAL,49-12,아차산로 205,RENT,20.61,202609,18,1000,63,4,2003,202609~202809,Y,N,,,N,Y
화양동,villa,화양동프라하임,ORIGINAL,94-9,능동로 165-1,RENT,22.72,202609,18,4140,27,3,2022,202610~202809,N,N,5848.0,23.0,Y,Y
화양동,villa,군자로 36-8,ROAD_ADDR,132-8,군자로 36-8,RENT,18.9,202609,17,5000,35,1,1990,202611~202811,Y,N,,,Y,Y
화양동,villa,화양동프라하임,ORIGINAL,94-9,능동로 165-1,RENT,22.86,202609,15,8420,12,4,2022,202610~202809,N,N,5848.0,23.0,N,N
화양동,officetel,광진캠퍼스시티,ORIGINAL,21-20,동일로 178,RENT,24.38,202609,14,16000,35,4,2017,202610~202810,Y,N,,,N,N
화양동,officetel,하이뷰오피스텔,ORIGINAL,193,광나루로 386,RENT,18.43,202609,12,15000,43,16,2020,202609~202809,N,N,15000.0,38.0,N,N
화양동,villa,썬앤영,ORIGINAL,9-32,아차산로29길 28-9,RENT,20.13,202609,12,5000,53,2,2013,202609~202809,Y,N,,,Y,Y
화양동,villa,듀플랙스,ORIGINAL,20-29,동일로30길 20,RENT,16.95,202609,12,1000,170,9,2023,202609~202808,Y,N,,,N,N
화양동,officetel,화양 디펠리체,ORIGINAL,18-9,광나루로 358,RENT,20.45,202609,11,1000,84,10,2019,202610~202810,Y,N,,,N,N
화양동,officetel,BLUE SKY,ORIGINAL,111-73,능동로19길 23,RENT,18.25,202609,11,1000,63,8,2018,202609~202809,Y,N,,,N,Y
화양동,officetel,광진캠퍼스시티,ORIGINAL,21-20,동일로 178,RENT,16.08,202609,10,1000,80,8,2017,202610~202710,Y,N,,,N,N
화양동,officetel,광진캠퍼스시티,ORIGINAL,21-20,동일로 178,RENT,16.08,202609,10,12000,30,9,2017,202610~202810,Y,N,,,N,N
화양동,officetel,더하우스인,ORIGINAL,20-10,광나루로14길 24,RENT,31.01,202609,10,5000,90,3,2018,202610~202810,Y,N,,,N,N
화양동,officetel,하이뷰오피스텔,ORIGINAL,193,광나루로 386,RENT,18.43,202609,09,23100,6,19,2020,202610~202810,Y,N,,,N,N
화양동,villa,로제트화양빌,ORIGINAL,19-9,광나루로16길 12,RENT,29.73,202609,08,19430,2,5,2014,202609~202809,N,N,19000.0,0.0,N,N
화양동,officetel,광나루로20길 34,ROAD_ADDR,111-89,광나루로20길 34,RENT,27.12,202609,07,500,100,3,2021,202609~202709,Y,N,,,N,N
화양동,officetel,화양동 프라하임,ORIGINAL,94-9,능동로 165-1,RENT,27.05,202609,07,1000,170,6,2022,202609~202709,Y,N,,,N,N
화양동,villa,무지개하우스41-2,ORIGINAL,41-2,동일로26길 8,RENT,18.6,202609,07,1000,73,3,2015,202609~202809,Y,N,,,N,N
화양동,villa,능동로17길 17,ROAD_ADDR,103,능동로17길 17,RENT,14.89,202609,06,8900,10,6,2012,202609~202809,N,N,12000.0,0.0,N,N
화양동,officetel,광진 코지웰,ORIGINAL,113-1,능동로19길 35,RENT,19.53,202609,04,1000,75,14,2014,202609~202809,Y,N,,,N,N
화양동,officetel,화양 디펠리체,ORIGINAL,18-9,광나루로 358,RENT,20.45,202609,04,3000,80,7,2019,202611~202711,N,N,6000.0,64.0,N,N
화양동,villa,모아빌,ORIGINAL,32-2,동일로28길 48,RENT,29.92,202609,04,500,60,5,2016,202609~202809,Y,N,,,Y,Y
화양동,officetel,빌리브 인테라스,ORIGINAL,111-12,능동로 172,RENT,16.88,202609,03,10000,67,7,2021,202609~202709,N,N,10000.0,63.0,N,N
화양동,officetel,광나루로20길 34,ROAD_ADDR,111-89,광나루로20길 34,RENT,17.48,202609,03,500,100,3,2021,202609~202709,Y,N,,,N,N
화양동,officetel,아스하임,ORIGINAL,17-16,군자로 43,RENT,18.83,202609,02,3000,70,6,2016,202609~202702,Y,N,,,N,Y
화양동,villa,퍼스트하우스,ORIGINAL,1-1,능동로15길 19,RENT,15.98,202609,02,3000,66,4,2014,202609~202809,Y,N,,,N,Y
화양동,villa,하늘빛하우스(31-19),ORIGINAL,31-19,아차산로21길 98-3,RENT,19.6,202609,01,1000,69,3,2015,202609~202808,Y,N,,,N,Y
화양동,villa,화양동복합빌딩(75-3),ORIGINAL,75-3,군자로6길 22,RENT,18.64,202609,01,5000,48,7,2016,202609~202809,N,Y,5000.0,45.0,Y,Y
화양동,officetel,건대 트레비앙 오피스텔,ORIGINAL,174,광나루로 374,RENT,18.66,202608,30,1000,105,9,2023,202608~202708,Y,N,,,N,N
화양동,officetel,아스하임,ORIGINAL,17-16,군자로 43,RENT,18.83,202608,30,1000,100,5,2016,202608~202808,Y,N,,,N,N
화양동,officetel,동일로28길 49-11,ROAD_ADDR,17-60,동일로28길 49-11,RENT,13.68,202608,29,500,60,2,2014,202609~202808,Y,N,,,Y,Y
화양동,officetel,신원리브웰 화양동 주상복합,ORIGINAL,111-88,능동로 170,RENT,15.27,202608,29,1000,90,8,2019,202608~202702,Y,N,,,N,N
화양동,officetel,엘리시안파크,ORIGINAL,132-75,군자로 46,RENT,11.7,202608,29,1000,90,10,2015,202608~202808,Y,N,,,N,N
화양동,officetel,까사펠리즈 화양,ORIGINAL,23-37,광나루로12길 20,RENT,27.21,202608,29,4000,120,4,2025,202608~202708,Y,N,,,N,N
화양동,villa,한신하우스,ORIGINAL,75-2,군자로6길 24,RENT,14.88,202608,29,5000,11,5,2012,202611~202711,N,N,5000.0,8.0,Y,Y
화양동,officetel,라벨메종,ORIGINAL,19-13,광나루로14길 33,RENT,18.56,202608,28,7000,50,3,2013,202608~202808,Y,N,,,Y,N
화양동,officetel,건대 트레비앙 오피스텔,ORIGINAL,174,광나루로 374,RENT,17.46,202608,28,1000,110,7,2023,202608~202708,Y,N,,,N,N
화양동,officetel,광진캠퍼스시티,ORIGINAL,21-20,동일로 178,RENT,16.08,202608,28,1000,80,11,2017,202609~202709,Y,N,,,N,N
화양동,officetel,정익제이타워2차102동,ORIGINAL,111-37,광나루로18길 15,RENT,15.67,202608,28,1000,150,7,2022,202611~202705,Y,N,,,N,N
화양동,villa,아차산로23길 84,ROAD_ADDR,33-5,아차산로23길 84,RENT,29.89,202608,28,1000,130,3,2020,202608~202808,Y,N,,,N,N
화양동,officetel,더 퍼스트,ORIGINAL,121-9,능동로19길 49,RENT,38.75,202608,27,1000,74,3,2022,202609~202809,Y,N,,,N,N
화양동,officetel,정익제이타워2차102동,ORIGINAL,111-37,광나루로18길 15,RENT,15.67,202608,27,1000,150,2,2022,202608~202708,Y,N,,,N,N
화양동,officetel,세종에버그린,ORIGINAL,17-92,광나루로16길 21,RENT,33.53,202608,27,26000,15,7,2018,202610~202810,Y,N,,,N,N
화양동,officetel,광진캠퍼스시티,ORIGINAL,21-20,동일로 178,RENT,16.08,202608,27,1000,75,16,2017,202608~202708,Y,N,,,N,N
화양동,villa,비다펠리즈,ORIGINAL,2-22,능동로 153-1,RENT,15.2,202608,27,3000,81,9,2021,202610~202810,Y,N,,,N,N
화양동,villa,비다펠리즈,ORIGINAL,2-22,능동로 153-1,RENT,15.2,202608,27,3000,81,9,2021,202610~202810,Y,N,,,N,N
화양동,officetel,건대 트레비앙 오피스텔,ORIGINAL,174,광나루로 374,RENT,17.46,202608,26,300,113,14,2023,202608~202708,Y,N,,,N,N
화양동,officetel,건대 트레비앙 오피스텔,ORIGINAL,174,광나루로 374,RENT,18.66,202608,26,1000,100,14,2023,202608~202708,Y,N,,,N,N
화양동,officetel,엘리시안파크,ORIGINAL,132-75,군자로 46,RENT,16.18,202608,26,1000,85,3,2015,202609~202802,Y,N,,,N,N
화양동,officetel,광진청년생활,ORIGINAL,18-12,동일로30길 31,RENT,20.28,202608,26,100,28,18,2024,202608~202812,Y,N,,,Y,Y
화양동,villa,동일로26길 54,ROAD_ADDR,35-55,동일로26길 54,RENT,34.83,202608,26,500,66,3,2010,202610~202810,N,N,500.0,63.0,N,Y
화양동,officetel,KCC파크타운,ORIGINAL,527,광나루로 410,RENT,25.79,202608,25,1000,80,14,2005,202609~202709,Y,N,,,N,N
화양동,officetel,능동로19길 15,ROAD_ADDR,112-14,능동로19길 15,RENT,15.86,202608,25,1000,90,10,2015,202608~202808,Y,N,,,N,N
화양동,villa,무지개하우스41-2,ORIGINAL,41-2,동일로26길 8,RENT,15.1,202608,25,1000,70,3,2015,202608~202808,Y,N,,,N,Y
화양동,officetel,케이타워 오피스텔 A,ORIGINAL,21-23,광나루로14길 8,RENT,19.93,202608,24,3000,90,13,2013,202609~202708,Y,N,,,N,N
화양동,officetel,까사펠리즈 화양,ORIGINAL,23-37,광나루로12길 20,RENT,24.54,202608,24,4000,120,7,2025,202608~202708,Y,N,,,N,N
화양동,officetel,화양 디펠리체,ORIGINAL,18-9,광나루로 358,RENT,20.42,202608,24,1000,90,7,2019,202608~202808,Y,N,,,N,N
화양동,officetel,글로벌시티,ORIGINAL,49-12,아차산로 205,RENT,20.61,202608,24,1000,69,6,2003,202609~202809,Y,N,,,N,Y
화양동,villa,참하우스,ORIGINAL,44-23,동일로22길 23-5,RENT,18.9,202608,24,1000,100,5,2018,202608~202808,Y,N,,,N,N
화양동,officetel,케이타워 오피스텔 A,ORIGINAL,21-23,광나루로14길 8,RENT,19.93,202608,22,12000,50,14,2013,202609~202809,Y,N,,,N,N
화양동,officetel,하이뷰오피스텔,ORIGINAL,193,광나루로 386,RENT,18.57,202608,22,2000,100,17,2020,202609~202709,Y,N,,,N,N
화양동,officetel,정익제이타워2차102동,ORIGINAL,111-37,광나루로18길 15,RENT,15.67,202608,21,1000,150,7,2022,202608~202708,Y,N,,,N,N
화양동,officetel,DM7 화양,ORIGINAL,29-25,능동로16길 12,RENT,14.1,202608,21,1000,100,12,2025,202608~202708,Y,N,,,N,N
화양동,officetel,빌리브 인테라스,ORIGINAL,111-12,능동로 172,RENT,16.88,202608,21,21100,7,17,2021,202609~202809,N,N,21600.0,0.0,N,N
화양동,villa,아차산로25길 31,ROAD_ADDR,45-2,아차산로25길 31,RENT,21.0,202608,21,1000,60,3,2006,202608~202808,Y,N,,,Y,Y
화양동,officetel,광나루로 454,ROAD_ADDR,302-24,광나루로 454,RENT,24.6,202608,20,4000,60,2,2002,202608~202808,Y,N,,,Y,Y
화양동,officetel,화양동 프라하임,ORIGINAL,94-9,능동로 165-1,RENT,32.49,202608,20,1000,180,11,2022,202610~202710,Y,N,,,N,N
화양동,officetel,하이뷰오피스텔,ORIGINAL,193,광나루로 386,RENT,18.52,202608,20,3000,90,16,2020,202610~202810,Y,N,,,N,N
화양동,officetel,건대 트레비앙 오피스텔,ORIGINAL,174,광나루로 374,RENT,17.46,202608,20,1000,110,6,2023,202608~202802,Y,N,,,N,N
화양동,villa,능동로17길 7-3,ROAD_ADDR,94-6,능동로17길 7-3,RENT,12.92,202608,20,1000,61,3,2013,202608~202808,Y,N,,,N,Y
화양동,villa,선우빌,ORIGINAL,42-31,동일로24길 6,RENT,14.04,202608,19,10000,25,5,2012,202608~202808,N,Y,10000.0,25.0,N,N
화양동,villa,始皇,ORIGINAL,16-56,군자로5길 18-14,RENT,17.16,202608,19,3000,50,2,2011,202608~202808,Y,N,,,Y,Y
화양동,officetel,하이뷰오피스텔,ORIGINAL,193,광나루로 386,RENT,18.43,202608,18,22000,10,10,2020,202610~202810,Y,N,,,N,N
화양동,officetel,화양 디펠리체,ORIGINAL,18-9,광나루로 358,RENT,20.42,202608,18,1000,85,4,2019,202608~202708,Y,N,,,N,N
화양동,villa,DM7화양,ORIGINAL,29-25,능동로16길 12,RENT,14.08,202608,18,1000,95,4,2025,202608~202708,Y,N,,,N,N
화양동,officetel,까사펠리즈 화양,ORIGINAL,23-37,광나루로12길 20,RENT,24.45,202608,17,2000,130,4,2025,202608~202708,Y,N,,,N,N
화양동,officetel,더하우스인,ORIGINAL,20-10,광나루로14길 24,RENT,36.28,202608,17,17400,55,6,2018,202610~202810,Y,N,,,N,N
화양동,villa,까사펠리즈화양,ORIGINAL,23-37,광나루로12길 20,RENT,26.89,202608,17,500,220,10,2025,202608~202610,Y,N,,,N,N
화양동,villa,아차산로33길 67-12,ROAD_ADDR,12-24,아차산로33길 67-12,RENT,18.87,202608,17,1000,52,2,2011,202608~202808,Y,N,,,Y,Y
화양동,officetel,화양동 프라하임,ORIGINAL,94-9,능동로 165-1,RENT,27.05,202608,15,1000,170,5,2022,202609~202709,Y,N,,,N,N
화양동,officetel,능동로19길 15,ROAD_ADDR,112-14,능동로19길 15,RENT,19.2,202608,15,1000,95,10,2015,202608~202808,Y,N,,,N,N
화양동,villa,동일로26길 21,ROAD_ADDR,31-71,동일로26길 21,RENT,23.2,202608,15,13000,20,2,2008,202609~202809,Y,N,,,N,N
화양동,villa,하늘빛하우스(31-19),ORIGINAL,31-19,아차산로21길 98-3,RENT,18.0,202608,15,1000,63,2,2015,202608~202808,Y,N,,,N,Y
화양동,villa,군자로6길 41,ROAD_ADDR,101-3,군자로6길 41,RENT,14.63,202608,14,1000,65,4,2012,202608~202808,Y,N,,,N,Y
화양동,villa,예그리나Ⅰ,ORIGINAL,109-4,군자로6길 27,RENT,12.04,202608,14,8400,2,5,2013,202609~202809,N,N,8400.0,0.0,N,N
화양동,villa,아차산로23길 79,ROAD_ADDR,31-43,아차산로23길 79,RENT,16.98,202608,14,500,60,4,2013,202609~202809,Y,N,,,Y,Y
화양동,villa,능동로13길 100,ROAD_ADDR,32-9,능동로13길 100,RENT,20.1,202608,14,13000,10,2,2015,202609~202809,N,Y,13000.0,8.0,N,N
화양동,officetel,까사펠리즈 화양,ORIGINAL,23-37,광나루로12길 20,RENT,27.21,202608,13,4000,120,7,2025,202608~202708,Y,N,,,N,N
화양동,officetel,화양동 프라하임,ORIGINAL,94-9,능동로 165-1,RENT,26.85,202608,13,500,185,13,2022,202608~202708,Y,N,,,N,N
화양동,villa,IRIS,ORIGINAL,17-53,동일로28길 49-10,RENT,19.52,202608,13,13000,6,2,2012,202611~202811,Y,N,,,N,N
화양동,villa,군자로7길 2-5,ROAD_ADDR,17-47,군자로7길 2-5,RENT,19.83,202608,13,2000,58,6,2015,202608~202808,Y,N,,,Y,Y
화양동,officetel,건대 트레비앙 오피스텔,ORIGINAL,174,광나루로 374,RENT,17.46,202608,12,5000,80,4,2023,202609~202708,Y,N,,,N,N
화양동,officetel,광진캠퍼스시티,ORIGINAL,21-20,동일로 178,RENT,16.08,202608,12,2000,70,11,2017,202608~202808,Y,N,,,N,Y
화양동,villa,다움빌,ORIGINAL,36-85,동일로26길 38-3,RENT,18.51,202608,12,2900,50,4,2011,202609~202809,Y,N,,,Y,Y
화양동,villa,군자로6길 40,ROAD_ADDR,106,군자로6길 40,RENT,24.04,202608,12,1000,68,5,2014,202608~202808,N,Y,1000.0,65.0,N,Y
화양동,officetel,광진캠퍼스시티,ORIGINAL,21-20,동일로 178,RENT,16.08,202608,10,1000,75,6,2017,202608~202708,Y,N,,,N,N
화양동,officetel,정익제이타워2차,ORIGINAL,111-35,광나루로18길 15-1,RENT,19.08,202608,10,1000,100,5,2021,202609~202709,Y,N,,,N,N
화양동,officetel,DM7 화양,ORIGINAL,29-25,능동로16길 12,RENT,14.1,202608,10,1000,93,9,2025,202608~202708,Y,N,,,N,N
화양동,officetel,정익제이타워3차,ORIGINAL,111-75,능동로19길 7-13,RENT,16.94,202608,10,1000,110,11,2022,202608~202808,Y,N,,,N,N
화양동,villa,샤인빌,ORIGINAL,46-16,아차산로25길 28,RENT,20.32,202608,10,7000,50,3,2008,202608~202808,Y,N,,,Y,N
화양동,officetel,화양 디펠리체,ORIGINAL,18-9,광나루로 358,RENT,20.45,202608,08,10000,43,15,2019,202609~202809,Y,N,,,N,N
화양동,officetel,건대 트레비앙 오피스텔,ORIGINAL,174,광나루로 374,RENT,17.46,202608,08,6000,80,7,2023,202608~202808,Y,N,,,N,N
화양동,officetel,빌리브 인테라스,ORIGINAL,111-12,능동로 172,RENT,16.88,202608,08,12000,45,8,2021,202611~202811,Y,N,,,N,N
화양동,villa,始皇,ORIGINAL,16-56,군자로5길 18-14,RENT,17.16,202608,08,5000,40,3,2011,202608~202808,Y,N,,,Y,Y
화양동,villa,해오름,ORIGINAL,35-68,아차산로25길 74-12,RENT,14.3,202608,08,1000,31,3,2012,202608~202807,Y,N,,,Y,Y
화양동,villa,더퍼스트,ORIGINAL,121-9,능동로19길 49,RENT,12.2,202608,08,1000,71,5,2022,202608~202808,Y,N,,,N,N
화양동,officetel,광나루로20길 34,ROAD_ADDR,111-89,광나루로20길 34,RENT,18.62,202608,07,2000,100,5,2021,202608~202802,Y,N,,,N,N
화양동,officetel,정익제이타워2차,ORIGINAL,111-35,광나루로18길 15-1,RENT,17.3,202608,07,1000,100,4,2021,202608~202708,Y,N,,,N,N
화양동,officetel,빌리브 인테라스,ORIGINAL,111-12,능동로 172,RENT,16.88,202608,07,12000,60,9,2021,202609~202709,N,N,12000.0,60.0,N,N
화양동,officetel,하이뷰오피스텔,ORIGINAL,193,광나루로 386,RENT,18.57,202608,06,1000,96,13,2020,202609~202709,Y,N,,,N,N
화양동,officetel,DM7 건대,ORIGINAL,93-1,광나루로20길 40,RENT,36.27,202608,06,3000,195,8,2024,202608~202808,Y,N,,,N,N
화양동,officetel,광진캠퍼스시티,ORIGINAL,21-20,동일로 178,RENT,16.08,202608,06,500,75,18,2017,202608~202702,Y,N,,,N,N
화양동,villa,아차산로27길 5,ROAD_ADDR,46-46,아차산로27길 5,RENT,16.72,202608,06,500,63,2,2010,202609~202809,Y,N,,,N,Y
화양동,villa,퍼스트하우스,ORIGINAL,1-1,능동로15길 19,RENT,15.0,202608,06,3000,55,2,2014,202608~202808,Y,N,,,Y,Y
화양동,officetel,까사펠리즈 화양,ORIGINAL,23-37,광나루로12길 20,RENT,24.54,202608,05,2000,130,4,2025,202608~202708,Y,N,,,N,N
화양동,villa,보나하임,ORIGINAL,32-20,군자로7길 24,RENT,24.72,202608,05,1000,62,5,2016,202609~202809,Y,N,,,N,Y
화양동,officetel,까사펠리즈 화양,ORIGINAL,23-37,광나루로12길 20,RENT,24.48,202608,04,3000,125,7,2025,202608~202708,Y,N,,,N,N
화양동,officetel,광나루로20길 34,ROAD_ADDR,111-89,광나루로20길 34,RENT,17.48,202608,04,500,100,3,2021,202608~202708,Y,N,,,N,N
화양동,villa,동일로30길 16,ROAD_ADDR,20-30,동일로30길 16,RENT,15.04,202608,04,1000,85,9,2021,202608~202808,Y,N,,,N,N
화양동,villa,모아빌,ORIGINAL,32-2,동일로28길 48,RENT,29.42,202608,04,500,60,3,2016,202608~202808,Y,N,,,Y,Y
화양동,villa,퍼스트하우스,ORIGINAL,1-1,능동로15길 19,RENT,29.98,202608,04,3000,50,2,2014,202608~202808,Y,N,,,Y,Y
화양동,officetel,건대 트레비앙 오피스텔,ORIGINAL,174,광나루로 374,RENT,17.46,202608,03,5000,88,8,2023,202608~202708,N,Y,5000.0,80.0,N,N
화양동,officetel,하이뷰오피스텔,ORIGINAL,193,광나루로 386,RENT,18.57,202608,03,1000,95,7,2020,202608~202612,Y,N,,,N,N
화양동,officetel,광진캠퍼스시티,ORIGINAL,21-20,동일로 178,RENT,16.08,202608,03,1000,75,9,2017,202608~202708,Y,N,,,N,N
화양동,villa,Mamaison,ORIGINAL,37-30,동일로26길 18,RENT,20.36,202608,03,3000,43,5,2015,202608~202808,Y,N,,,Y,Y
화양동,villa,예가,ORIGINAL,20-33,광나루로14길 22,RENT,22.48,202608,03,14000,6,2,2011,202609~202809,Y,N,,,N,N
화양동,villa,해오름,ORIGINAL,35-68,아차산로25길 74-12,RENT,15.24,202608,03,1000,47,2,2012,202608~202808,Y,N,,,Y,Y
화양동,villa,까사펠리즈화양,ORIGINAL,23-37,광나루로12길 20,RENT,27.99,202608,03,5000,170,12,2025,202609~202709,Y,N,,,N,N
화양동,villa,jw.cityvill1동,ORIGINAL,19-2,광나루로16길 6,RENT,13.05,202608,03,2000,48,4,2013,202608~202808,Y,N,,,Y,Y
화양동,villa,까사펠리즈화양,ORIGINAL,23-37,광나루로12길 20,RENT,27.99,202608,03,3000,180,9,2025,202608~202708,Y,N,,,N,N
화양동,officetel,광진캠퍼스시티,ORIGINAL,21-20,동일로 178,RENT,16.08,202608,01,12000,30,18,2017,202608~202808,Y,N,,,N,N
화양동,officetel,DM7 화양,ORIGINAL,29-25,능동로16길 12,RENT,14.1,202608,01,1000,95,12,2025,202608~202707,Y,N,,,N,N
화양동,officetel,건대 트레비앙 오피스텔,ORIGINAL,174,광나루로 374,RENT,17.46,202608,01,1000,105,3,2023,202608~202707,Y,N,,,N,N
화양동,officetel,화양 디펠리체,ORIGINAL,18-9,광나루로 358,RENT,20.45,202608,01,1000,79,4,2019,202608~202708,Y,N,,,N,N
화양동,officetel,광진캠퍼스시티,ORIGINAL,21-20,동일로 178,RENT,16.08,202608,01,1000,75,18,2017,202608~202707,Y,N,,,N,N
화양동,villa,J파크빌,ORIGINAL,20-28,동일로28길 23,RENT,37.21,202608,01,3000,158,3,2025,202608~202808,Y,N,,,N,N
화양동,villa,모아빌,ORIGINAL,32-2,동일로28길 48,RENT,23.5,202608,01,500,62,2,2016,202608~202807,Y,N,,,N,Y
화양동,officetel,빌리브 인테라스,ORIGINAL,111-12,능동로 172,RENT,16.88,202607,31,1000,94,6,2021,202609~202709,Y,N,,,N,N
화양동,officetel,DM7 화양,ORIGINAL,29-25,능동로16길 12,RENT,14.1,202607,31,1000,95,12,2025,202607~202707,Y,N,,,N,N
화양동,officetel,정익제이타워3차,ORIGINAL,111-75,능동로19길 7-13,RENT,16.94,202607,30,1000,100,9,2022,202609~202709,Y,N,,,N,N
화양동,officetel,엘리시안파크,ORIGINAL,132-75,군자로 46,RENT,15.6,202607,30,1000,90,7,2015,202608~202808,Y,N,,,N,N
화양동,villa,군자로5길 15-12,ROAD_ADDR,15-83,군자로5길 15-12,RENT,15.27,202607,30,1000,57,3,2012,202608~202808,Y,N,,,Y,Y
화양동,officetel,하이뷰오피스텔,ORIGINAL,193,광나루로 386,RENT,18.57,202607,29,1000,78,12,2020,202608~202808,Y,N,,,N,N
화양동,officetel,아스하임,ORIGINAL,17-16,군자로 43,RENT,19.13,202607,29,1000,90,6,2016,202608~202708,Y,N,,,N,N
화양동,officetel,엘리시아1차,ORIGINAL,94-13,광나루로20길 36-3,RENT,15.05,202607,29,1000,80,3,2021,202607~202707,Y,N,,,N,N
화양동,officetel,케이타워 오피스텔 A,ORIGINAL,21-23,광나루로14길 8,RENT,19.78,202607,29,1000,80,3,2013,202608~202807,Y,N,,,N,N
화양동,villa,광나루로14길 35,ROAD_ADDR,19-12,광나루로14길 35,RENT,20.21,202607,29,2000,88,5,2021,202608~202808,Y,N,,,N,N
화양동,officetel,광진청년생활,ORIGINAL,18-12,동일로30길 31,RENT,25.54,202607,28,100,35,18,2024,202607~202809,Y,N,,,Y,Y
화양동,officetel,화양타워,ORIGINAL,110-37,능동로19길 47,RENT,38.64,202607,28,3000,117,6,1999,202608~202808,Y,N,,,N,N
화양동,officetel,광진 코지웰,ORIGINAL,113-1,능동로19길 35,RENT,33.43,202607,28,2000,100,13,2014,202609~202809,Y,N,,,N,N
화양동,officetel,건대 트레비앙 오피스텔,ORIGINAL,174,광나루로 374,RENT,17.46,202607,28,1000,100,3,2023,202608~202708,Y,N,,,N,N
화양동,officetel,하이뷰오피스텔,ORIGINAL,193,광나루로 386,RENT,18.43,202607,28,23100,5,14,2020,202610~202810,N,N,23100.0,0.0,N,N
화양동,officetel,케이타워 오피스텔 A,ORIGINAL,21-23,광나루로14길 8,RENT,19.78,202607,27,1000,71,13,2013,202608~202808,N,Y,1000.0,68.0,N,N
화양동,officetel,아스하임,ORIGINAL,111-102,광나루로 382,RENT,17.75,202607,27,15000,22,5,2018,202608~202808,Y,N,,,N,N
화양동,officetel,광진 코지웰,ORIGINAL,113-1,능동로19길 35,RENT,19.53,202607,27,1000,75,14,2014,202609~202809,Y,N,,,N,N
화양동,officetel,화양동 프라하임,ORIGINAL,94-9,능동로 165-1,RENT,27.05,202607,25,1000,170,8,2022,202609~202709,Y,N,,,N,N
화양동,officetel,엘리시안파크,ORIGINAL,132-75,군자로 46,RENT,12.05,202607,25,1000,95,9,2015,202608~202708,Y,N,,,N,N
화양동,officetel,케이타워 오피스텔 B,ORIGINAL,21-22,동일로30길 23,RENT,18.85,202607,25,1000,80,18,2013,202608~202808,Y,N,,,N,N
화양동,officetel,KCC파크타운,ORIGINAL,527,광나루로 410,RENT,25.79,202607,25,1000,85,9,2005,202609~202809,Y,N,,,N,N
화양동,villa,군자로5길 22,ROAD_ADDR,16-20,군자로5길 22,RENT,20.52,202607,25,3000,46,2,2017,202608~202808,Y,N,,,Y,Y
화양동,villa,능동로13길 106,ROAD_ADDR,32-4,능동로13길 106,RENT,13.95,202607,24,1000,55,3,2012,202608~202808,Y,N,,,Y,Y
화양동,officetel,광나루로20길 34,ROAD_ADDR,111-89,광나루로20길 34,RENT,16.93,202607,23,2000,95,4,2021,202608~202708,Y,N,,,N,N
화양동,officetel,광나루로 454,ROAD_ADDR,302-24,광나루로 454,RENT,38.7,202607,23,10000,55,6,2002,202608~202808,Y,N,,,N,N
화양동,villa,IRIS,ORIGINAL,17-53,동일로28길 49-10,RENT,28.69,202607,23,3000,50,6,2012,202608~202808,Y,N,,,Y,Y
화양동,villa,까사펠리즈화양,ORIGINAL,23-37,광나루로12길 20,RENT,28.18,202607,22,5500,170,12,2025,202609~202708,Y,N,,,N,N
화양동,officetel,건대 트레비앙 오피스텔,ORIGINAL,174,광나루로 374,RENT,17.46,202607,21,1000,110,15,2023,202608~202708,Y,N,,,N,N
화양동,officetel,건대 트레비앙 오피스텔,ORIGINAL,174,광나루로 374,RENT,17.46,202607,21,1000,110,15,2023,202608~202708,Y,N,,,N,N
화양동,officetel,까사펠리즈 화양,ORIGINAL,23-37,광나루로12길 20,RENT,24.54,202607,21,4000,120,8,2025,202608~202708,Y,N,,,N,N
화양동,officetel,케이타워 오피스텔 B,ORIGINAL,21-22,동일로30길 23,RENT,18.85,202607,21,1000,75,7,2013,202608~202708,Y,N,,,N,N
화양동,villa,DM7건대(93-1),ORIGINAL,93-1,광나루로20길 40,RENT,29.06,202607,21,5000,190,5,2024,202608~202708,Y,N,,,N,N
화양동,villa,성신하우스(44-57),ORIGINAL,44-57,동일로22길 17-4,RENT,14.25,202607,21,1000,62,2,2017,202607~202807,Y,N,,,N,Y
화양동,officetel,정익제이타워2차,ORIGINAL,111-35,광나루로18길 15-1,RENT,17.3,202607,20,1000,95,5,2021,202607~202707,Y,N,,,N,N
화양동,villa,무지개하우스41-2,ORIGINAL,41-2,동일로26길 8,RENT,28.72,202607,20,2000,145,5,2015,202607~202707,Y,N,,,N,N
화양동,officetel,광진캠퍼스시티,ORIGINAL,21-20,동일로 178,RENT,17.49,202607,18,1000,80,9,2017,202607~202707,Y,N,,,N,N
화양동,officetel,건대 트레비앙 오피스텔,ORIGINAL,174,광나루로 374,RENT,17.46,202607,18,1000,110,16,2023,202608~202708,Y,N,,,N,N
화양동,villa,군자로7길 4,ROAD_ADDR,17-48,군자로7길 4,RENT,39.49,202607,18,1000,70,7,2016,202607~202807,Y,N,,,N,Y
화양동,villa,아차산로25길 65,ROAD_ADDR,36-95,아차산로25길 65,RENT,20.72,202607,18,2000,54,3,2010,202608~202808,Y,N,,,Y,Y
화양동,villa,아차산로25길 65,ROAD_ADDR,36-95,아차산로25길 65,RENT,20.72,202607,18,2000,54,3,2010,202608~202808,Y,N,,,Y,Y
화양동,villa,아차산로27길 57-3,ROAD_ADDR,35-46,아차산로27길 57-3,RENT,18.92,202607,18,500,55,3,2011,202608~202808,Y,N,,,Y,Y
화양동,officetel,화양 디펠리체,ORIGINAL,18-9,광나루로 358,RENT,20.45,202607,17,2000,90,4,2019,202608~202707,Y,N,,,N,N
화양동,officetel,건대 트레비앙 오피스텔,ORIGINAL,174,광나루로 374,RENT,17.46,202607,17,5000,78,14,2023,202608~202808,Y,N,,,N,N
화양동,officetel,빌리브 인테라스,ORIGINAL,111-12,능동로 172,RENT,16.88,202607,17,1000,90,4,2021,202608~202708,Y,N,,,N,N
화양동,officetel,빌리브 인테라스,ORIGINAL,111-12,능동로 172,RENT,16.88,202607,17,1000,90,4,2021,202608~202708,Y,N,,,N,N
화양동,villa,TheHill,ORIGINAL,111-137,능동로17길 22,RENT,16.88,202607,15,1000,70,5,2014,202607~202807,Y,N,,,N,Y
화양동,villa,화양동프라하임,ORIGINAL,94-9,능동로 165-1,RENT,22.86,202607,15,5508,22,3,2022,202607~202809,Y,N,,,Y,Y
화양동,villa,군자로7길 4,ROAD_ADDR,17-48,군자로7길 4,RENT,39.49,202607,15,1000,60,8,2016,202607~202807,Y,N,,,Y,Y
화양동,villa,wonhiuseⅡ(12-44),ORIGINAL,12-44,군자로3길 25-8,RENT,14.55,202607,15,3000,46,3,2015,202608~202808,Y,N,,,Y,Y
화양동,officetel,건대 트레비앙 오피스텔,ORIGINAL,174,광나루로 374,RENT,17.46,202607,14,1000,110,3,2023,202608~202708,Y,N,,,N,N
화양동,villa,DM7건대(93-1),ORIGINAL,93-1,광나루로20길 40,RENT,39.07,202607,14,13816,19,3,2024,202607~202809,Y,N,,,N,N
화양동,villa,DM7건대(93-1),ORIGINAL,93-1,광나루로20길 40,RENT,39.07,202607,14,9936,39,3,2024,202607~202809,Y,N,,,N,N
화양동,villa,sheeltower,ORIGINAL,19-52,광나루로14길 21-1,RENT,14.85,202607,14,1000,60,3,2012,202608~202808,Y,N,,,Y,Y
화양동,villa,DM7건대(93-1),ORIGINAL,93-1,광나루로20길 40,RENT,39.07,202607,13,13816,19,4,2024,202607~202809,Y,N,,,N,N
화양동,villa,능동로17길 17,ROAD_ADDR,103,능동로17길 17,RENT,13.2,202607,13,1000,53,5,2012,202608~202808,Y,N,,,Y,Y
화양동,villa,능동로17길 17,ROAD_ADDR,103,능동로17길 17,RENT,13.2,202607,13,1000,53,5,2012,202608~202808,Y,N,,,Y,Y
화양동,villa,DM7건대(93-1),ORIGINAL,93-1,광나루로20길 40,RENT,39.07,202607,13,9936,39,4,2024,202607~202809,Y,N,,,N,N
화양동,villa,더하우스인,ORIGINAL,20-10,광나루로14길 24,RENT,28.71,202607,12,28400,7,9,2018,202609~202809,Y,N,,,N,N
화양동,villa,더퍼스트,ORIGINAL,121-9,능동로19길 49,RENT,28.93,202607,12,2000,72,5,2022,202608~202808,Y,N,,,N,N
화양동,villa,더하우스인,ORIGINAL,20-10,광나루로14길 24,RENT,28.71,202607,12,28400,7,9,2018,202609~202809,Y,N,,,N,N
화양동,officetel,케이타워 오피스텔 B,ORIGINAL,21-22,동일로30길 23,RENT,18.85,202607,11,1000,80,6,2013,202607~202807,Y,N,,,N,N
화양동,officetel,화양타워,ORIGINAL,110-37,능동로19길 47,RENT,38.64,202607,11,1000,80,4,1999,202608~202708,Y,N,,,N,N
화양동,officetel,광진캠퍼스시티,ORIGINAL,21-20,동일로 178,RENT,17.49,202607,11,8000,44,15,2017,202608~202708,N,N,8000.0,40.0,Y,N
화양동,villa,더하임,ORIGINAL,36-22,아차산로23길 48-5,RENT,24.26,202607,11,2000,100,5,2026,202607~202807,Y,N,,,N,N
화양동,villa,아차산로29길 73-3,ROAD_ADDR,34-80,아차산로29길 73-3,RENT,21.2,202607,11,11500,5,3,2003,202608~202808,N,N,11500.0,3.0,N,N
화양동,villa,한신하우스,ORIGINAL,75-2,군자로6길 24,RENT,14.88,202607,11,5000,30,5,2012,202608~202807,Y,N,,,Y,Y
화양동,officetel,더 퍼스트,ORIGINAL,121-9,능동로19길 49,RENT,17.04,202607,10,2000,67,4,2022,202608~202807,Y,N,,,N,Y
화양동,villa,모아빌,ORIGINAL,32-2,동일로28길 48,RENT,23.5,202607,10,1000,60,3,2016,202607~202807,Y,N,,,Y,Y
화양동,villa,olivehouse,ORIGINAL,19-40,광나루로14길 17,RENT,18.52,202607,10,5000,43,3,2012,202608~202808,Y,N,,,Y,Y
화양동,officetel,화양동 프라하임,ORIGINAL,94-9,능동로 165-1,RENT,32.49,202607,09,1000,180,7,2022,202607~202707,Y,N,,,N,N
화양동,villa,느티나무아래,ORIGINAL,109-3,군자로6길 29,RENT,12.59,202607,09,1000,46,2,2013,202607~202807,Y,N,,,Y,Y
화양동,villa,군자로7길 4,ROAD_ADDR,17-48,군자로7길 4,RENT,39.49,202607,08,1000,58,8,2016,202607~202707,N,N,1000.0,55.0,Y,Y
화양동,officetel,케이타워 오피스텔 A,ORIGINAL,21-23,광나루로14길 8,RENT,19.78,202607,07,1000,75,9,2013,202608~202801,Y,N,,,N,N
화양동,officetel,광진 코지웰,ORIGINAL,113-1,능동로19길 35,RENT,19.53,202607,07,14000,20,13,2014,202608~202808,Y,N,,,N,N
화양동,officetel,예그리나Ⅰ,ORIGINAL,109-4,군자로6길 27,RENT,15.37,202607,07,9500,1,6,2013,202608~202808,Y,N,,,N,N
화양동,officetel,화양타워,ORIGINAL,110-37,능동로19길 47,RENT,34.62,202607,06,12000,60,5,1999,202608~202808,Y,N,,,N,N
화양동,officetel,빌리브 인테라스,ORIGINAL,111-12,능동로 172,RENT,27.82,202607,06,38000,35,19,2021,202608~202802,Y,N,,,N,N
화양동,officetel,광진캠퍼스시티,ORIGINAL,21-20,동일로 178,RENT,17.49,202607,06,1000,88,19,2017,202607~202707,Y,N,,,N,N
화양동,officetel,빌리브 인테라스,ORIGINAL,111-12,능동로 172,RENT,27.82,202607,06,37800,37,19,2021,202608~202802,Y,N,,,N,N
화양동,villa,아차산로23길 68,ROAD_ADDR,36-4,아차산로23길 68,RENT,15.65,202607,06,1000,50,4,2009,202607~202807,Y,N,,,Y,Y
화양동,villa,jw.cityvill2동,ORIGINAL,17-54,군자로7길 10,RENT,19.76,202607,06,1000,53,3,2012,202607~202807,Y,N,,,Y,Y
화양동,officetel,DM7 화양,ORIGINAL,29-25,능동로16길 12,RENT,14.1,202607,05,1000,97,11,2025,202608~202708,Y,N,,,N,N
화양동,officetel,화양 디펠리체,ORIGINAL,18-9,광나루로 358,RENT,20.42,202607,04,1000,90,11,2019,202607~202707,Y,N,,,N,N
화양동,officetel,건대 트레비앙 오피스텔,ORIGINAL,174,광나루로 374,RENT,30.45,202607,04,3000,180,17,2023,202609~202708,Y,N,,,N,N
화양동,officetel,아스하임,ORIGINAL,17-16,군자로 43,RENT,18.83,202607,04,1000,77,5,2016,202608~202708,Y,N,,,N,N
화양동,officetel,건대 트레비앙 오피스텔,ORIGINAL,174,광나루로 374,RENT,17.46,202607,04,5000,80,5,2023,202608~202708,Y,N,,,N,N
화양동,villa,시트린,ORIGINAL,111-203,능동로17길 10,RENT,13.18,202607,04,1000,87,7,2022,202608~202708,Y,N,,,N,N
화양동,villa,승하우스,ORIGINAL,44-16,아차산로23길 7-6,RENT,25.35,202607,04,15000,22,5,2018,202607~202807,Y,N,,,N,N
화양동,villa,세종에버그린(101동),ORIGINAL,17-68,광나루로16길 19,RENT,25.06,202607,04,3000,120,8,2018,202608~202808,Y,N,,,N,N
화양동,villa,썬앤영,ORIGINAL,9-32,아차산로29길 28-9,RENT,20.13,202607,04,10000,31,3,2013,202608~202808,Y,N,,,N,N
화양동,officetel,DM7 건대,ORIGINAL,111-41,광나루로20길 40,RENT,37.73,202607,03,5000,165,9,2024,202607~202707,Y,N,,,N,N
화양동,villa,광나루로14길 31-1,ROAD_ADDR,19-18,광나루로14길 31-1,RENT,17.16,202607,03,500,56,3,2013,202607~202807,Y,N,,,Y,Y
화양동,villa,始皇,ORIGINAL,16-56,군자로5길 18-14,RENT,17.16,202607,03,4000,45,2,2011,202607~202807,Y,N,,,Y,Y
화양동,villa,더퍼스트,ORIGINAL,121-9,능동로19길 49,RENT,26.32,202607,03,3000,63,5,2022,202607~202707,N,N,3000.0,60.0,N,Y
화양동,officetel,건대 트레비앙 오피스텔,ORIGINAL,174,광나루로 374,RENT,17.46,202607,02,1000,110,3,2023,202608~202707,Y,N,,,N,N
화양동,officetel,아스하임,ORIGINAL,17-16,군자로 43,RENT,18.83,202607,02,1000,85,6,2016,202607~202707,Y,N,,,N,N
화양동,officetel,건대 트레비앙 오피스텔,ORIGINAL,174,광나루로 374,RENT,17.46,202607,01,2000,105,16,2023,202608~202808,Y,N,,,N,N
화양동,officetel,건대 트레비앙 오피스텔,ORIGINAL,174,광나루로 374,RENT,17.46,202607,01,2000,100,6,2023,202608~202705,N,N,2000.0,98.0,N,N
화양동,officetel,건대 트레비앙 오피스텔,ORIGINAL,174,광나루로 374,RENT,17.46,202607,01,5000,84,13,2023,202608~202708,Y,N,,,N,N
화양동,officetel,케이타워 오피스텔 B,ORIGINAL,21-22,동일로30길 23,RENT,18.85,202607,01,1000,76,12,2013,202607~202807,Y,N,,,N,N
화양동,officetel,화양동 동도센트리움 캠퍼스파크,ORIGINAL,116-2,광나루로 370,RENT,16.83,202606,30,10000,50,6,2019,202607~202807,Y,N,,,N,N
화양동,officetel,화양 디펠리체,ORIGINAL,18-9,광나루로 358,RENT,20.45,202606,30,1000,86,15,2019,202606~202704,N,N,1000.0,79.0,N,N
화양동,officetel,광진캠퍼스시티,ORIGINAL,21-20,동일로 178,RENT,17.49,202606,30,1000,75,8,2017,202606~202706,Y,N,,,N,N
화양동,villa,TheHill,ORIGINAL,111-137,능동로17길 22,RENT,16.07,202606,30,1000,65,4,2014,202607~202807,Y,N,,,N,Y
화양동,villa,아차산로27길 28-5,ROAD_ADDR,47-33,아차산로27길 28-5,RENT,12.18,202606,30,500,43,1,2014,202607~202807,Y,N,,,Y,Y
화양동,villa,더퍼스트,ORIGINAL,121-9,능동로19길 49,RENT,26.32,202606,30,1000,73,6,2022,202607~202807,N,N,1000.0,70.0,N,N
화양동,villa,군자로3길 24-3,ROAD_ADDR,15-52,군자로3길 24-3,RENT,14.76,202606,30,1000,33,2,2017,202607~202707,N,N,1000.0,31.0,Y,Y
화양동,villa,듀플랙스,ORIGINAL,20-29,동일로30길 20,RENT,29.24,202606,30,2000,230,7,2023,202608~202808,Y,N,,,N,N
화양동,officetel,광진캠퍼스시티,ORIGINAL,21-20,동일로 178,RENT,16.08,202606,29,500,75,18,2017,202607~202701,Y,N,,,N,N
화양동,officetel,엘리시아1차,ORIGINAL,94-13,광나루로20길 36-3,RENT,15.05,202606,29,500,90,7,2021,202606~202612,Y,N,,,N,N
화양동,villa,화양동다세대주택(15-78),ORIGINAL,15-78,군자로5길 9,RENT,18.62,202606,29,500,75,3,2004,202607~202807,Y,N,,,N,N
화양동,villa,은조갤러리,ORIGINAL,16-53,군자로7길 21,RENT,21.26,202606,29,2000,65,3,2012,202607~202807,N,N,2000.0,63.0,N,Y
화양동,officetel,케이타워 오피스텔 A,ORIGINAL,21-23,광나루로14길 8,RENT,19.93,202606,26,5000,50,9,2013,202607~202807,Y,N,,,Y,Y
화양동,officetel,화양 디펠리체,ORIGINAL,18-9,광나루로 358,RENT,20.42,202606,26,1000,87,18,2019,202606~202706,Y,N,,,N,N
화양동,officetel,화양 디펠리체,ORIGINAL,18-9,광나루로 358,RENT,20.45,202606,26,1000,90,17,2019,202607~202707,Y,N,,,N,N
화양동,officetel,광진캠퍼스시티,ORIGINAL,21-20,동일로 178,RENT,16.08,202606,26,1000,75,8,2017,202607~202707,Y,N,,,N,N
화양동,officetel,정익제이타워3차,ORIGINAL,111-75,능동로19길 7-13,RENT,16.94,202606,25,1000,120,12,2022,202608~202808,Y,N,,,N,N
화양동,officetel,케이타워 오피스텔 A,ORIGINAL,21-23,광나루로14길 8,RENT,19.78,202606,25,500,75,2,2013,202606~202706,Y,N,,,N,N
화양동,officetel,화양 디펠리체,ORIGINAL,18-9,광나루로 358,RENT,20.42,202606,25,1000,90,10,2019,202607~202806,Y,N,,,N,N
화양동,officetel,건대 트레비앙 오피스텔,ORIGINAL,174,광나루로 374,RENT,17.46,202606,25,5000,84,8,2023,202608~202702,N,Y,5000.0,80.0,N,N
화양동,officetel,건대 트레비앙 오피스텔,ORIGINAL,174,광나루로 374,RENT,17.46,202606,25,19500,7,8,2023,202608~202808,Y,N,,,N,N
화양동,officetel,광진캠퍼스시티,ORIGINAL,21-20,동일로 178,RENT,16.08,202606,25,3000,67,12,2017,202607~202707,Y,N,,,N,Y
화양동,villa,은조갤러리,ORIGINAL,16-53,군자로7길 21,RENT,16.73,202606,25,3000,57,3,2012,202607~202807,N,N,3000.0,55.0,Y,Y
화양동,villa,아차산로27길 57-3,ROAD_ADDR,35-46,아차산로27길 57-3,RENT,15.04,202606,24,500,66,2,2011,202606~202806,Y,N,,,N,Y
화양동,officetel,광나루로 454,ROAD_ADDR,302-24,광나루로 454,RENT,24.6,202606,23,3000,65,4,2002,202607~202806,Y,N,,,N,Y
화양동,villa,IRIS,ORIGINAL,17-53,동일로28길 49-10,RENT,17.1,202606,23,5500,35,3,2012,202608~202808,Y,N,,,Y,Y
화양동,villa,채움하우스,ORIGINAL,529,능동로15길 22,RENT,26.26,202606,23,5000,85,3,2012,202607~202807,Y,N,,,N,N
화양동,villa,능동로17길 17,ROAD_ADDR,103,능동로17길 17,RENT,12.6,202606,23,2500,47,4,2012,202606~202806,Y,N,,,Y,Y
화양동,villa,W0NHOUSE,ORIGINAL,10-22,아차산로29길 52-9,RENT,20.68,202606,21,12000,8,3,2013,202606~202808,Y,N,,,N,N
화양동,villa,썬앤영,ORIGINAL,9-32,아차산로29길 28-9,RENT,20.67,202606,21,3000,53,4,2013,202608~202708,N,N,3000.0,51.0,Y,Y
화양동,officetel,화양 디펠리체,ORIGINAL,18-9,광나루로 358,RENT,20.42,202606,20,1000,90,9,2019,202608~202808,Y,N,,,N,N
화양동,officetel,엘리시안파크,ORIGINAL,132-75,군자로 46,RENT,16.33,202606,20,1000,85,4,2015,202606~202706,Y,N,,,N,N
화양동,officetel,아스하임,ORIGINAL,17-16,군자로 43,RENT,18.12,202606,20,1000,105,7,2016,202606~202806,Y,N,,,N,N
화양동,villa,다움빌,ORIGINAL,36-85,동일로26길 38-3,RENT,18.22,202606,20,3000,53,3,2011,202606~202806,Y,N,,,Y,Y
화양동,officetel,화양타워,ORIGINAL,110-37,능동로19길 47,RENT,38.64,202606,19,1000,100,4,1999,202606~202806,Y,N,,,N,N
화양동,villa,아차산로23길 58-12,ROAD_ADDR,36-94,아차산로23길 58-12,RENT,18.92,202606,19,10500,25,3,2007,202607~202807,Y,N,,,N,N
화양동,villa,아차산로23길 68,ROAD_ADDR,36-4,아차산로23길 68,RENT,17.13,202606,19,1000,37,3,2009,202607~202807,Y,N,,,Y,Y
화양동,villa,군자로7길 4,ROAD_ADDR,17-48,군자로7길 4,RENT,32.38,202606,18,1000,72,7,2016,202607~202807,Y,N,,,N,N
화양동,villa,참하우스,ORIGINAL,44-23,동일로22길 23-5,RENT,29.07,202606,18,1000,100,2,2018,202606~202806,N,N,1000.0,95.0,N,N
화양동,officetel,건대 트레비앙 오피스텔,ORIGINAL,174,광나루로 374,RENT,17.46,202606,17,1000,108,3,2023,202608~202708,Y,N,,,N,N
화양동,officetel,건대 트레비앙 오피스텔,ORIGINAL,174,광나루로 374,RENT,17.46,202606,17,3000,89,7,2023,202608~202708,Y,N,,,N,N
화양동,officetel,케이타워 오피스텔 A,ORIGINAL,21-23,광나루로14길 8,RENT,19.93,202606,17,1000,70,10,2013,202607~202707,N,Y,1000.0,70.0,N,Y
화양동,officetel,건대 트레비앙 오피스텔,ORIGINAL,174,광나루로 374,RENT,17.46,202606,17,1000,110,14,2023,202608~202708,Y,N,,,N,N
화양동,villa,승하우스,ORIGINAL,44-16,아차산로23길 7-6,RENT,39.86,202606,17,500,49,3,2018,202606~202806,Y,N,,,Y,Y
화양동,villa,olivehouse,ORIGINAL,19-40,광나루로14길 17,RENT,18.32,202606,17,4000,43,5,2012,202608~202808,Y,N,,,Y,Y
화양동,officetel,정익제이타워2차,ORIGINAL,111-35,광나루로18길 15-1,RENT,17.61,202606,16,1000,100,5,2021,202607~202707,Y,N,,,N,N
화양동,officetel,아스하임,ORIGINAL,17-16,군자로 43,RENT,18.12,202606,16,1000,115,3,2016,202606~202708,Y,N,,,N,N
화양동,villa,DM7화양,ORIGINAL,29-25,능동로16길 12,RENT,14.08,202606,16,1000,85,3,2025,202606~202706,Y,N,,,N,N
화양동,villa,듀플랙스,ORIGINAL,20-29,동일로30길 20,RENT,32.28,202606,16,3000,300,9,2023,202607~202807,Y,N,,,N,N
화양동,villa,AstonHouse,ORIGINAL,98-1,군자로6길 51,RENT,19.71,202606,16,2500,55,4,2013,202608~202808,Y,N,,,Y,Y
화양동,officetel,빌리브 인테라스,ORIGINAL,111-12,능동로 172,RENT,16.88,202606,13,10000,58,13,2021,202607~202807,Y,N,,,N,N
화양동,officetel,화양타워,ORIGINAL,110-37,능동로19길 47,RENT,34.62,202606,13,1000,70,4,1999,202606~202707,N,N,1000.0,65.0,N,Y
화양동,officetel,빌리브 인테라스,ORIGINAL,111-12,능동로 172,RENT,16.88,202606,13,20000,20,4,2021,202608~202808,Y,N,,,N,N
화양동,officetel,KCC파크타운,ORIGINAL,527,광나루로 410,RENT,25.79,202606,13,1000,80,12,2005,202606~202806,Y,N,,,N,N
화양동,officetel,빌리브 인테라스,ORIGINAL,111-12,능동로 172,RENT,16.88,202606,13,1000,100,8,2021,202606~202706,Y,N,,,N,N
화양동,villa,군자로6길 54,ROAD_ADDR,83-5,군자로6길 54,RENT,17.1,202606,13,1000,56,2,2012,202607~202807,Y,N,,,Y,Y
화양동,villa,KINGSPALACE,ORIGINAL,101-1,능동로17길 11,RENT,26.31,202606,13,3000,60,7,2015,202606~202806,Y,N,,,Y,Y
화양동,villa,wj.cityvillA동,ORIGINAL,17-63,동일로28길 49-5,RENT,12.29,202606,13,300,44,2,2014,202606~202806,Y,N,,,Y,Y
화양동,officetel,케이타워 오피스텔 B,ORIGINAL,21-22,동일로30길 23,RENT,18.85,202606,12,12000,10,14,2013,202607~202807,Y,N,,,N,N
화양동,officetel,건대 트레비앙 오피스텔,ORIGINAL,174,광나루로 374,RENT,18.66,202606,12,1000,105,8,2023,202607~202707,Y,N,,,N,N
화양동,officetel,세종에버그린,ORIGINAL,17-68,광나루로16길 19,RENT,35.49,202606,11,27250,5,5,2018,202606~202806,N,N,27250.0,0.0,N,N
화양동,officetel,건대 트레비앙 오피스텔,ORIGINAL,174,광나루로 374,RENT,17.46,202606,11,1000,105,7,2023,202607~202707,N,N,1000.0,100.0,N,N
화양동,officetel,광나루로20길 34,ROAD_ADDR,111-89,광나루로20길 34,RENT,16.93,202606,11,15000,25,5,2021,202607~202807,Y,N,,,N,N
화양동,villa,군자로7길 2-5,ROAD_ADDR,17-47,군자로7길 2-5,RENT,17.07,202606,11,2000,55,5,2015,202606~202806,Y,N,,,Y,Y
화양동,officetel,케이타워 오피스텔 B,ORIGINAL,21-22,동일로30길 23,RENT,18.85,202606,10,1000,80,11,2013,202607~202807,Y,N,,,N,N
화양동,officetel,KCC파크타운,ORIGINAL,527,광나루로 410,RENT,27.63,202606,10,2000,80,3,2005,202606~202706,Y,N,,,N,N
화양동,officetel,광진캠퍼스시티,ORIGINAL,21-20,동일로 178,RENT,17.49,202606,10,12500,25,8,2017,202608~202807,Y,N,,,N,N
화양동,officetel,광진캠퍼스시티,ORIGINAL,21-20,동일로 178,RENT,16.08,202606,09,1000,77,18,2017,202607~202707,N,Y,1000.0,73.0,N,N
화양동,villa,채움하우스,ORIGINAL,529,능동로15길 22,RENT,17.26,202606,09,5000,46,4,2012,202608~202808,Y,N,,,Y,Y
화양동,officetel,건대 트레비앙 오피스텔,ORIGINAL,174,광나루로 374,RENT,18.66,202606,08,1000,105,11,2023,202607~202802,Y,N,,,N,N
화양동,officetel,건대 트레비앙 오피스텔,ORIGINAL,174,광나루로 374,RENT,17.46,202606,08,1000,103,9,2023,202606~202706,Y,N,,,N,N
화양동,villa,보나하임,ORIGINAL,32-20,군자로7길 24,RENT,29.94,202606,08,1000,57,3,2016,202607~202807,Y,N,,,Y,Y
화양동,villa,동일로28길 38,ROAD_ADDR,32-27,동일로28길 38,RENT,25.45,202606,08,1000,36,5,2008,202607~202807,Y,N,,,Y,Y
화양동,officetel,테라팰리스 건대4차,ORIGINAL,2-10,능동로 157,RENT,26.58,202606,06,2000,158,10,2023,202607~202707,Y,N,,,N,N
화양동,officetel,건대 트레비앙 오피스텔,ORIGINAL,174,광나루로 374,RENT,17.46,202606,06,1000,100,9,2023,202607~202707,Y,N,,,N,N
화양동,villa,artillage,ORIGINAL,10-3,아차산로31길 43-4,RENT,21.6,202606,06,3000,62,3,2015,202607~202807,Y,N,,,N,Y
화양동,villa,군자로6길 53-11,ROAD_ADDR,94-11,군자로6길 53-11,RENT,29.44,202606,06,2000,60,5,2016,202607~202806,Y,N,,,Y,Y
화양동,villa,휴심재,ORIGINAL,33-23,동일로26길 43-3,RENT,29.45,202606,06,7000,57,2,2018,202607~202807,Y,N,,,Y,N
화양동,officetel,광진캠퍼스시티,ORIGINAL,21-20,동일로 178,RENT,16.08,202606,05,1000,75,15,2017,202606~202706,Y,N,,,N,N
화양동,villa,더하임,ORIGINAL,36-22,아차산로23길 48-5,RENT,21.14,202606,05,2000,70,1,2026,202606~202806,Y,N,,,N,Y
화양동,officetel,하이뷰오피스텔,ORIGINAL,193,광나루로 386,RENT,18.43,202606,04,1000,98,15,2020,202608~202808,Y,N,,,N,N
화양동,villa,W0NHOUSE,ORIGINAL,10-22,아차산로29길 52-9,RENT,20.42,202606,04,1000,120,4,2013,202606~202806,N,N,1000.0,118.0,N,N
화양동,officetel,하이뷰오피스텔,ORIGINAL,193,광나루로 386,RENT,18.57,202606,03,1000,96,14,2020,202607~202807,Y,N,,,N,N
화양동,officetel,광진캠퍼스시티,ORIGINAL,21-20,동일로 178,RENT,16.08,202606,03,500,85,13,2017,202606~202706,Y,N,,,N,N
화양동,officetel,광진캠퍼스시티,ORIGINAL,21-20,동일로 178,RENT,16.08,202606,03,500,61,14,2017,202606~202706,Y,N,,,N,Y
화양동,villa,군자로6길 53-11,ROAD_ADDR,94-11,군자로6길 53-11,RENT,29.44,202606,03,7000,60,5,2016,202606~202806,Y,N,,,Y,N
화양동,officetel,광진캠퍼스시티,ORIGINAL,21-20,동일로 178,RENT,16.08,202606,02,1000,76,10,2017,202607~202707,N,N,1000.0,72.0,N,N
화양동,officetel,광진캠퍼스시티,ORIGINAL,21-20,동일로 178,RENT,24.38,202606,02,2000,115,19,2017,202607~202807,Y,N,,,N,N
화양동,villa,시트린,ORIGINAL,111-203,능동로17길 10,RENT,13.18,202606,02,12000,48,9,2022,202608~202808,Y,N,,,N,N
화양동,villa,시트린,ORIGINAL,111-203,능동로17길 10,RENT,13.63,202606,02,5000,75,7,2022,202606~202706,Y,N,,,N,N
화양동,villa,아차산로23길 79,ROAD_ADDR,31-43,아차산로23길 79,RENT,17.85,202606,02,500,68,2,2013,202606~202806,Y,N,,,N,Y
화양동,officetel,하이뷰오피스텔,ORIGINAL,193,광나루로 386,RENT,18.52,202606,01,5000,70,17,2020,202606~202706,Y,N,,,N,Y
화양동,officetel,화양 디펠리체,ORIGINAL,18-9,광나루로 358,RENT,20.42,202606,01,15000,35,13,2019,202607~202807,Y,N,,,N,N
화양동,officetel,건대 트레비앙 오피스텔,ORIGINAL,174,광나루로 374,RENT,17.46,202606,01,1000,100,5,2023,202608~202707,Y,N,,,N,N
화양동,officetel,건대 트레비앙 오피스텔,ORIGINAL,174,광나루로 374,RENT,17.46,202605,31,5000,79,10,2023,202606~202706,Y,N,,,N,N
화양동,officetel,화양 디펠리체,ORIGINAL,18-9,광나루로 358,RENT,20.45,202605,30,1000,86,8,2019,202607~202807,Y,N,,,N,N
화양동,officetel,화양 디펠리체,ORIGINAL,18-9,광나루로 358,RENT,20.45,202605,30,1000,90,7,2019,202608~202707,Y,N,,,N,N
화양동,officetel,광진캠퍼스시티,ORIGINAL,21-20,동일로 178,RENT,16.08,202605,30,3000,60,7,2017,202605~202705,Y,N,,,Y,Y
화양동,officetel,광진캠퍼스시티,ORIGINAL,21-20,동일로 178,RENT,16.08,202605,30,1000,80,6,2017,202607~202707,Y,N,,,N,N
화양동,villa,세종에버그린(102동),ORIGINAL,17-92,광나루로16길 21,RENT,25.06,202605,30,3000,119,11,2018,202607~202807,Y,N,,,N,N
화양동,villa,채움하우스,ORIGINAL,529,능동로15길 22,RENT,19.95,202605,30,5000,51,4,2012,202607~202807,Y,N,,,Y,Y
화양동,villa,능동로17길 17,ROAD_ADDR,103,능동로17길 17,RENT,13.94,202605,30,5000,22,6,2012,202606~202806,Y,N,,,Y,Y
화양동,officetel,광진캠퍼스시티,ORIGINAL,21-20,동일로 178,RENT,16.08,202605,29,1000,71,5,2017,202607~202707,N,N,1000.0,68.0,N,N
화양동,officetel,정익제이타워3차,ORIGINAL,111-75,능동로19길 7-13,RENT,16.94,202605,29,1000,100,10,2022,202606~202806,Y,N,,,N,N
화양동,officetel,건대 트레비앙 오피스텔,ORIGINAL,174,광나루로 374,RENT,17.46,202605,29,1000,103,9,2023,202606~202706,Y,N,,,N,N
화양동,villa,하우스나인,ORIGINAL,111-29,능동로17길 16,RENT,13.51,202605,29,1000,70,5,2012,202607~202807,Y,N,,,N,Y
화양동,villa,동일로26길 54,ROAD_ADDR,35-55,동일로26길 54,RENT,34.83,202605,29,500,55,3,2010,202606~202806,N,N,500.0,53.0,Y,Y
화양동,villa,화양동복합빌딩(3-18),ORIGINAL,3-18,군자로 3,RENT,17.95,202605,29,1000,72,7,2013,202608~202808,Y,N,,,N,N
화양동,officetel,화양 디펠리체,ORIGINAL,18-9,광나루로 358,RENT,20.45,202605,28,5000,70,10,2019,202606~202706,Y,N,,,N,Y
화양동,villa,한신하우스,ORIGINAL,75-2,군자로6길 24,RENT,14.88,202605,28,7000,18,4,2012,202607~202807,Y,N,,,Y,N
화양동,villa,artillage,ORIGINAL,10-3,아차산로31길 43-4,RENT,17.48,202605,27,2000,58,3,2015,202606~202806,Y,N,,,Y,Y
화양동,villa,동일로26길 15,ROAD_ADDR,31-64,동일로26길 15,RENT,21.89,202605,27,1000,68,3,2011,202605~202805,Y,N,,,N,Y
화양동,villa,군자로6길 40,ROAD_ADDR,106,군자로6길 40,RENT,18.4,202605,26,1000,70,5,2014,202606~202806,Y,N,,,N,Y
화양동,officetel,케이타워 오피스텔 A,ORIGINAL,21-23,광나루로14길 8,RENT,19.78,202605,25,1000,78,3,2013,202607~202807,Y,N,,,N,N
화양동,villa,동일로30길 16,ROAD_ADDR,20-30,동일로30길 16,RENT,16.85,202605,25,180,180,10,2021,202605~202612,Y,N,,,N,N
화양동,officetel,빌리브 인테라스,ORIGINAL,111-12,능동로 172,RENT,16.88,202605,23,4000,85,17,2021,202607~202807,Y,N,,,N,N
화양동,villa,썬앤영,ORIGINAL,9-32,아차산로29길 28-9,RENT,27.65,202605,23,13000,12,3,2013,202607~202807,N,N,13000.0,9.0,N,N
화양동,villa,YN웰하우스,ORIGINAL,19-39,광나루로14길 15,RENT,12.0,202605,23,2000,65,2,2012,202605~202805,Y,N,,,N,Y
화양동,officetel,화양동 동도센트리움 캠퍼스파크,ORIGINAL,116-2,광나루로 370,RENT,16.83,202605,22,16900,6,6,2019,202607~202807,Y,N,,,N,N
화양동,officetel,화양동 프라하임,ORIGINAL,94-9,능동로 165-1,RENT,27.05,202605,22,2000,165,13,2022,202606~202706,Y,N,,,N,N
화양동,officetel,광나루로 454,ROAD_ADDR,302-24,광나루로 454,RENT,24.6,202605,22,4000,65,4,2002,202605~202805,Y,N,,,N,Y
화양동,villa,휴심재,ORIGINAL,33-23,동일로26길 43-3,RENT,19.51,202605,22,4000,39,3,2018,202606~202806,Y,N,,,Y,Y
화양동,villa,휴심재,ORIGINAL,33-23,동일로26길 43-3,RENT,19.51,202605,22,4000,39,3,2018,202606~202806,Y,N,,,Y,Y
화양동,officetel,케이타워 오피스텔 A,ORIGINAL,21-23,광나루로14길 8,RENT,19.93,202605,20,1000,73,8,2013,202606~202706,N,Y,1000.0,70.0,N,N
화양동,officetel,화양동 프라하임,ORIGINAL,94-9,능동로 165-1,RENT,27.05,202605,20,1000,170,9,2022,202605~202705,Y,N,,,N,N
화양동,officetel,광진캠퍼스시티,ORIGINAL,21-20,동일로 178,RENT,17.49,202605,20,1090,66,3,2017,202605~202705,Y,N,,,N,Y
화양동,villa,아차산로23길 79,ROAD_ADDR,31-43,아차산로23길 79,RENT,17.85,202605,20,500,65,4,2013,202608~202808,Y,N,,,N,Y
화양동,officetel,화양 디펠리체,ORIGINAL,18-9,광나루로 358,RENT,20.45,202605,19,1000,90,12,2019,202608~202807,Y,N,,,N,N
화양동,officetel,빌리브 인테라스,ORIGINAL,111-12,능동로 172,RENT,16.88,202605,19,21100,6,18,2021,202607~202807,Y,N,,,N,N
화양동,villa,TheHill,ORIGINAL,111-137,능동로17길 22,RENT,14.73,202605,19,2000,55,5,2014,202607~202806,Y,N,,,Y,Y
화양동,villa,광나루로22길 17-4,ROAD_ADDR,499-78,광나루로22길 17-4,RENT,24.33,202605,19,500,60,-1,1986,202606~202806,Y,N,,,Y,Y
화양동,villa,아스하임,ORIGINAL,17-16,군자로 43,RENT,14.11,202605,18,2000,85,9,2016,202606~202802,Y,N,,,N,N
화양동,villa,아차산로29길 52,ROAD_ADDR,10-26,아차산로29길 52,RENT,15.02,202605,18,1000,60,2,2014,202606~202806,Y,N,,,Y,Y
화양동,officetel,광나루로 454,ROAD_ADDR,302-24,광나루로 454,RENT,24.6,202605,17,3000,70,4,2002,202605~202805,Y,N,,,N,Y
화양동,officetel,빌리브 인테라스,ORIGINAL,111-12,능동로 172,RENT,16.88,202605,16,21000,18,16,2021,202605~202805,Y,N,,,N,N
화양동,officetel,하이뷰오피스텔,ORIGINAL,193,광나루로 386,RENT,18.43,202605,16,20000,11,11,2020,202607~202807,Y,N,,,N,N
화양동,officetel,화양타워,ORIGINAL,110-37,능동로19길 47,RENT,33.7,202605,16,1000,100,4,1999,202607~202808,Y,N,,,N,N
화양동,villa,예그리나Ⅰ,ORIGINAL,109-4,군자로6길 27,RENT,12.04,202605,16,9000,12,4,2013,202606~202706,N,Y,9000.0,10.0,N,N
화양동,villa,아차산로23길 56,ROAD_ADDR,36-90,아차산로23길 56,RENT,36.92,202605,16,10000,72,2,2005,202606~202806,Y,N,,,N,N
화양동,officetel,하이뷰오피스텔,ORIGINAL,193,광나루로 386,RENT,18.57,202605,15,1000,88,5,2020,202608~202708,Y,N,,,N,N
화양동,officetel,아스하임,ORIGINAL,111-102,광나루로 382,RENT,17.15,202605,15,1000,86,5,2018,202606~202806,N,N,1000.0,82.0,N,N
화양동,officetel,엘리시아1차,ORIGINAL,94-13,광나루로20길 36-3,RENT,15.05,202605,15,500,90,3,2021,202605~202611,Y,N,,,N,N
화양동,villa,라인하우스,ORIGINAL,15-33,군자로3길 24-12,RENT,17.4,202605,15,3000,44,3,2013,202605~202805,Y,N,,,Y,Y
화양동,villa,무지개하우스41-2,ORIGINAL,41-2,동일로26길 8,RENT,15.4,202605,15,1000,70,3,2015,202606~202806,Y,N,,,N,Y
화양동,villa,라인하우스,ORIGINAL,15-33,군자로3길 24-12,RENT,17.4,202605,15,3000,44,3,2013,202605~202805,Y,N,,,Y,Y
화양동,officetel,화양 디펠리체,ORIGINAL,18-9,광나루로 358,RENT,20.45,202605,14,1000,90,16,2019,202606~202806,Y,N,,,N,N
화양동,officetel,하이뷰오피스텔,ORIGINAL,193,광나루로 386,RENT,18.57,202605,14,1000,92,12,2020,202606~202802,Y,N,,,N,N
화양동,villa,AstonHouse,ORIGINAL,98-1,군자로6길 51,RENT,14.15,202605,14,3000,56,4,2013,202606~202806,Y,N,,,Y,Y
화양동,officetel,능동로19길 15,ROAD_ADDR,112-14,능동로19길 15,RENT,19.2,202605,13,3000,71,8,2015,202606~202806,Y,N,,,N,N
화양동,villa,하늘빛하우스(31-19),ORIGINAL,31-19,아차산로21길 98-3,RENT,16.2,202605,13,1000,60,2,2015,202606~202806,Y,N,,,Y,Y
화양동,officetel,아스하임,ORIGINAL,111-102,광나루로 382,RENT,18.84,202605,12,1000,110,4,2018,202605~202705,Y,N,,,N,N
화양동,villa,예가,ORIGINAL,20-33,광나루로14길 22,RENT,22.48,202605,12,12000,20,5,2011,202606~202806,Y,N,,,N,N
화양동,villa,bestvill,ORIGINAL,17-14,광나루로16길 7-5,RENT,20.4,202605,12,1000,64,4,2012,202605~202805,Y,N,,,N,Y
화양동,villa,bestvill,ORIGINAL,17-14,광나루로16길 7-5,RENT,20.4,202605,12,1000,66,4,2012,202605~202805,Y,N,,,N,Y
화양동,villa,wj.cityvillB동,ORIGINAL,17-61,동일로28길 49-9,RENT,18.35,202605,12,2000,44,3,2014,202606~202806,Y,N,,,Y,Y
화양동,officetel,빌리브 인테라스,ORIGINAL,111-12,능동로 172,RENT,16.88,202605,11,10000,63,14,2021,202606~202706,Y,N,,,N,N
화양동,villa,선인팰리스,ORIGINAL,75-6,군자로6길 50-2,RENT,12.54,202605,11,1000,56,4,2013,202606~202806,Y,N,,,Y,Y
화양동,officetel,건대 트레비앙 오피스텔,ORIGINAL,174,광나루로 374,RENT,17.46,202605,09,1000,105,12,2023,202606~202706,N,N,1000.0,100.0,N,N
화양동,officetel,하이뷰오피스텔,ORIGINAL,193,광나루로 386,RENT,18.57,202605,09,23400,3,11,2020,202605~202805,Y,N,,,N,N
화양동,officetel,화양동 프라하임,ORIGINAL,94-9,능동로 165-1,RENT,26.85,202605,09,1000,170,8,2022,202605~202705,Y,N,,,N,N
화양동,officetel,광진캠퍼스시티,ORIGINAL,21-20,동일로 178,RENT,16.08,202605,09,500,70,15,2017,202605~202608,Y,N,,,N,Y
화양동,villa,군자로5길 15-12,ROAD_ADDR,15-83,군자로5길 15-12,RENT,15.27,202605,09,500,52,2,2012,202605~202802,Y,N,,,Y,Y
화양동,villa,DM7화양,ORIGINAL,29-25,능동로16길 12,RENT,14.08,202605,09,1000,80,3,2025,202605~202805,Y,N,,,N,N
화양동,officetel,광진캠퍼스시티,ORIGINAL,21-20,동일로 178,RENT,16.08,202605,08,11000,40,17,2017,202608~202808,Y,N,,,N,N
화양동,officetel,정익제이타워,ORIGINAL,111-22,능동로19길 7-10,RENT,17.09,202605,08,1000,90,4,2016,202605~202802,N,Y,1000.0,90.0,N,N
화양동,villa,위드하우스(36-79),ORIGINAL,36-79,아차산로25길 57-3,RENT,28.4,202605,08,1000,55,3,2016,202605~202805,Y,N,,,Y,Y
화양동,officetel,광진캠퍼스시티,ORIGINAL,21-20,동일로 178,RENT,17.49,202605,07,1000,70,18,2017,202605~202705,Y,N,,,N,Y
화양동,villa,AstonHouse,ORIGINAL,98-1,군자로6길 51,RENT,14.15,202605,07,1000,63,2,2013,202607~202807,Y,N,,,N,Y
화양동,villa,태평정(111-40),ORIGINAL,111-40,광나루로20길 38,RENT,29.95,202605,07,3000,180,7,2025,202605~202805,Y,N,,,N,N
화양동,officetel,광진캠퍼스시티,ORIGINAL,21-20,동일로 178,RENT,16.08,202605,06,1000,78,12,2017,202608~202708,N,N,1000.0,75.0,N,N
화양동,officetel,케이타워 오피스텔 A,ORIGINAL,21-23,광나루로14길 8,RENT,19.93,202605,06,11900,35,2,2013,202605~202805,N,Y,11900.0,25.0,N,N
화양동,officetel,빌리브 인테라스,ORIGINAL,111-12,능동로 172,RENT,16.88,202605,06,10000,63,14,2021,202606~202706,Y,N,,,N,N
화양동,officetel,광진캠퍼스시티,ORIGINAL,21-20,동일로 178,RENT,17.49,202605,06,4000,60,6,2017,202605~202705,Y,N,,,Y,Y
화양동,officetel,광나루로 454,ROAD_ADDR,302-24,광나루로 454,RENT,24.6,202605,05,1000,80,6,2002,202605~202805,Y,N,,,N,N
화양동,officetel,세종에버그린,ORIGINAL,17-92,광나루로16길 21,RENT,35.0,202605,05,26000,5,3,2018,202608~202808,Y,N,,,N,N
화양동,villa,jw.cityvill1동,ORIGINAL,19-2,광나루로16길 6,RENT,13.12,202605,05,1000,55,2,2013,202606~202806,Y,N,,,Y,Y
화양동,officetel,광진캠퍼스시티,ORIGINAL,21-20,동일로 178,RENT,17.49,202605,04,1000,75,3,2017,202605~202705,Y,N,,,N,N
화양동,villa,아차산로25길 65,ROAD_ADDR,36-95,아차산로25길 65,RENT,17.49,202605,04,1000,55,5,2010,202605~202805,Y,N,,,Y,Y
화양동,villa,풍성그라시움,ORIGINAL,132-29,능동로17길 51,RENT,29.75,202605,04,25000,18,6,2022,202606~202806,Y,N,,,N,N
화양동,officetel,광나루로 454,ROAD_ADDR,302-24,광나루로 454,RENT,24.6,202605,02,2000,65,3,2002,202605~202805,Y,N,,,N,Y
화양동,officetel,광나루로 454,ROAD_ADDR,302-24,광나루로 454,RENT,24.9,202605,02,4000,65,3,2002,202605~202805,Y,N,,,N,Y
화양동,officetel,광진캠퍼스시티,ORIGINAL,21-20,동일로 178,RENT,17.49,202605,02,1000,75,10,2017,202605~202705,Y,N,,,N,N
화양동,villa,광나루로12길 17,ROAD_ADDR,20-20,광나루로12길 17,RENT,14.43,202605,02,1000,55,6,2017,202605~202805,Y,N,,,Y,Y
화양동,officetel,화양 디펠리체,ORIGINAL,18-9,광나루로 358,RENT,20.45,202604,29,1000,83,4,2019,202605~202705,Y,N,,,N,N
화양동,officetel,엘리시아1차,ORIGINAL,94-13,광나루로20길 36-3,RENT,15.05,202604,29,15000,12,5,2021,202606~202805,Y,N,,,N,N
화양동,officetel,광진캠퍼스시티,ORIGINAL,21-20,동일로 178,RENT,16.08,202604,28,1000,78,5,2017,202606~202806,Y,N,,,N,N
화양동,villa,혜성빌,ORIGINAL,19-6,광나루로16길 8-3,RENT,17.1,202604,28,500,58,7,2013,202605~202805,Y,N,,,Y,Y
화양동,officetel,케이타워 오피스텔 B,ORIGINAL,21-22,동일로30길 23,RENT,18.85,202604,27,12000,35,5,2013,202605~202805,Y,N,,,N,N
화양동,officetel,DM7 건대,ORIGINAL,93-1,광나루로20길 40,RENT,36.27,202604,27,2500,200,10,2024,202604~202804,Y,N,,,N,N
화양동,officetel,광진캠퍼스시티,ORIGINAL,21-20,동일로 178,RENT,17.49,202604,25,1000,75,14,2017,202604~202704,Y,N,,,N,N
화양동,officetel,선인팰리스,ORIGINAL,75-6,군자로6길 50-2,RENT,18.57,202604,25,500,65,6,2013,202604~202804,Y,N,,,N,Y
화양동,officetel,동일로28길 49-11,ROAD_ADDR,17-60,동일로28길 49-11,RENT,28.5,202604,25,1000,60,2,2014,202605~202805,Y,N,,,Y,Y
화양동,villa,군자로7길 2-11,ROAD_ADDR,17-44,군자로7길 2-11,RENT,27.26,202604,25,500,63,7,2020,202605~202701,Y,N,,,N,Y
화양동,villa,삼원제우스,ORIGINAL,42-7,동일로 122,RENT,34.14,202604,25,20000,60,4,2016,202605~202805,Y,N,,,N,N
화양동,villa,군자로4길 1,ROAD_ADDR,64-2,군자로4길 1,RENT,20.24,202604,24,6000,67,5,2020,202605~202805,Y,N,,,N,Y
화양동,villa,군자로5길 7-10,ROAD_ADDR,15-75,군자로5길 7-10,RENT,22.0,202604,24,800,46,4,2003,202604~202804,N,N,800.0,44.0,Y,Y
화양동,officetel,더 메종 건대,ORIGINAL,23-5,동일로 174,RENT,17.71,202604,23,1000,113,16,2022,202606~202706,Y,N,,,N,N
화양동,officetel,케이타워 오피스텔 B,ORIGINAL,21-22,동일로30길 23,RENT,18.85,202604,23,1000,80,18,2013,202604~202804,Y,N,,,N,N
화양동,officetel,광진캠퍼스시티,ORIGINAL,21-20,동일로 178,RENT,16.08,202604,23,1000,80,7,2017,202604~202804,Y,N,,,N,N
화양동,officetel,광진캠퍼스시티,ORIGINAL,21-20,동일로 178,RENT,16.08,202604,22,1000,80,13,2017,202605~202705,Y,N,,,N,N
화양동,villa,군자로3길 25-17,ROAD_ADDR,12-48,군자로3길 25-17,RENT,20.88,202604,22,1000,75,3,2013,202604~202804,Y,N,,,N,N
화양동,officetel,화양 디펠리체,ORIGINAL,18-9,광나루로 358,RENT,20.45,202604,21,3000,69,18,2019,202607~202707,Y,N,,,N,Y
화양동,villa,엘리시아1차,ORIGINAL,94-13,광나루로20길 36-3,RENT,12.05,202604,21,1000,90,11,2021,202604~202704,Y,N,,,N,N
화양동,officetel,더 메종 건대,ORIGINAL,23-5,동일로 174,RENT,16.44,202604,20,1000,95,18,2022,202604~202804,Y,N,,,N,N
화양동,officetel,화양타워,ORIGINAL,110-37,능동로19길 47,RENT,38.64,202604,20,1000,115,6,1999,202606~202808,Y,N,,,N,N
화양동,officetel,KCC파크타운,ORIGINAL,527,광나루로 410,RENT,25.79,202604,20,1000,80,11,2005,202604~202804,Y,N,,,N,N
화양동,officetel,더 메종 건대,ORIGINAL,23-5,동일로 174,RENT,16.66,202604,20,14400,38,14,2022,202605~202805,Y,N,,,N,N
화양동,officetel,글로벌시티,ORIGINAL,49-12,아차산로 205,RENT,20.23,202604,18,2000,61,3,2003,202606~202806,Y,N,,,N,Y
화양동,officetel,건대 트레비앙 오피스텔,ORIGINAL,174,광나루로 374,RENT,18.66,202604,18,1000,105,10,2023,202605~202705,Y,N,,,N,N
화양동,officetel,케이타워 오피스텔 A,ORIGINAL,21-23,광나루로14길 8,RENT,19.93,202604,18,1000,75,9,2013,202604~202704,Y,N,,,N,N
화양동,villa,아름빌(10-24),ORIGINAL,10-24,아차산로29길 58,RENT,18.81,202604,18,1000,71,2,2012,202604~202804,Y,N,,,N,N
화양동,villa,광나루로14길 30,ROAD_ADDR,20-11,광나루로14길 30,RENT,19.99,202604,18,1000,52,3,2014,202604~202804,N,Y,1000.0,50.0,Y,Y
화양동,villa,아름빌(10-24),ORIGINAL,10-24,아차산로29길 58,RENT,12.24,202604,18,1000,60,3,2012,202605~202805,Y,N,,,Y,Y
화양동,officetel,능동로19길 15,ROAD_ADDR,112-14,능동로19길 15,RENT,15.86,202604,17,1000,69,8,2015,202605~202805,Y,N,,,N,Y
화양동,officetel,DM7 화양,ORIGINAL,29-25,능동로16길 12,RENT,14.1,202604,17,2000,85,12,2025,202605~202704,Y,N,,,N,N
화양동,villa,IRIS,ORIGINAL,17-53,동일로28길 49-10,RENT,17.1,202604,17,12000,8,2,2012,202606~202806,Y,N,,,N,N
화양동,villa,아름빌(10-24),ORIGINAL,10-24,아차산로29길 58,RENT,24.99,202604,17,5000,57,4,2012,202605~202805,Y,N,,,Y,Y
화양동,villa,AstonHouse,ORIGINAL,98-1,군자로6길 51,RENT,15.39,202604,17,2000,56,4,2013,202605~202805,Y,N,,,Y,Y
화양동,officetel,KCC파크타운,ORIGINAL,527,광나루로 410,RENT,25.79,202604,16,1000,85,11,2005,202605~202708,Y,N,,,N,N
화양동,villa,애플빌,ORIGINAL,9-42,아차산로29길 28-3,RENT,13.92,202604,16,1000,50,3,2013,202606~202706,N,N,1000.0,48.0,Y,Y
화양동,officetel,건대 트레비앙 오피스텔,ORIGINAL,174,광나루로 374,RENT,17.46,202604,15,1000,100,8,2023,202604~202704,Y,N,,,N,N
화양동,officetel,테라팰리스 건대4차,ORIGINAL,2-10,능동로 157,RENT,38.2,202604,15,2000,190,8,2023,202606~202706,Y,N,,,N,N
화양동,villa,군자로3길 24-3,ROAD_ADDR,15-52,군자로3길 24-3,RENT,20.13,202604,15,1000,53,4,2017,202605~202805,Y,N,,,Y,Y
화양동,officetel,광진캠퍼스시티,ORIGINAL,21-20,동일로 178,RENT,16.08,202604,14,1000,75,9,2017,202604~202704,Y,N,,,N,N
화양동,villa,olivehouse,ORIGINAL,19-40,광나루로14길 17,RENT,17.15,202604,14,3000,50,4,2012,202604~202804,Y,N,,,Y,Y
화양동,villa,동일로26길 54,ROAD_ADDR,35-55,동일로26길 54,RENT,16.77,202604,13,500,65,2,2010,202605~202805,N,N,500.0,60.0,N,Y
화양동,officetel,화양 디펠리체,ORIGINAL,18-9,광나루로 358,RENT,20.45,202604,11,15000,25,13,2019,202606~202806,Y,N,,,N,N
화양동,officetel,광진캠퍼스시티,ORIGINAL,21-20,동일로 178,RENT,16.08,202604,11,1000,76,19,2017,202605~202705,Y,N,,,N,N
화양동,villa,광나루로16길 28,ROAD_ADDR,19-25,광나루로16길 28,RENT,12.55,202604,11,4000,35,2,2013,202604~202802,Y,N,,,Y,Y
화양동,villa,애플빌,ORIGINAL,9-42,아차산로29길 28-3,RENT,13.44,202604,11,1000,54,2,2013,202605~202805,Y,N,,,Y,Y
화양동,officetel,광나루로 454,ROAD_ADDR,302-24,광나루로 454,RENT,24.9,202604,10,1000,70,3,2002,202604~202804,N,N,1000.0,65.0,N,Y
화양동,officetel,광진캠퍼스시티,ORIGINAL,21-20,동일로 178,RENT,16.08,202604,10,12000,30,17,2017,202605~202805,Y,N,,,N,N
화양동,officetel,건대 트레비앙 오피스텔,ORIGINAL,174,광나루로 374,RENT,17.46,202604,09,1000,105,6,2023,202606~202806,N,N,1000.0,100.0,N,N
화양동,officetel,케이타워 오피스텔 A,ORIGINAL,21-23,광나루로14길 8,RENT,19.78,202604,09,3000,61,11,2013,202604~202804,Y,N,,,N,Y
화양동,officetel,케이타워 오피스텔 A,ORIGINAL,21-23,광나루로14길 8,RENT,19.93,202604,09,5000,50,15,2013,202605~202705,Y,N,,,Y,Y
화양동,villa,예그리나Ⅱ,ORIGINAL,109-7,군자로6길 28,RENT,13.32,202604,09,12000,8,3,2013,202606~202806,N,N,12000.0,5.0,N,N
화양동,villa,선인팰리스,ORIGINAL,75-6,군자로6길 50-2,RENT,12.24,202604,09,1000,44,3,2013,202604~202802,Y,N,,,Y,Y
화양동,villa,DM7건대,ORIGINAL,111-41,광나루로20길 40,RENT,38.07,202604,09,5000,195,5,2024,202604~202804,Y,N,,,N,N
화양동,officetel,빌리브 인테라스,ORIGINAL,111-12,능동로 172,RENT,16.88,202604,08,10000,58,6,2021,202606~202806,Y,N,,,N,N
화양동,officetel,세종에버그린,ORIGINAL,17-92,광나루로16길 21,RENT,33.71,202604,08,3000,137,5,2018,202604~202704,N,N,3000.0,130.0,N,N
화양동,officetel,세종에버그린,ORIGINAL,17-68,광나루로16길 19,RENT,35.0,202604,07,3000,110,5,2018,202604~202704,Y,N,,,N,N
화양동,villa,더하우스인,ORIGINAL,20-10,광나루로14길 24,RENT,24.15,202604,07,25000,14,8,2018,202604~202704,N,N,26400.0,0.0,N,N
화양동,officetel,능동로19길 15,ROAD_ADDR,112-14,능동로19길 15,RENT,17.85,202604,06,2000,76,9,2015,202604~202708,Y,N,,,N,N
화양동,villa,W0NHOUSE,ORIGINAL,10-22,아차산로29길 52-9,RENT,17.64,202604,06,2500,50,3,2013,202605~202705,Y,N,,,Y,Y
화양동,officetel,빌리브 인테라스,ORIGINAL,111-12,능동로 172,RENT,16.88,202604,05,1000,98,9,2021,202607~202807,Y,N,,,N,N
화양동,villa,군자로3길 4,ROAD_ADDR,15-8,군자로3길 4,RENT,26.28,202604,04,1000,64,3,2003,202605~202805,Y,N,,,N,Y
화양동,officetel,광진캠퍼스시티,ORIGINAL,21-20,동일로 178,RENT,17.49,202604,03,1000,80,13,2017,202604~202704,Y,N,,,N,N
화양동,officetel,KCC파크타운,ORIGINAL,527,광나루로 410,RENT,32.16,202604,03,1000,80,8,2005,202606~202806,Y,N,,,N,N
화양동,villa,wonhiuseⅡ(12-44),ORIGINAL,12-44,군자로3길 25-8,RENT,16.06,202604,03,3000,43,2,2015,202604~202704,Y,N,,,Y,Y
화양동,villa,DM7건대(93-1),ORIGINAL,93-1,광나루로20길 40,RENT,29.06,202604,03,3000,190,6,2024,202604~202704,Y,N,,,N,N
화양동,officetel,빌리브 인테라스,ORIGINAL,111-12,능동로 172,RENT,16.88,202604,02,10000,60,15,2021,202605~202705,Y,N,,,N,N
화양동,officetel,세종에버그린,ORIGINAL,17-68,광나루로16길 19,RENT,33.71,202604,02,27000,10,3,2018,202606~202805,Y,N,,,N,N
화양동,villa,KUBE(11-19),ORIGINAL,11-19,동일로24길 95-4,RENT,16.12,202604,01,500,55,5,2012,202604~202804,Y,N,,,Y,Y
화양동,officetel,더리브오피스텔,ORIGINAL,17-20,광나루로16길 9-9,RENT,12.53,202603,31,9300,5,2,2011,202604~202804,Y,N,,,N,N
화양동,villa,군자로7길 2-5,ROAD_ADDR,17-47,군자로7길 2-5,RENT,17.07,202603,31,12000,12,6,2015,202605~202805,Y,N,,,N,N
화양동,villa,은조갤러리,ORIGINAL,16-53,군자로7길 21,RENT,16.73,202603,31,13000,12,2,2012,202604~202804,N,Y,13000.0,10.0,N,N
화양동,villa,능동로17길 7-2,ROAD_ADDR,101-2,능동로17길 7-2,RENT,15.78,202603,31,1000,75,3,2015,202603~202803,Y,N,,,N,N
화양동,villa,화양동다세대주택(15-78),ORIGINAL,15-78,군자로5길 9,RENT,26.95,202603,31,500,80,5,2004,202604~202804,Y,N,,,N,N
화양동,officetel,광진캠퍼스시티,ORIGINAL,21-20,동일로 178,RENT,16.08,202603,30,1000,73,11,2017,202604~202704,N,N,1000.0,70.0,N,N
화양동,villa,아차산로23길 68,ROAD_ADDR,36-4,아차산로23길 68,RENT,16.98,202603,30,1000,43,3,2009,202604~202804,Y,N,,,Y,Y
화양동,villa,샤인빌,ORIGINAL,46-16,아차산로25길 28,RENT,22.28,202603,30,2000,66,3,2008,202604~202804,N,N,1000.0,70.0,N,Y
화양동,villa,군자로5길 15-12,ROAD_ADDR,15-83,군자로5길 15-12,RENT,12.05,202603,30,500,52,4,2012,202604~202802,Y,N,,,Y,Y
화양동,officetel,케이타워 오피스텔 B,ORIGINAL,21-22,동일로30길 23,RENT,18.85,202603,28,1000,85,6,2013,202605~202805,Y,N,,,N,N
화양동,officetel,광진캠퍼스시티,ORIGINAL,21-20,동일로 178,RENT,16.08,202603,28,1000,75,9,2017,202603~202703,Y,N,,,N,N
화양동,villa,군자로7길 2-5,ROAD_ADDR,17-47,군자로7길 2-5,RENT,17.07,202603,28,12600,17,7,2015,202605~202805,Y,N,,,N,N
화양동,officetel,광진캠퍼스시티,ORIGINAL,21-20,동일로 178,RENT,16.08,202603,27,1000,79,20,2017,202604~202704,Y,N,,,N,N
화양동,officetel,더 퍼스트,ORIGINAL,121-9,능동로19길 49,RENT,38.99,202603,27,1000,71,4,2022,202604~202804,Y,N,,,N,N
화양동,villa,아차산로23길 58-12,ROAD_ADDR,36-94,아차산로23길 58-12,RENT,15.15,202603,27,1000,55,2,2007,202603~202803,Y,N,,,Y,Y
화양동,officetel,광진캠퍼스시티,ORIGINAL,21-20,동일로 178,RENT,16.08,202603,26,1000,83,19,2017,202604~202704,Y,N,,,N,N
화양동,officetel,케이타워 오피스텔 A,ORIGINAL,21-23,광나루로14길 8,RENT,19.93,202603,26,12000,18,10,2013,202604~202804,Y,N,,,N,N
화양동,officetel,화양 디펠리체,ORIGINAL,18-9,광나루로 358,RENT,20.45,202603,25,16000,20,7,2019,202603~202803,N,N,19000.0,0.0,N,N
화양동,officetel,광진캠퍼스시티,ORIGINAL,21-20,동일로 178,RENT,16.08,202603,24,1000,75,4,2017,202604~202703,Y,N,,,N,N
화양동,officetel,KCC파크타운,ORIGINAL,527,광나루로 410,RENT,32.16,202603,24,1000,95,10,2005,202604~202804,Y,N,,,N,N
화양동,officetel,정익제이타워2차,ORIGINAL,111-35,광나루로18길 15-1,RENT,17.3,202603,24,1000,100,7,2021,202603~202702,Y,N,,,N,N
화양동,officetel,건대 트레비앙 오피스텔,ORIGINAL,174,광나루로 374,RENT,17.46,202603,23,3000,95,9,2023,202604~202704,Y,N,,,N,N
화양동,villa,하우스나인,ORIGINAL,111-29,능동로17길 16,RENT,13.51,202603,23,1000,70,7,2012,202603~202803,Y,N,,,N,Y
화양동,officetel,빌리브 인테라스,ORIGINAL,111-12,능동로 172,RENT,16.88,202603,21,10000,55,11,2021,202604~202804,Y,N,,,N,N
화양동,officetel,건대 트레비앙 오피스텔,ORIGINAL,174,광나루로 374,RENT,18.66,202603,21,4000,85,9,2023,202604~202704,Y,N,,,N,N
화양동,villa,승하우스,ORIGINAL,44-16,아차산로23길 7-6,RENT,39.86,202603,21,1000,56,2,2018,202604~202804,Y,N,,,Y,Y
화양동,villa,아름빌(10-24),ORIGINAL,10-24,아차산로29길 58,RENT,18.81,202603,21,3000,72,3,2012,202605~202805,Y,N,,,N,N
화양동,officetel,케이타워 오피스텔 B,ORIGINAL,21-22,동일로30길 23,RENT,18.85,202603,20,1500,80,18,2013,202604~202804,Y,N,,,N,N
화양동,officetel,빌리브 인테라스,ORIGINAL,111-12,능동로 172,RENT,16.88,202603,20,10000,60,18,2021,202603~202803,Y,N,,,N,N
화양동,officetel,케이타워 오피스텔 B,ORIGINAL,21-22,동일로30길 23,RENT,18.85,202603,19,11000,35,4,2013,202604~202804,Y,N,,,N,N
화양동,villa,스윗스팟화양,ORIGINAL,17-39,군자로7길 2-14,RENT,22.9,202603,19,1000,60,5,2008,202604~202804,Y,N,,,Y,Y
화양동,villa,능동로17길 17,ROAD_ADDR,103,능동로17길 17,RENT,13.94,202603,19,9600,5,6,2012,202604~202803,N,N,11000.0,0.0,N,N
화양동,officetel,화양 디펠리체,ORIGINAL,18-9,광나루로 358,RENT,20.45,202603,18,2000,80,11,2019,202603~202609,N,N,2000.0,55.0,N,N
화양동,officetel,화양 디펠리체,ORIGINAL,18-9,광나루로 358,RENT,20.28,202603,18,1000,77,4,2019,202603~202703,Y,N,,,N,N
화양동,villa,AstonHouse,ORIGINAL,98-1,군자로6길 51,RENT,15.39,202603,18,1000,66,3,2013,202605~202805,Y,N,,,N,Y
화양동,officetel,광진캠퍼스시티,ORIGINAL,21-20,동일로 178,RENT,16.08,202603,17,1000,76,6,2017,202604~202704,N,Y,1000.0,72.0,N,N
화양동,officetel,광진캠퍼스시티,ORIGINAL,21-20,동일로 178,RENT,16.08,202603,17,1000,76,3,2017,202604~202704,N,Y,1000.0,72.0,N,N
화양동,officetel,아스하임,ORIGINAL,17-16,군자로 43,RENT,18.83,202603,17,1000,80,8,2016,202605~202708,Y,N,,,N,N
화양동,villa,만복빌,ORIGINAL,41-6,동일로 148-8,RENT,15.35,202603,17,2000,36,3,2014,-,,N,,,Y,Y
화양동,officetel,건대 트레비앙 오피스텔,ORIGINAL,174,광나루로 374,RENT,17.46,202603,16,1000,105,10,2023,202604~202704,Y,N,,,N,N
화양동,officetel,테라팰리스 건대4차,ORIGINAL,2-10,능동로 157,RENT,38.2,202603,16,2000,190,6,2023,202603~202703,Y,N,,,N,N
화양동,officetel,KCC파크타운,ORIGINAL,527,광나루로 410,RENT,25.79,202603,14,1000,80,9,2005,202603~202703,Y,N,,,N,N
화양동,officetel,건대 트레비앙 오피스텔,ORIGINAL,174,광나루로 374,RENT,17.46,202603,14,1000,105,6,2023,202603~202703,Y,N,,,N,N
화양동,officetel,정익제이타워2차,ORIGINAL,111-35,광나루로18길 15-1,RENT,17.3,202603,14,1000,100,4,2021,202604~202704,Y,N,,,N,N
화양동,officetel,하이뷰오피스텔,ORIGINAL,193,광나루로 386,RENT,18.43,202603,14,1000,92,5,2020,202605~202705,Y,N,,,N,N
화양동,officetel,아스하임,ORIGINAL,17-16,군자로 43,RENT,18.83,202603,14,1000,95,7,2016,202603~202703,Y,N,,,N,N
화양동,officetel,아스하임,ORIGINAL,17-16,군자로 43,RENT,18.83,202603,14,1000,82,3,2016,202603~202703,Y,N,,,N,N
화양동,villa,Theacro,ORIGINAL,83-1,군자로6길 50,RENT,12.91,202603,14,1000,64,3,2013,202604~202804,Y,N,,,N,Y
화양동,villa,동일로28길 68-6,ROAD_ADDR,16-69,동일로28길 68-6,RENT,37.0,202603,14,2000,100,4,2013,202604~202804,Y,N,,,N,N
화양동,officetel,케이타워 오피스텔 B,ORIGINAL,21-22,동일로30길 23,RENT,18.85,202603,13,10000,40,13,2013,202604~202804,Y,N,,,N,N
화양동,officetel,하이뷰오피스텔,ORIGINAL,193,광나루로 386,RENT,18.43,202603,13,7000,50,8,2020,202605~202805,N,N,7000.0,50.0,Y,N
화양동,villa,정익제이타워,ORIGINAL,111-22,능동로19길 7-10,RENT,14.68,202603,12,1000,90,7,2016,202603~202703,Y,N,,,N,N
화양동,officetel,하이뷰오피스텔,ORIGINAL,193,광나루로 386,RENT,18.57,202603,10,20000,15,5,2020,202605~202805,Y,N,,,N,N
화양동,officetel,케이타워 오피스텔 A,ORIGINAL,21-23,광나루로14길 8,RENT,19.93,202603,10,1000,70,7,2013,202604~202704,Y,N,,,N,Y
화양동,officetel,하이뷰오피스텔,ORIGINAL,193,광나루로 386,RENT,18.57,202603,10,3000,80,13,2020,202605~202805,Y,N,,,N,N
화양동,villa,始皇,ORIGINAL,16-56,군자로5길 18-14,RENT,17.16,202603,10,4000,40,2,2011,202603~202803,Y,N,,,Y,Y
화양동,officetel,빌리브 인테라스,ORIGINAL,111-12,능동로 172,RENT,16.88,202603,09,1000,100,16,2021,202603~202703,Y,N,,,N,N
화양동,officetel,광진캠퍼스시티,ORIGINAL,21-20,동일로 178,RENT,16.08,202603,09,1000,70,11,2017,202603~202703,Y,N,,,N,Y
화양동,villa,선우빌,ORIGINAL,42-31,동일로24길 6,RENT,13.09,202603,09,10000,15,5,2012,202604~202804,Y,N,,,N,N
화양동,villa,선우빌,ORIGINAL,42-31,동일로24길 6,RENT,13.09,202603,09,10000,15,5,2012,202604~202804,Y,N,,,N,N
화양동,officetel,정익제이타워2차,ORIGINAL,111-35,광나루로18길 15-1,RENT,17.61,202603,07,1000,100,8,2021,202603~202703,Y,N,,,N,N
화양동,officetel,까사펠리즈 화양,ORIGINAL,23-37,광나루로12길 20,RENT,27.21,202603,07,17000,45,4,2025,202604~202804,Y,N,,,N,N
화양동,villa,능동로13길 100,ROAD_ADDR,32-9,능동로13길 100,RENT,25.35,202603,07,2000,52,2,2015,202603~202803,Y,N,,,Y,Y
화양동,villa,군자로6길 53-11,ROAD_ADDR,94-11,군자로6길 53-11,RENT,29.44,202603,06,1000,63,7,2016,202603~202803,Y,N,,,N,Y
화양동,villa,군자로 36-8,ROAD_ADDR,132-8,군자로 36-8,RENT,27.11,202603,06,10000,20,1,1990,202603~202803,Y,N,,,N,N
화양동,officetel,광나루로 454,ROAD_ADDR,302-24,광나루로 454,RENT,24.9,202603,05,2000,75,2,2002,202603~202803,Y,N,,,N,N
화양동,officetel,광진캠퍼스시티,ORIGINAL,21-20,동일로 178,RENT,17.49,202603,05,12500,30,5,2017,202604~202804,Y,N,,,N,N
화양동,officetel,광진캠퍼스시티,ORIGINAL,21-20,동일로 178,RENT,16.08,202603,05,1000,75,8,2017,202603~202703,Y,N,,,N,N
화양동,officetel,건대 트레비앙 오피스텔,ORIGINAL,174,광나루로 374,RENT,17.46,202603,04,1000,104,7,2023,202603~202703,Y,N,,,N,N
화양동,officetel,하이뷰오피스텔,ORIGINAL,193,광나루로 386,RENT,18.57,202603,04,23400,5,11,2020,202605~202805,Y,N,,,N,N
화양동,villa,테라팰리스건대4차,ORIGINAL,2-10,능동로 157,RENT,19.63,202603,04,2000,150,4,2023,202603~202703,Y,N,,,N,N
화양동,villa,군자로6길 53-11,ROAD_ADDR,94-11,군자로6길 53-11,RENT,29.44,202603,04,5000,70,6,2016,202603~202803,Y,N,,,N,Y
화양동,officetel,더 메종 건대,ORIGINAL,23-5,동일로 174,RENT,18.83,202603,03,1000,100,15,2022,202604~202704,Y,N,,,N,N
화양동,officetel,신원리브웰 화양동 주상복합,ORIGINAL,111-88,능동로 170,RENT,15.27,202603,02,1000,90,7,2019,202603~202803,Y,N,,,N,N
화양동,officetel,DM7 화양,ORIGINAL,29-25,능동로16길 12,RENT,14.1,202603,02,1000,100,10,2025,202603~202803,Y,N,,,N,N
화양동,officetel,빌리브 인테라스,ORIGINAL,111-12,능동로 172,RENT,16.88,202603,02,21000,15,11,2021,202604~202804,Y,N,,,N,N
화양동,villa,아차산로25길 65,ROAD_ADDR,36-95,아차산로25길 65,RENT,16.83,202603,02,1000,62,5,2010,202603~202803,Y,N,,,N,Y
화양동,officetel,광진캠퍼스시티,ORIGINAL,21-20,동일로 178,RENT,17.49,202602,28,12000,30,4,2017,202602~202802,Y,N,,,N,N
화양동,officetel,광진캠퍼스시티,ORIGINAL,21-20,동일로 178,RENT,16.08,202602,28,1000,75,14,2017,202602~202702,Y,N,,,N,N
화양동,officetel,건대 트레비앙 오피스텔,ORIGINAL,174,광나루로 374,RENT,17.46,202602,28,1000,105,7,2023,202602~202702,Y,N,,,N,N
화양동,officetel,까사펠리즈 화양,ORIGINAL,23-37,광나루로12길 20,RENT,22.01,202602,28,15000,30,3,2025,202603~202803,Y,N,,,N,N
화양동,officetel,케이타워 오피스텔 A,ORIGINAL,21-23,광나루로14길 8,RENT,19.78,202602,28,1000,80,8,2013,202603~202803,Y,N,,,N,N
화양동,officetel,정익제이타워2차,ORIGINAL,111-35,광나루로18길 15-1,RENT,17.3,202602,28,1000,100,3,2021,202602~202702,Y,N,,,N,N
화양동,villa,그린시티빌,ORIGINAL,3-93,아차산로33길 84-4,RENT,30.03,202602,28,3000,119,6,2014,202603~202803,Y,N,,,N,N
화양동,villa,jw.cityvill2동,ORIGINAL,17-54,군자로7길 10,RENT,19.76,202602,28,2000,55,2,2012,202604~202804,N,N,2000.0,53.0,Y,Y
화양동,villa,사랑채,ORIGINAL,47-8,아차산로29길 29-6,RENT,12.24,202602,28,1000,42,5,2013,202604~202804,Y,N,,,Y,Y
화양동,officetel,동일로30길 16,ROAD_ADDR,20-30,동일로30길 16,RENT,17.68,202602,27,5000,85,5,2021,202603~202703,Y,N,,,N,N
화양동,officetel,화양타워,ORIGINAL,110-37,능동로19길 47,RENT,34.62,202602,27,1000,105,5,1999,202602~202802,Y,N,,,N,N
화양동,officetel,까사펠리즈 화양,ORIGINAL,23-37,광나루로12길 20,RENT,22.01,202602,27,2000,95,4,2025,202602~202702,Y,N,,,N,N
화양동,officetel,건대 트레비앙 오피스텔,ORIGINAL,174,광나루로 374,RENT,17.46,202602,27,1000,105,5,2023,202603~202702,Y,N,,,N,N
화양동,officetel,광나루로 454,ROAD_ADDR,302-24,광나루로 454,RENT,24.9,202602,27,2000,70,4,2002,202602~202802,Y,N,,,N,Y
화양동,officetel,건대 트레비앙 오피스텔,ORIGINAL,174,광나루로 374,RENT,17.46,202602,27,1000,116,17,2023,202602~202702,Y,N,,,N,N
화양동,villa,환성빌,ORIGINAL,36-76,아차산로25길 57-7,RENT,25.43,202602,27,1500,63,4,2016,202602~202702,Y,N,,,N,Y
화양동,villa,DM7화양,ORIGINAL,29-25,능동로16길 12,RENT,14.08,202602,27,1000,100,4,2025,202603~202702,Y,N,,,N,N
화양동,villa,까사펠리즈화양,ORIGINAL,23-37,광나루로12길 20,RENT,28.63,202602,27,15000,120,9,2025,202602~202802,Y,N,,,N,N
화양동,villa,라인하우스,ORIGINAL,15-33,군자로3길 24-12,RENT,15.74,202602,27,3000,44,2,2013,202603~202803,Y,N,,,Y,Y
화양동,officetel,화양타워,ORIGINAL,110-37,능동로19길 47,RENT,38.64,202602,26,1000,100,4,1999,202602~202802,Y,N,,,N,N
화양동,officetel,광나루로20길 34,ROAD_ADDR,111-89,광나루로20길 34,RENT,16.93,202602,26,1000,90,4,2021,202602~202802,Y,N,,,N,N
화양동,officetel,빌리브 인테라스,ORIGINAL,111-12,능동로 172,RENT,16.88,202602,26,21000,15,3,2021,202602~202802,Y,N,,,N,N
화양동,villa,TheHill,ORIGINAL,111-137,능동로17길 22,RENT,16.07,202602,26,1000,70,2,2014,202603~202803,Y,N,,,N,Y
화양동,villa,아차산로31길 25-3,ROAD_ADDR,9-78,아차산로31길 25-3,RENT,32.61,202602,26,1000,78,3,2003,202603~202803,Y,N,,,N,N
화양동,villa,선인팰리스,ORIGINAL,75-6,군자로6길 50-2,RENT,13.8,202602,25,2000,40,4,2013,202602~202702,N,N,12000.0,0.0,Y,Y
화양동,officetel,케이타워 오피스텔 B,ORIGINAL,21-22,동일로30길 23,RENT,18.85,202602,24,500,69,8,2013,202602~202702,N,N,500.0,66.0,N,Y
화양동,villa,능동로17길 17,ROAD_ADDR,103,능동로17길 17,RENT,12.6,202602,24,3000,47,6,2012,202602~202802,Y,N,,,Y,Y
화양동,villa,선인팰리스,ORIGINAL,75-6,군자로6길 50-2,RENT,12.24,202602,24,1000,44,3,2013,202602~202802,Y,N,,,Y,Y
화양동,villa,아차산로27길 57-3,ROAD_ADDR,35-46,아차산로27길 57-3,RENT,23.24,202602,24,1000,75,4,2011,202603~202803,Y,N,,,N,N
화양동,villa,군자로3길 24-3,ROAD_ADDR,15-52,군자로3길 24-3,RENT,32.72,202602,24,1000,63,5,2017,202602~202612,N,N,1000.0,61.0,N,Y
화양동,villa,광나루로14길 31-1,ROAD_ADDR,19-18,광나루로14길 31-1,RENT,13.12,202602,24,500,39,3,2013,202602~202802,Y,N,,,Y,Y
화양동,officetel,정익제이타워,ORIGINAL,111-22,능동로19길 7-10,RENT,17.38,202602,23,1000,85,4,2016,202602~202702,Y,N,,,N,N
화양동,officetel,정익제이타워,ORIGINAL,111-22,능동로19길 7-10,RENT,17.09,202602,23,1000,90,4,2016,202603~202702,Y,N,,,N,N
화양동,villa,동일로28길 49-11,ROAD_ADDR,17-60,동일로28길 49-11,RENT,17.1,202602,23,4000,85,7,2014,202602~202802,Y,N,,,N,N
화양동,villa,Theacro,ORIGINAL,83-1,군자로6길 50,RENT,14.25,202602,23,1000,42,5,2013,202603~202803,Y,N,,,Y,Y
화양동,officetel,광진캠퍼스시티,ORIGINAL,21-20,동일로 178,RENT,24.38,202602,21,1000,90,17,2017,202602~202702,Y,N,,,N,N
화양동,officetel,광진캠퍼스시티,ORIGINAL,21-20,동일로 178,RENT,16.08,202602,21,1000,80,16,2017,202602~202702,Y,N,,,N,N
화양동,officetel,광나루로 454,ROAD_ADDR,302-24,광나루로 454,RENT,24.6,202602,21,3000,70,6,2002,202602~202802,Y,N,,,N,Y
화양동,officetel,화양 디펠리체,ORIGINAL,18-9,광나루로 358,RENT,20.45,202602,21,1000,70,4,2019,202602~202702,N,N,1000.0,70.0,N,Y
화양동,officetel,빌리브 인테라스,ORIGINAL,111-12,능동로 172,RENT,16.88,202602,21,4000,83,17,2021,202603~202703,N,N,4000.0,78.0,N,N
화양동,officetel,능동로19길 15,ROAD_ADDR,112-14,능동로19길 15,RENT,15.86,202602,21,1000,66,7,2015,202603~202703,Y,N,,,N,Y
화양동,villa,까사펠리즈화양,ORIGINAL,23-37,광나루로12길 20,RENT,13.23,202602,21,3000,95,11,2025,202602~202802,Y,N,,,N,N
화양동,villa,아차산로23길 84,ROAD_ADDR,33-5,아차산로23길 84,RENT,23.57,202602,21,1000,65,4,2020,202602~202802,Y,N,,,N,Y
화양동,villa,동일로30길 16,ROAD_ADDR,20-30,동일로30길 16,RENT,17.61,202602,21,9000,30,10,2021,202602~202802,Y,N,,,N,N
화양동,villa,wonhiuseⅡ(12-44),ORIGINAL,12-44,군자로3길 25-8,RENT,15.63,202602,21,1000,67,4,2015,202602~202802,Y,N,,,N,Y
화양동,villa,아차산로23길 68,ROAD_ADDR,36-4,아차산로23길 68,RENT,17.13,202602,21,1000,50,4,2009,202604~202803,Y,N,,,Y,Y
화양동,officetel,화양 디펠리체,ORIGINAL,18-9,광나루로 358,RENT,20.42,202602,20,16000,20,17,2019,202603~202803,N,N,17000.0,15.0,N,N
화양동,officetel,화양 디펠리체,ORIGINAL,18-9,광나루로 358,RENT,20.42,202602,20,16000,20,17,2019,202603~202803,N,N,17000.0,15.0,N,N
화양동,officetel,화양 디펠리체,ORIGINAL,18-9,광나루로 358,RENT,20.42,202602,20,17000,17,17,2019,202603~202803,N,N,17000.0,15.0,N,N
화양동,officetel,광진캠퍼스시티,ORIGINAL,21-20,동일로 178,RENT,17.49,202602,20,6000,65,19,2017,202602~202702,Y,N,,,N,Y
화양동,officetel,엘리시안파크,ORIGINAL,132-75,군자로 46,RENT,16.18,202602,20,1000,85,4,2015,202602~202802,Y,N,,,N,N
화양동,officetel,DM7 화양,ORIGINAL,29-25,능동로16길 12,RENT,14.1,202602,20,1000,90,7,2025,202602~202702,Y,N,,,N,N
화양동,officetel,정익제이타워,ORIGINAL,111-22,능동로19길 7-10,RENT,17.38,202602,20,1000,100,3,2016,202602~202802,Y,N,,,N,N
화양동,officetel,케이타워 오피스텔 B,ORIGINAL,21-22,동일로30길 23,RENT,18.85,202602,20,1000,69,2,2013,202603~202802,Y,N,,,N,Y
화양동,villa,DM7화양,ORIGINAL,29-25,능동로16길 12,RENT,14.08,202602,20,1000,100,6,2025,202602~202702,Y,N,,,N,N
화양동,villa,비다펠리즈,ORIGINAL,2-22,능동로 153-1,RENT,16.54,202602,20,1000,110,7,2021,202602~202702,Y,N,,,N,N
화양동,villa,아차산로33길 73-3,ROAD_ADDR,12-18,아차산로33길 73-3,RENT,27.56,202602,20,2000,105,5,2012,202603~202802,Y,N,,,N,N
화양동,villa,동일로26길 25,ROAD_ADDR,31-72,동일로26길 25,RENT,26.72,202602,20,500,44,4,2002,202602~202702,Y,N,,,Y,Y
화양동,officetel,건대 트레비앙 오피스텔,ORIGINAL,174,광나루로 374,RENT,18.66,202602,19,1000,110,6,2023,202602~202702,Y,N,,,N,N
화양동,officetel,라벨메종,ORIGINAL,19-13,광나루로14길 33,RENT,18.56,202602,19,13200,6,2,2013,202602~202702,N,N,13200.0,0.0,N,N
화양동,officetel,더 메종 건대,ORIGINAL,23-5,동일로 174,RENT,16.44,202602,19,1000,100,14,2022,202602~202702,Y,N,,,N,N
화양동,officetel,정익제이타워,ORIGINAL,111-22,능동로19길 7-10,RENT,17.09,202602,19,1000,90,5,2016,202602~202802,Y,N,,,N,N
화양동,villa,환성빌,ORIGINAL,36-76,아차산로25길 57-7,RENT,14.05,202602,19,500,68,2,2016,202603~202803,Y,N,,,N,Y
화양동,villa,시트린,ORIGINAL,111-203,능동로17길 10,RENT,13.64,202602,19,1000,91,7,2022,202602~202702,Y,N,,,N,N
화양동,villa,군자로 36-8,ROAD_ADDR,132-8,군자로 36-8,RENT,37.8,202602,19,13000,20,3,1990,202604~202804,Y,N,,,N,N
화양동,villa,환성빌,ORIGINAL,36-76,아차산로25길 57-7,RENT,25.73,202602,19,1000,63,3,2016,202603~202803,Y,N,,,N,Y
화양동,villa,능동로17길 17,ROAD_ADDR,103,능동로17길 17,RENT,15.53,202602,19,2000,60,7,2012,202603~202802,Y,N,,,Y,Y
화양동,villa,광나루로14길 31-1,ROAD_ADDR,19-18,광나루로14길 31-1,RENT,12.15,202602,19,500,52,2,2013,202602~202802,Y,N,,,Y,Y
화양동,villa,아차산로21길 68,ROAD_ADDR,37-78,아차산로21길 68,RENT,20.32,202602,19,500,50,1,2003,202602~202802,Y,N,,,Y,Y
화양동,villa,시트린,ORIGINAL,111-203,능동로17길 10,RENT,13.64,202602,19,1000,91,7,2022,202602~202702,Y,N,,,N,N
화양동,villa,은조갤러리,ORIGINAL,16-53,군자로7길 21,RENT,14.93,202602,19,12000,10,3,2012,202603~202803,Y,N,,,N,N
화양동,officetel,빌리브 인테라스,ORIGINAL,111-12,능동로 172,RENT,16.88,202602,18,1000,91,15,2021,202602~202702,Y,N,,,N,N
화양동,officetel,건대 트레비앙 오피스텔,ORIGINAL,174,광나루로 374,RENT,18.66,202602,14,1000,100,4,2023,202603~202702,Y,N,,,N,N
화양동,officetel,광진캠퍼스시티,ORIGINAL,21-20,동일로 178,RENT,17.49,202602,14,1000,75,6,2017,202602~202702,Y,N,,,N,N
화양동,officetel,광진캠퍼스시티,ORIGINAL,21-20,동일로 178,RENT,16.08,202602,14,1000,83,13,2017,202602~202702,Y,N,,,N,N
화양동,officetel,엘리시아1차,ORIGINAL,94-13,광나루로20길 36-3,RENT,15.05,202602,14,500,90,7,2021,202602~202608,Y,N,,,N,N
화양동,villa,선우빌,ORIGINAL,42-31,동일로24길 6,RENT,15.44,202602,14,12000,10,2,2012,202604~202804,Y,N,,,N,N
화양동,villa,해오름,ORIGINAL,35-68,아차산로25길 74-12,RENT,16.25,202602,14,1000,45,3,2012,202603~202802,Y,N,,,Y,Y
화양동,villa,아름빌(10-24),ORIGINAL,10-24,아차산로29길 58,RENT,18.81,202602,14,3000,55,3,2012,202603~202802,Y,N,,,Y,Y
화양동,villa,라벨메종,ORIGINAL,19-13,광나루로14길 33,RENT,13.92,202602,14,5000,55,7,2013,202602~202802,Y,N,,,Y,Y
화양동,officetel,케이타워 오피스텔 A,ORIGINAL,21-23,광나루로14길 8,RENT,19.78,202602,13,1000,75,11,2013,202604~202804,Y,N,,,N,N
화양동,officetel,광진캠퍼스시티,ORIGINAL,21-20,동일로 178,RENT,16.08,202602,13,1000,75,5,2017,202602~202702,Y,N,,,N,N
화양동,villa,Mamaison,ORIGINAL,37-30,동일로26길 18,RENT,20.36,202602,13,3000,43,5,2015,202603~202803,Y,N,,,Y,Y
화양동,villa,wonhiuseⅡ(12-44),ORIGINAL,12-44,군자로3길 25-8,RENT,17.11,202602,13,3000,56,2,2015,202603~202802,Y,N,,,Y,Y
화양동,villa,아스하임,ORIGINAL,17-16,군자로 43,RENT,14.41,202602,13,1000,87,9,2016,202602~202702,Y,N,,,N,N
화양동,villa,예그리나Ⅱ,ORIGINAL,109-7,군자로6길 28,RENT,12.35,202602,13,11000,15,5,2013,202603~202803,Y,N,,,N,N
화양동,villa,예그리나Ⅱ,ORIGINAL,109-7,군자로6길 28,RENT,12.35,202602,13,11000,15,5,2013,202603~202803,N,Y,11000.0,15.0,N,N
화양동,officetel,신원리브웰 화양동 주상복합,ORIGINAL,111-88,능동로 170,RENT,15.27,202602,12,3000,76,9,2019,202603~202801,Y,N,,,N,N
화양동,officetel,케이타워 오피스텔 B,ORIGINAL,21-22,동일로30길 23,RENT,18.85,202602,12,1000,75,2,2013,202602~202802,Y,N,,,N,N
화양동,officetel,케이타워 오피스텔 B,ORIGINAL,21-22,동일로30길 23,RENT,18.85,202602,12,9500,20,7,2013,202602~202702,N,N,9500.0,17.0,N,N
화양동,officetel,빌리브 인테라스,ORIGINAL,111-12,능동로 172,RENT,16.88,202602,12,1000,110,8,2021,202602~202702,Y,N,,,N,N
화양동,officetel,화양 디펠리체,ORIGINAL,18-9,광나루로 358,RENT,20.45,202602,12,1000,80,14,2019,202602~202702,N,N,1000.0,75.0,N,N
화양동,officetel,광진캠퍼스시티,ORIGINAL,21-20,동일로 178,RENT,16.08,202602,12,5000,60,16,2017,202602~202802,Y,N,,,Y,Y
화양동,villa,혜성빌,ORIGINAL,19-6,광나루로16길 8-3,RENT,21.29,202602,12,12000,26,7,2013,202603~202803,Y,N,,,N,N
화양동,villa,혜성빌,ORIGINAL,19-6,광나루로16길 8-3,RENT,21.29,202602,12,12000,26,7,2013,202603~202803,Y,N,,,N,N
화양동,villa,군자로7길 2-7,ROAD_ADDR,17-46,군자로7길 2-7,RENT,27.9,202602,12,3000,53,6,2014,202602~202802,Y,N,,,Y,Y
화양동,officetel,화양 디펠리체,ORIGINAL,18-9,광나루로 358,RENT,20.45,202602,11,5000,70,18,2019,202603~202803,Y,N,,,N,Y
화양동,officetel,화양 디펠리체,ORIGINAL,18-9,광나루로 358,RENT,20.45,202602,11,1000,84,13,2019,202602~202702,N,N,1000.0,80.0,N,N
화양동,officetel,광진캠퍼스시티,ORIGINAL,21-20,동일로 178,RENT,16.08,202602,11,1000,64,4,2017,202603~202703,Y,N,,,N,Y
화양동,officetel,광진캠퍼스시티,ORIGINAL,21-20,동일로 178,RENT,17.49,202602,11,1000,75,12,2017,202602~202702,Y,N,,,N,N
화양동,officetel,케이타워 오피스텔 A,ORIGINAL,21-23,광나루로14길 8,RENT,19.93,202602,11,5000,50,15,2013,202604~202804,Y,N,,,Y,Y
화양동,officetel,라벨메종,ORIGINAL,19-13,광나루로14길 33,RENT,18.43,202602,11,5000,60,2,2013,202602~202802,Y,N,,,Y,Y
화양동,villa,아차산로33길 73-3,ROAD_ADDR,12-18,아차산로33길 73-3,RENT,17.34,202602,11,1000,56,4,2012,202602~202802,Y,N,,,Y,Y
화양동,villa,YN웰하우스,ORIGINAL,19-39,광나루로14길 15,RENT,12.0,202602,11,3000,40,2,2012,202603~202803,Y,N,,,Y,Y
화양동,officetel,케이타워 오피스텔 B,ORIGINAL,21-22,동일로30길 23,RENT,18.85,202602,10,1000,80,17,2013,202602~202702,Y,N,,,N,N
화양동,officetel,케이타워 오피스텔 B,ORIGINAL,21-22,동일로30길 23,RENT,18.85,202602,10,1000,80,8,2013,202602~202702,Y,N,,,N,N
화양동,officetel,케이타워 오피스텔 A,ORIGINAL,21-23,광나루로14길 8,RENT,19.78,202602,10,1000,73,15,2013,202602~202702,N,N,1000.0,70.0,N,N
화양동,officetel,화양동 프라하임,ORIGINAL,94-9,능동로 165-1,RENT,32.72,202602,10,1000,200,12,2022,202603~202703,Y,N,,,N,N
화양동,officetel,아스하임,ORIGINAL,17-16,군자로 43,RENT,18.83,202602,10,1000,90,5,2016,202602~202702,Y,N,,,N,N
화양동,officetel,아스하임,ORIGINAL,17-16,군자로 43,RENT,18.83,202602,10,3000,70,6,2016,202602~202702,N,N,3000.0,66.0,N,Y
화양동,officetel,하이뷰오피스텔,ORIGINAL,193,광나루로 386,RENT,18.57,202602,10,1000,86,8,2020,202605~202705,Y,N,,,N,N
화양동,villa,Theacro,ORIGINAL,83-1,군자로6길 50,RENT,14.91,202602,10,1000,53,2,2013,202602~202802,Y,N,,,Y,Y
화양동,villa,군자로6길 40,ROAD_ADDR,106,군자로6길 40,RENT,18.4,202602,10,1000,70,6,2014,202602~202802,Y,N,,,N,Y
화양동,villa,아차산로21길 98-4,ROAD_ADDR,31-33,아차산로21길 98-4,RENT,16.56,202602,10,1000,55,3,2015,202602~202802,Y,N,,,Y,Y
화양동,villa,능동로15길 20,ROAD_ADDR,58-13,능동로15길 20,RENT,35.22,202602,10,1000,115,1,1986,202602~202802,Y,N,,,N,N
화양동,officetel,KCC파크타운,ORIGINAL,527,광나루로 410,RENT,25.79,202602,09,1000,80,12,2005,202604~202704,Y,N,,,N,N
화양동,officetel,건대 트레비앙 오피스텔,ORIGINAL,174,광나루로 374,RENT,17.46,202602,09,1000,110,6,2023,202602~202702,Y,N,,,N,N
화양동,villa,하우스나인,ORIGINAL,111-29,능동로17길 16,RENT,17.1,202602,09,1000,75,5,2012,202602~202802,Y,N,,,N,N
화양동,officetel,건대 트레비앙 오피스텔,ORIGINAL,174,광나루로 374,RENT,17.46,202602,07,3000,90,12,2023,202602~202702,Y,N,,,N,N
화양동,officetel,광진캠퍼스시티,ORIGINAL,21-20,동일로 178,RENT,17.49,202602,07,13000,30,9,2017,202603~202803,Y,N,,,N,N
화양동,officetel,더리브오피스텔,ORIGINAL,17-20,광나루로16길 9-9,RENT,19.54,202602,07,2000,77,3,2011,202602~202702,Y,N,,,N,N
화양동,officetel,건대 트레비앙 오피스텔,ORIGINAL,174,광나루로 374,RENT,17.46,202602,07,3000,95,10,2023,202602~202702,Y,N,,,N,N
화양동,officetel,건대 트레비앙 오피스텔,ORIGINAL,174,광나루로 374,RENT,18.66,202602,07,1000,115,14,2023,202602~202702,Y,N,,,N,N
화양동,villa,정익제이타워,ORIGINAL,111-22,능동로19길 7-10,RENT,14.31,202602,07,1000,85,9,2016,202602~202702,Y,N,,,N,N
화양동,villa,퍼스트하우스,ORIGINAL,1-1,능동로15길 19,RENT,15.98,202602,07,5000,50,5,2014,202602~202802,Y,N,,,Y,Y
화양동,officetel,세종에버그린,ORIGINAL,17-68,광나루로16길 19,RENT,35.0,202602,06,27600,5,2,2018,202603~202803,Y,N,,,N,N
화양동,officetel,화양타워,ORIGINAL,110-37,능동로19길 47,RENT,38.64,202602,06,1000,110,6,1999,202602~202802,Y,N,,,N,N
화양동,officetel,케이타워 오피스텔 B,ORIGINAL,21-22,동일로30길 23,RENT,18.85,202602,06,1000,80,17,2013,202602~202702,Y,N,,,N,N
화양동,villa,선우빌,ORIGINAL,42-31,동일로24길 6,RENT,14.04,202602,06,11500,15,4,2012,202602~202802,Y,N,,,N,N
화양동,villa,DM7화양,ORIGINAL,29-25,능동로16길 12,RENT,14.08,202602,06,1000,100,4,2025,202602~202702,Y,N,,,N,N
화양동,officetel,더 메종 건대,ORIGINAL,23-5,동일로 174,RENT,18.83,202602,05,3000,110,18,2022,202602~202702,Y,N,,,N,N
화양동,officetel,광진캠퍼스시티,ORIGINAL,21-20,동일로 178,RENT,16.08,202602,05,1000,75,9,2017,202602~202702,Y,N,,,N,N
화양동,officetel,광진캠퍼스시티,ORIGINAL,21-20,동일로 178,RENT,16.08,202602,05,10000,66,11,2017,202602~202702,Y,N,,,N,N
화양동,villa,KUBE(11-19),ORIGINAL,11-19,동일로24길 95-4,RENT,17.09,202602,05,6500,10,3,2012,202602~202802,Y,N,,,Y,Y
화양동,villa,군자로6길 54,ROAD_ADDR,83-5,군자로6길 54,RENT,18.36,202602,05,1000,61,2,2012,202604~202802,Y,N,,,N,Y
화양동,villa,채움하우스,ORIGINAL,529,능동로15길 22,RENT,26.26,202602,05,10000,56,5,2012,202602~202702,Y,N,,,N,N
화양동,officetel,엘리시아1차,ORIGINAL,94-13,광나루로20길 36-3,RENT,15.05,202602,04,500,95,8,2021,202602~202702,Y,N,,,N,N
화양동,officetel,화양 디펠리체,ORIGINAL,18-9,광나루로 358,RENT,20.42,202602,04,10000,48,14,2019,202602~202702,Y,N,,,N,N
화양동,officetel,광진캠퍼스시티,ORIGINAL,21-20,동일로 178,RENT,17.49,202602,04,15000,30,20,2017,202602~202802,Y,N,,,N,N
화양동,villa,채움하우스,ORIGINAL,529,능동로15길 22,RENT,24.92,202602,04,12000,41,5,2012,202603~202803,N,N,12000.0,37.0,N,N
화양동,villa,명호빌,ORIGINAL,41-5,아차산로21길 75,RENT,15.35,202602,04,1000,44,4,2014,202603~202803,Y,N,,,Y,Y
화양동,villa,아차산로23길 58-12,ROAD_ADDR,36-94,아차산로23길 58-12,RENT,18.92,202602,04,10500,20,3,2007,202603~202803,Y,N,,,N,N
화양동,villa,채움하우스,ORIGINAL,529,능동로15길 22,RENT,24.92,202602,04,12000,41,5,2012,202603~202803,N,Y,12000.0,37.0,N,N
화양동,officetel,케이타워 오피스텔 A,ORIGINAL,21-23,광나루로14길 8,RENT,19.93,202602,03,1000,75,9,2013,202602~202702,Y,N,,,N,N
화양동,villa,jw.cityvill1동,ORIGINAL,19-2,광나루로16길 6,RENT,16.67,202602,03,1000,52,3,2013,202603~202803,Y,N,,,Y,Y
화양동,villa,포츈하우스,ORIGINAL,44-63,동일로22길 17-7,RENT,12.22,202602,03,500,48,4,2012,202603~202702,Y,N,,,Y,Y
화양동,officetel,광진캠퍼스시티,ORIGINAL,21-20,동일로 178,RENT,17.49,202602,02,1000,63,15,2017,202602~202709,Y,N,,,N,Y
화양동,officetel,빌리브 인테라스,ORIGINAL,111-12,능동로 172,RENT,16.88,202602,02,5000,82,12,2021,202602~202702,Y,N,,,N,N
화양동,officetel,케이타워 오피스텔 A,ORIGINAL,21-23,광나루로14길 8,RENT,19.93,202602,02,5000,50,2,2013,202602~202802,Y,N,,,Y,Y
화양동,officetel,케이타워 오피스텔 B,ORIGINAL,21-22,동일로30길 23,RENT,18.85,202602,02,1000,77,8,2013,202602~202802,Y,N,,,N,N
화양동,officetel,화양 디펠리체,ORIGINAL,18-9,광나루로 358,RENT,20.45,202602,02,1000,87,11,2019,202602~202702,Y,N,,,N,N
화양동,villa,예가,ORIGINAL,20-33,광나루로14길 22,RENT,19.385,202602,02,11000,10,4,2011,202605~202805,Y,N,,,N,N
화양동,villa,J파크빌,ORIGINAL,20-28,동일로28길 23,RENT,20.57,202602,02,1000,75,5,2025,202602~202802,Y,N,,,N,N
화양동,villa,아차산로23길 58-12,ROAD_ADDR,36-94,아차산로23길 58-12,RENT,21.61,202602,02,12000,25,2,2007,202603~202803,Y,N,,,N,N
화양동,villa,예가,ORIGINAL,20-33,광나루로14길 22,RENT,19.385,202602,02,11000,10,4,2011,202605~202805,Y,N,,,N,N
화양동,villa,아스하임,ORIGINAL,17-16,군자로 43,RENT,14.11,202602,02,15000,25,9,2016,202602~202802,Y,N,,,N,N
화양동,villa,W0NHOUSE,ORIGINAL,10-22,아차산로29길 52-9,RENT,15.95,202602,01,10000,6,2,2013,202603~202803,Y,N,,,N,N
화양동,villa,W0NHOUSE,ORIGINAL,10-22,아차산로29길 52-9,RENT,17.64,202602,01,10000,10,2,2013,202603~202803,Y,N,,,N,N
화양동,villa,W0NHOUSE,ORIGINAL,10-22,아차산로29길 52-9,RENT,15.95,202602,01,10000,6,2,2013,202603~202803,N,N,10500.0,2.0,N,N
화양동,officetel,광진캠퍼스시티,ORIGINAL,21-20,동일로 178,RENT,17.49,202601,31,1000,68,17,2017,202602~202608,Y,N,,,N,Y
화양동,officetel,광진캠퍼스시티,ORIGINAL,21-20,동일로 178,RENT,16.08,202601,31,1000,75,6,2017,202601~202701,Y,N,,,N,N
화양동,officetel,광진캠퍼스시티,ORIGINAL,21-20,동일로 178,RENT,17.49,202601,31,1000,72,17,2017,202608~202708,N,N,1000.0,68.0,N,N
화양동,officetel,케이타워 오피스텔 A,ORIGINAL,21-23,광나루로14길 8,RENT,19.78,202601,31,1000,75,7,2013,202601~202701,Y,N,,,N,N
화양동,villa,애플빌,ORIGINAL,9-42,아차산로29길 28-3,RENT,13.92,202601,31,1000,54,2,2013,202602~202802,Y,N,,,Y,Y
화양동,villa,애플빌,ORIGINAL,9-42,아차산로29길 28-3,RENT,13.92,202601,31,1000,54,2,2013,202602~202802,Y,N,,,Y,Y
화양동,villa,DM7화양,ORIGINAL,29-25,능동로16길 12,RENT,14.08,202601,31,1000,100,3,2025,202602~202702,Y,N,,,N,N
화양동,villa,시트린,ORIGINAL,111-203,능동로17길 10,RENT,13.63,202601,31,3000,79,9,2022,202602~202802,Y,N,,,N,N
화양동,villa,칸타빌,ORIGINAL,17-32,군자로 41-3,RENT,13.8,202601,31,1000,53,7,2012,202602~202702,Y,N,,,Y,Y
화양동,officetel,광진캠퍼스시티,ORIGINAL,21-20,동일로 178,RENT,17.49,202601,30,2000,80,13,2017,202602~202702,Y,N,,,N,N
화양동,officetel,하이뷰오피스텔,ORIGINAL,193,광나루로 386,RENT,18.57,202601,30,1000,100,5,2020,202602~202702,Y,N,,,N,N
화양동,officetel,까사펠리즈 화양,ORIGINAL,23-37,광나루로12길 20,RENT,22.01,202601,30,5000,85,5,2025,202602~202802,Y,N,,,N,N
화양동,officetel,더리브오피스텔,ORIGINAL,17-20,광나루로16길 9-9,RENT,12.53,202601,30,1000,60,6,2011,202602~202802,Y,N,,,Y,Y
화양동,officetel,선인팰리스,ORIGINAL,75-6,군자로6길 50-2,RENT,12.24,202601,30,500,50,6,2013,202601~202801,Y,N,,,Y,Y
화양동,officetel,광진캠퍼스시티,ORIGINAL,21-20,동일로 178,RENT,16.08,202601,30,1000,80,3,2017,202602~202701,Y,N,,,N,N
화양동,officetel,광나루로 454,ROAD_ADDR,302-24,광나루로 454,RENT,24.6,202601,30,3000,65,6,2002,202602~202802,Y,N,,,N,Y
화양동,officetel,화양동 동도센트리움 캠퍼스파크,ORIGINAL,116-2,광나루로 370,RENT,21.47,202601,30,19000,20,6,2019,202602~202802,Y,N,,,N,N
화양동,villa,아차산로33길 73-3,ROAD_ADDR,12-18,아차산로33길 73-3,RENT,17.55,202601,30,1000,58,3,2012,202602~202802,Y,N,,,Y,Y
화양동,villa,까사펠리즈화양,ORIGINAL,23-37,광나루로12길 20,RENT,13.23,202601,30,18000,15,10,2025,202603~202803,Y,N,,,N,N
화양동,villa,까사펠리즈화양,ORIGINAL,23-37,광나루로12길 20,RENT,13.23,202601,30,18000,15,10,2025,202603~202803,Y,N,,,N,N
화양동,villa,군자로5길 18-5,ROAD_ADDR,16-19,군자로5길 18-5,RENT,29.62,202601,30,1000,77,4,2006,202602~202702,N,N,1000.0,73.0,N,N
화양동,villa,모아빌,ORIGINAL,32-2,동일로28길 48,RENT,23.5,202601,30,1000,58,4,2016,202602~202801,Y,N,,,Y,Y
화양동,villa,까사펠리즈화양,ORIGINAL,23-37,광나루로12길 20,RENT,13.23,202601,30,18000,15,10,2025,202603~202803,Y,N,,,N,N
화양동,officetel,아스하임,ORIGINAL,17-16,군자로 43,RENT,18.83,202601,29,1000,85,3,2016,202602~202702,Y,N,,,N,N
화양동,officetel,아스하임,ORIGINAL,17-16,군자로 43,RENT,18.83,202601,29,1000,80,6,2016,202602~202802,Y,N,,,N,N
화양동,officetel,하이뷰오피스텔,ORIGINAL,193,광나루로 386,RENT,18.43,202601,29,23400,4,17,2020,202602~202802,N,N,23400.0,0.0,N,N
화양동,officetel,광진캠퍼스시티,ORIGINAL,21-20,동일로 178,RENT,16.08,202601,29,1000,75,4,2017,202601~202701,Y,N,,,N,N
화양동,villa,능동로17길 7-3,ROAD_ADDR,94-6,능동로17길 7-3,RENT,12.92,202601,29,1000,61,2,2013,202602~202802,Y,N,,,N,Y
화양동,officetel,케이타워 오피스텔 B,ORIGINAL,21-22,동일로30길 23,RENT,18.85,202601,28,12000,22,8,2013,202601~202801,N,Y,13500.0,10.0,N,N
화양동,officetel,KCC파크타운,ORIGINAL,527,광나루로 410,RENT,25.79,202601,28,1000,74,10,2005,202602~202702,Y,N,,,N,N
화양동,villa,칸타빌,ORIGINAL,17-32,군자로 41-3,RENT,13.8,202601,28,1000,53,5,2012,202602~202702,Y,N,,,Y,Y
화양동,officetel,케이타워 오피스텔 A,ORIGINAL,21-23,광나루로14길 8,RENT,19.93,202601,27,1000,68,6,2013,202601~202801,N,N,1000.0,65.0,N,Y
화양동,villa,TheHill,ORIGINAL,111-137,능동로17길 22,RENT,14.5,202601,27,2000,65,5,2014,202602~202802,Y,N,,,N,Y
화양동,villa,wonhiuseⅡ(12-44),ORIGINAL,12-44,군자로3길 25-8,RENT,14.55,202601,27,10000,13,2,2015,202602~202802,Y,N,,,N,N
화양동,villa,wonhiuseⅡ(12-44),ORIGINAL,12-44,군자로3길 25-8,RENT,14.55,202601,27,10000,13,2,2015,202602~202802,Y,N,,,N,N
화양동,officetel,더리브오피스텔,ORIGINAL,17-20,광나루로16길 9-9,RENT,19.54,202601,26,15700,10,4,2011,202602~202802,Y,N,,,N,N
화양동,officetel,빌리브 인테라스,ORIGINAL,111-12,능동로 172,RENT,16.88,202601,26,10000,59,4,2021,202602~202802,Y,N,,,N,N
화양동,officetel,건대 트레비앙 오피스텔,ORIGINAL,174,광나루로 374,RENT,18.66,202601,26,1000,100,16,2023,202602~202802,Y,N,,,N,N
화양동,officetel,KCC파크타운,ORIGINAL,527,광나루로 410,RENT,25.79,202601,26,1000,85,10,2005,202601~202801,Y,N,,,N,N
화양동,villa,칸타빌,ORIGINAL,17-32,군자로 41-3,RENT,14.72,202601,26,1000,40,4,2012,202602~202702,Y,N,,,Y,Y
화양동,villa,sheeltower,ORIGINAL,19-52,광나루로14길 21-1,RENT,13.18,202601,26,1000,62,2,2012,202602~202802,Y,N,,,N,Y
화양동,officetel,건대 트레비앙 오피스텔,ORIGINAL,174,광나루로 374,RENT,17.46,202601,25,5000,77,4,2023,202602~202702,Y,N,,,N,N
화양동,villa,듀플랙스,ORIGINAL,20-29,동일로30길 20,RENT,16.95,202601,25,20000,65,6,2023,202603~202803,Y,N,,,N,N
화양동,officetel,화양 디펠리체,ORIGINAL,18-9,광나루로 358,RENT,20.45,202601,24,1000,92,14,2019,202603~202803,Y,N,,,N,N
화양동,officetel,케이타워 오피스텔 B,ORIGINAL,21-22,동일로30길 23,RENT,18.85,202601,24,1000,75,13,2013,202601~202701,Y,N,,,N,N
화양동,officetel,건대 트레비앙 오피스텔,ORIGINAL,174,광나루로 374,RENT,18.66,202601,24,1000,115,13,2023,202602~202702,N,Y,1000.0,115.0,N,N
화양동,officetel,광진캠퍼스시티,ORIGINAL,21-20,동일로 178,RENT,16.08,202601,24,1000,70,3,2017,202601~202701,Y,N,,,N,Y
화양동,officetel,광진캠퍼스시티,ORIGINAL,21-20,동일로 178,RENT,16.08,202601,24,11000,30,10,2017,202601~202712,Y,N,,,N,N
화양동,officetel,신원리브웰 화양동 주상복합,ORIGINAL,111-88,능동로 170,RENT,15.27,202601,24,15000,35,9,2019,202602~202802,N,N,15000.0,30.0,N,N
화양동,villa,성신하우스(44-57),ORIGINAL,44-57,동일로22길 17-4,RENT,19.82,202601,24,1000,87,4,2017,202601~202801,Y,N,,,N,N
화양동,villa,군자로5길 18-5,ROAD_ADDR,16-19,군자로5길 18-5,RENT,39.97,202601,24,1000,63,5,2006,202602~202802,Y,N,,,N,Y
화양동,villa,아스하임,ORIGINAL,17-16,군자로 43,RENT,24.01,202601,24,5000,90,11,2016,202602~202702,Y,N,,,N,N
화양동,officetel,광진캠퍼스시티,ORIGINAL,21-20,동일로 178,RENT,17.49,202601,23,1000,75,10,2017,202601~202701,Y,N,,,N,N
화양동,villa,휴심재,ORIGINAL,33-23,동일로26길 43-3,RENT,17.91,202601,23,1000,75,5,2018,202602~202802,Y,N,,,N,N
화양동,villa,능동로13길 100,ROAD_ADDR,32-9,능동로13길 100,RENT,15.15,202601,23,2000,59,2,2015,202601~202801,Y,N,,,Y,Y
화양동,villa,모아빌,ORIGINAL,32-2,동일로28길 48,RENT,29.92,202601,23,500,42,5,2016,202601~202801,Y,N,,,Y,Y
화양동,villa,칸타빌,ORIGINAL,17-32,군자로 41-3,RENT,14.72,202601,23,1000,40,4,2012,202602~202802,Y,N,,,Y,Y
화양동,villa,sheeltower,ORIGINAL,19-52,광나루로14길 21-1,RENT,14.85,202601,23,1000,58,3,2012,202603~202803,Y,N,,,Y,Y
화양동,officetel,빌리브 인테라스,ORIGINAL,111-12,능동로 172,RENT,16.88,202601,22,18000,30,5,2021,202602~202802,Y,N,,,N,N
화양동,villa,AstonHouse,ORIGINAL,98-1,군자로6길 51,RENT,16.0,202601,22,4000,46,5,2013,202602~202702,N,N,4000.0,43.0,Y,Y
화양동,villa,군자로7길 8,ROAD_ADDR,17-51,군자로7길 8,RENT,19.67,202601,22,500,57,2,2012,202602~202802,Y,N,,,Y,Y
화양동,villa,예가,ORIGINAL,20-33,광나루로14길 22,RENT,22.48,202601,22,12000,15,4,2011,202603~202803,Y,N,,,N,N
화양동,villa,예가,ORIGINAL,20-33,광나루로14길 22,RENT,22.48,202601,22,12000,15,4,2011,202603~202803,Y,N,,,N,N
화양동,villa,Theacro,ORIGINAL,83-1,군자로6길 50,RENT,14.91,202601,21,1000,53,4,2013,202602~202802,Y,N,,,Y,Y
화양동,villa,W0NHOUSE,ORIGINAL,10-22,아차산로29길 52-9,RENT,13.05,202601,21,2000,52,4,2013,202602~202802,Y,N,,,Y,Y
화양동,villa,듀플랙스,ORIGINAL,20-29,동일로30길 20,RENT,29.24,202601,21,2000,225,8,2023,202602~202802,N,N,2000.0,220.0,N,N
화양동,villa,W0NHOUSE,ORIGINAL,10-22,아차산로29길 52-9,RENT,13.05,202601,21,2000,52,4,2013,202602~202802,Y,N,,,Y,Y
화양동,officetel,케이타워 오피스텔 B,ORIGINAL,21-22,동일로30길 23,RENT,18.85,202601,20,10000,50,12,2013,202602~202802,Y,N,,,N,N
화양동,officetel,광진캠퍼스시티,ORIGINAL,21-20,동일로 178,RENT,16.08,202601,20,12000,12,4,2017,202602~202802,N,N,12000.0,9.0,N,N
화양동,officetel,광진캠퍼스시티,ORIGINAL,21-20,동일로 178,RENT,17.49,202601,20,12500,20,3,2017,202602~202802,Y,N,,,N,N
화양동,officetel,화양 디펠리체,ORIGINAL,18-9,광나루로 358,RENT,20.28,202601,20,16200,14,7,2019,202602~202802,Y,N,,,N,N
화양동,officetel,광나루로14길 31-1,ROAD_ADDR,19-18,광나루로14길 31-1,RENT,9.4,202601,20,500,65,4,2013,202602~202802,Y,N,,,N,Y
화양동,villa,세종에버그린(101동),ORIGINAL,17-68,광나루로16길 19,RENT,25.06,202601,20,24800,32,8,2018,202602~202802,Y,N,,,N,N
화양동,villa,군자로3길 24-3,ROAD_ADDR,15-52,군자로3길 24-3,RENT,32.72,202601,20,1000,65,5,2017,202602~202802,Y,N,,,N,Y
화양동,officetel,광진캠퍼스시티,ORIGINAL,21-20,동일로 178,RENT,16.08,202601,19,12000,25,8,2017,202602~202702,Y,N,,,N,N
화양동,officetel,빌리브 인테라스,ORIGINAL,111-12,능동로 172,RENT,16.88,202601,19,21000,10,9,2021,202601~202801,N,N,21600.0,0.0,N,N
화양동,officetel,까사펠리즈 화양,ORIGINAL,23-37,광나루로12길 20,RENT,19.08,202601,19,15000,30,9,2025,202602~202802,Y,N,,,N,N
화양동,officetel,건대 트레비앙 오피스텔,ORIGINAL,174,광나루로 374,RENT,17.46,202601,19,1000,100,12,2023,202601~202701,N,N,500.0,100.0,N,N
화양동,officetel,광진캠퍼스시티,ORIGINAL,21-20,동일로 178,RENT,16.08,202601,19,1000,71,4,2017,202602~202702,Y,N,,,N,N
화양동,villa,wonhiuseⅡ(12-44),ORIGINAL,12-44,군자로3길 25-8,RENT,16.06,202601,19,11000,7,2,2015,202601~202801,Y,N,,,N,N
화양동,villa,wonhiuseⅡ(12-44),ORIGINAL,12-44,군자로3길 25-8,RENT,16.06,202601,19,11000,7,2,2015,202601~202801,Y,N,,,N,N
화양동,villa,AstonHouse,ORIGINAL,98-1,군자로6길 51,RENT,16.0,202601,19,1000,70,4,2013,202602~202802,Y,N,,,N,Y
화양동,villa,까사펠리즈화양,ORIGINAL,23-37,광나루로12길 20,RENT,13.23,202601,19,3000,95,12,2025,202602~202802,Y,N,,,N,N
화양동,villa,디딤돌,ORIGINAL,17-67,광나루로16길 25,RENT,14.72,202601,19,500,55,5,2012,202603~202803,Y,N,,,Y,Y
화양동,officetel,엘리시아1차,ORIGINAL,94-13,광나루로20길 36-3,RENT,15.05,202601,18,1000,95,9,2021,202602~202701,Y,N,,,N,N
화양동,officetel,빌리브 인테라스,ORIGINAL,111-12,능동로 172,RENT,16.88,202601,18,1000,110,12,2021,202602~202802,Y,N,,,N,N
화양동,officetel,빌리브 인테라스,ORIGINAL,111-12,능동로 172,RENT,16.88,202601,18,21000,10,18,2021,202602~202802,Y,N,,,N,N
화양동,officetel,화양동 동도센트리움 캠퍼스파크,ORIGINAL,116-2,광나루로 370,RENT,17.08,202601,17,4000,80,5,2019,202601~202801,Y,N,,,N,N
화양동,officetel,광진캠퍼스시티,ORIGINAL,21-20,동일로 178,RENT,16.08,202601,17,1000,90,20,2017,202601~202701,Y,N,,,N,N
화양동,officetel,빌리브 인테라스,ORIGINAL,111-12,능동로 172,RENT,16.88,202601,17,10000,70,17,2021,202601~202701,Y,N,,,N,N
화양동,officetel,빌리브 인테라스,ORIGINAL,111-12,능동로 172,RENT,16.88,202601,17,1000,100,5,2021,202602~202702,Y,N,,,N,N
화양동,villa,아차산로29길 52,ROAD_ADDR,10-26,아차산로29길 52,RENT,15.62,202601,17,1000,60,2,2014,202602~202802,Y,N,,,Y,Y
화양동,officetel,KCC파크타운,ORIGINAL,527,광나루로 410,RENT,25.79,202601,16,1000,80,6,2005,202602~202702,Y,N,,,N,N
화양동,officetel,화양 디펠리체,ORIGINAL,18-9,광나루로 358,RENT,20.42,202601,16,1000,85,13,2019,202602~202702,N,N,1000.0,83.0,N,N
화양동,villa,풍성그라시움,ORIGINAL,132-29,능동로17길 51,RENT,29.98,202601,16,5000,175,6,2022,202601~202801,Y,N,,,N,N
화양동,villa,비다펠리즈,ORIGINAL,2-22,능동로 153-1,RENT,14.76,202601,16,21000,20,7,2021,202602~202802,N,Y,21000.0,15.0,N,N
화양동,villa,성림빌라,ORIGINAL,3-17,군자로 3-2,RENT,35.55,202601,16,500,40,-1,1989,202601~202801,Y,N,,,Y,Y
화양동,villa,능동로17길 17,ROAD_ADDR,103,능동로17길 17,RENT,13.94,202601,16,9000,20,4,2012,202602~202802,N,N,9000.0,20.0,N,N
화양동,officetel,글로벌시티,ORIGINAL,49-12,아차산로 205,RENT,20.61,202601,15,2000,61,5,2003,202602~202802,Y,N,,,N,Y
화양동,officetel,아스하임,ORIGINAL,17-16,군자로 43,RENT,18.12,202601,15,1000,125,5,2016,202601~202701,Y,N,,,N,N
화양동,officetel,엘리시아1차,ORIGINAL,94-13,광나루로20길 36-3,RENT,15.05,202601,15,1000,95,9,2021,202602~202701,Y,N,,,N,N
화양동,officetel,능동로19길 15,ROAD_ADDR,112-14,능동로19길 15,RENT,15.86,202601,15,3000,74,9,2015,202602~202702,Y,N,,,N,N
화양동,villa,참하우스,ORIGINAL,44-23,동일로22길 23-5,RENT,29.72,202601,15,1000,60,3,2018,202601~202801,Y,N,,,Y,Y
화양동,villa,엘리시안파크,ORIGINAL,132-75,군자로 46,RENT,12.53,202601,15,1000,90,8,2015,202602~202802,Y,N,,,N,N
화양동,officetel,KCC파크타운,ORIGINAL,527,광나루로 410,RENT,25.79,202601,14,1000,79,9,2005,202603~202703,N,N,1000.0,75.0,N,N
화양동,officetel,하이뷰오피스텔,ORIGINAL,193,광나루로 386,RENT,18.43,202601,14,10000,60,18,2020,202602~202802,Y,N,,,N,N
화양동,officetel,광진 코지웰,ORIGINAL,113-1,능동로19길 35,RENT,19.53,202601,14,10000,40,13,2014,202602~202802,Y,N,,,N,N
화양동,officetel,케이타워 오피스텔 B,ORIGINAL,21-22,동일로30길 23,RENT,18.85,202601,14,800,70,9,2013,202602~202702,Y,N,,,N,Y
화양동,villa,환성빌,ORIGINAL,36-76,아차산로25길 57-7,RENT,25.73,202601,14,2000,53,2,2016,202602~202702,N,N,2000.0,50.0,Y,Y
화양동,officetel,빌리브 인테라스,ORIGINAL,111-12,능동로 172,RENT,16.88,202601,13,1000,95,7,2021,202602~202702,Y,N,,,N,N
화양동,officetel,건대 트레비앙 오피스텔,ORIGINAL,174,광나루로 374,RENT,17.46,202601,13,1000,100,3,2023,202602~202702,Y,N,,,N,N
화양동,officetel,KCC파크타운,ORIGINAL,527,광나루로 410,RENT,32.16,202601,13,3000,80,11,2005,202601~202801,Y,N,,,N,N
화양동,villa,Theacro,ORIGINAL,83-1,군자로6길 50,RENT,14.91,202601,13,1000,51,5,2013,202602~202802,Y,N,,,Y,Y
화양동,villa,아차산로23길 68,ROAD_ADDR,36-4,아차산로23길 68,RENT,15.65,202601,13,1000,50,4,2009,202601~202801,Y,N,,,Y,Y
화양동,villa,위드하우스(36-79),ORIGINAL,36-79,아차산로25길 57-3,RENT,25.08,202601,13,1000,132,4,2016,202601~202801,Y,N,,,N,N
화양동,officetel,화양 디펠리체,ORIGINAL,18-9,광나루로 358,RENT,20.45,202601,12,16200,15,12,2019,202601~202801,N,N,17500.0,5.0,N,N
화양동,officetel,아스하임,ORIGINAL,111-102,광나루로 382,RENT,17.8,202601,12,1000,90,5,2018,202602~202701,Y,N,,,N,N
화양동,officetel,광진캠퍼스시티,ORIGINAL,21-20,동일로 178,RENT,17.49,202601,12,1000,85,19,2017,202601~202801,Y,N,,,N,N
화양동,officetel,더리브오피스텔,ORIGINAL,17-20,광나루로16길 9-9,RENT,12.53,202601,12,2000,55,3,2011,202602~202802,Y,N,,,Y,Y
화양동,officetel,빌리브 인테라스,ORIGINAL,111-12,능동로 172,RENT,16.88,202601,12,21000,10,3,2021,202602~202802,Y,N,,,N,N
화양동,officetel,광나루로 454,ROAD_ADDR,302-24,광나루로 454,RENT,24.9,202601,12,3000,60,5,2002,202601~202801,Y,N,,,Y,Y
화양동,officetel,화양 디펠리체,ORIGINAL,18-9,광나루로 358,RENT,20.45,202601,12,17500,5,12,2019,202601~202801,N,N,17500.0,5.0,N,N
화양동,officetel,화양 디펠리체,ORIGINAL,18-9,광나루로 358,RENT,20.45,202601,12,1000,95,8,2019,202602~202702,Y,N,,,N,N
화양동,villa,정익제이타워,ORIGINAL,111-22,능동로19길 7-10,RENT,14.42,202601,12,1000,85,10,2016,202601~202801,Y,N,,,N,N
화양동,villa,달빛하우스,ORIGINAL,47-52,아차산로29길 39-5,RENT,23.54,202601,12,500,35,5,2014,202601~202801,Y,N,,,Y,Y
화양동,villa,광나루로12길 17,ROAD_ADDR,20-20,광나루로12길 17,RENT,16.57,202601,12,1000,60,7,2017,202602~202802,Y,N,,,Y,Y
화양동,villa,정익제이타워,ORIGINAL,111-22,능동로19길 7-10,RENT,14.68,202601,12,1000,83,9,2016,202602~202802,Y,N,,,N,N
화양동,villa,아차산로23길 79,ROAD_ADDR,31-43,아차산로23길 79,RENT,16.98,202601,12,500,60,4,2013,202602~202802,Y,N,,,Y,Y
화양동,officetel,케이타워 오피스텔 B,ORIGINAL,21-22,동일로30길 23,RENT,18.85,202601,11,1000,80,16,2013,202603~202702,Y,N,,,N,N
화양동,villa,동일로30길 16,ROAD_ADDR,20-30,동일로30길 16,RENT,17.61,202601,11,500,77,9,2021,202602~202802,Y,N,,,N,N
화양동,officetel,광진캠퍼스시티,ORIGINAL,21-20,동일로 178,RENT,16.08,202601,10,1000,73,6,2017,202601~202801,N,N,1000.0,70.0,N,N
화양동,officetel,건대 트레비앙 오피스텔,ORIGINAL,174,광나루로 374,RENT,17.46,202601,10,5000,74,14,2023,202602~202702,Y,N,,,N,N
화양동,officetel,아스하임,ORIGINAL,111-102,광나루로 382,RENT,18.84,202601,10,1000,100,6,2018,202602~202802,Y,N,,,N,N
화양동,officetel,빌리브 인테라스,ORIGINAL,111-12,능동로 172,RENT,16.88,202601,10,10000,60,10,2021,202602~202802,Y,N,,,N,N
화양동,officetel,화양 디펠리체,ORIGINAL,18-9,광나루로 358,RENT,20.45,202601,10,6000,56,16,2019,202601~202801,Y,N,,,Y,Y
화양동,officetel,광진캠퍼스시티,ORIGINAL,21-20,동일로 178,RENT,16.08,202601,10,1000,70,17,2017,202602~202702,N,N,1000.0,67.0,N,Y
화양동,officetel,광진캠퍼스시티,ORIGINAL,21-20,동일로 178,RENT,16.08,202601,10,1000,71,13,2017,202602~202702,N,Y,1000.0,67.0,N,N
화양동,officetel,광진캠퍼스시티,ORIGINAL,21-20,동일로 178,RENT,16.08,202601,10,1000,80,19,2017,202602~202702,N,N,1000.0,78.0,N,N
화양동,officetel,광진캠퍼스시티,ORIGINAL,21-20,동일로 178,RENT,16.08,202601,10,1000,75,12,2017,202601~202701,Y,N,,,N,N
화양동,officetel,하이뷰오피스텔,ORIGINAL,193,광나루로 386,RENT,18.57,202601,10,23400,10,12,2020,202602~202802,Y,N,,,N,N
화양동,villa,능동로13길 100,ROAD_ADDR,32-9,능동로13길 100,RENT,22.22,202601,10,500,66,4,2015,202602~202802,Y,N,,,N,Y
화양동,villa,wonhiuseⅡ(12-44),ORIGINAL,12-44,군자로3길 25-8,RENT,14.55,202601,10,3000,57,2,2015,202601~202801,Y,N,,,Y,Y
화양동,villa,IRIS,ORIGINAL,17-53,동일로28길 49-10,RENT,17.1,202601,10,12675,6,5,2012,202602~202802,N,N,12000.0,6.0,N,N
화양동,villa,예그리나Ⅰ,ORIGINAL,109-4,군자로6길 27,RENT,12.0,202601,10,5000,15,2,2013,202602~202802,Y,N,,,Y,Y
화양동,villa,능동로15길 18,ROAD_ADDR,58-10,능동로15길 18,RENT,36.99,202601,10,2000,70,-1,1986,202602~202801,Y,N,,,N,Y
화양동,villa,선인팰리스,ORIGINAL,75-6,군자로6길 50-2,RENT,13.94,202601,10,1000,61,5,2013,202602~202702,N,N,1000.0,58.0,N,Y
화양동,villa,始皇,ORIGINAL,16-56,군자로5길 18-14,RENT,17.16,202601,10,3500,43,3,2011,202601~202801,Y,N,,,Y,Y
화양동,villa,칸타빌,ORIGINAL,17-32,군자로 41-3,RENT,13.8,202601,10,1000,58,4,2012,202602~202802,Y,N,,,Y,Y
화양동,officetel,빌리브 인테라스,ORIGINAL,111-12,능동로 172,RENT,16.88,202601,09,5000,80,7,2021,202602~202702,Y,N,,,N,N
화양동,officetel,광진캠퍼스시티,ORIGINAL,21-20,동일로 178,RENT,16.08,202601,09,2000,58,3,2017,202601~202701,Y,N,,,Y,Y
화양동,villa,아차산로23길 56,ROAD_ADDR,36-90,아차산로23길 56,RENT,19.34,202601,09,1000,58,2,2005,202602~202802,Y,N,,,Y,Y
화양동,villa,아차산로23길 60,ROAD_ADDR,36-17,아차산로23길 60,RENT,25.18,202601,09,1000,56,2,2005,202601~202801,Y,N,,,Y,Y
화양동,villa,디딤돌,ORIGINAL,17-67,광나루로16길 25,RENT,16.5,202601,09,2000,51,5,2012,202602~202802,Y,N,,,Y,Y
화양동,villa,햇살좋은집,ORIGINAL,19-31,동일로28길 27,RENT,17.68,202601,09,1000,53,5,2014,202602~202802,Y,N,,,Y,Y
화양동,officetel,빌리브 인테라스,ORIGINAL,111-12,능동로 172,RENT,27.82,202601,08,5000,175,19,2021,202602~202802,Y,N,,,N,N
화양동,officetel,건대 트레비앙 오피스텔,ORIGINAL,174,광나루로 374,RENT,17.46,202601,08,3000,90,12,2023,202601~202701,Y,N,,,N,N
화양동,officetel,아스하임,ORIGINAL,111-102,광나루로 382,RENT,17.8,202601,08,18180,9,6,2018,202601~202801,Y,N,,,N,N
화양동,officetel,광나루로 454,ROAD_ADDR,302-24,광나루로 454,RENT,24.6,202601,08,4000,60,2,2002,202601~202801,Y,N,,,Y,Y
화양동,villa,성신하우스(44-57),ORIGINAL,44-57,동일로22길 17-4,RENT,25.29,202601,08,500,70,3,2017,202602~202802,Y,N,,,N,Y
화양동,villa,퍼스트하우스,ORIGINAL,1-1,능동로15길 19,RENT,15.98,202601,08,5000,50,3,2014,202602~202802,Y,N,,,Y,Y
화양동,villa,선우빌,ORIGINAL,42-31,동일로24길 6,RENT,15.44,202601,08,12000,10,2,2012,202602~202802,Y,N,,,N,N
화양동,villa,선우빌,ORIGINAL,42-31,동일로24길 6,RENT,15.44,202601,08,12000,10,2,2012,202602~202802,Y,N,,,N,N
화양동,villa,TheHill,ORIGINAL,111-137,능동로17길 22,RENT,16.07,202601,08,1000,65,3,2014,202601~202801,Y,N,,,N,Y
화양동,villa,artillage,ORIGINAL,10-3,아차산로31길 43-4,RENT,18.135,202601,08,3000,49,2,2015,202602~202802,Y,N,,,Y,Y
화양동,officetel,케이타워 오피스텔 B,ORIGINAL,21-22,동일로30길 23,RENT,18.85,202601,07,1000,75,5,2013,202601~202801,Y,N,,,N,N
화양동,officetel,KCC파크타운,ORIGINAL,527,광나루로 410,RENT,25.79,202601,07,1000,72,11,2005,202602~202702,Y,N,,,N,N
화양동,officetel,건대 트레비앙 오피스텔,ORIGINAL,174,광나루로 374,RENT,17.46,202601,07,1000,100,6,2023,202601~202701,Y,N,,,N,N
화양동,officetel,엘리시안파크,ORIGINAL,132-75,군자로 46,RENT,16.36,202601,07,1000,85,6,2015,202602~202702,Y,N,,,N,N
화양동,officetel,빌리브 인테라스,ORIGINAL,111-12,능동로 172,RENT,16.88,202601,07,1000,88,12,2021,202601~202701,N,N,1000.0,84.0,N,N
화양동,officetel,선인팰리스,ORIGINAL,75-6,군자로6길 50-2,RENT,12.24,202601,07,1000,48,6,2013,202602~202802,Y,N,,,Y,Y
화양동,officetel,동일로30길 16,ROAD_ADDR,20-30,동일로30길 16,RENT,17.68,202601,07,5000,76,6,2021,202602~202702,Y,N,,,N,N
화양동,officetel,케이타워 오피스텔 B,ORIGINAL,21-22,동일로30길 23,RENT,18.85,202601,07,1500,80,16,2013,202601~202701,Y,N,,,N,N
화양동,officetel,광진캠퍼스시티,ORIGINAL,21-20,동일로 178,RENT,16.08,202601,07,1000,80,18,2017,202602~202702,Y,N,,,N,N
화양동,villa,해오름,ORIGINAL,35-68,아차산로25길 74-12,RENT,14.3,202601,07,1000,50,2,2012,202602~202802,Y,N,,,Y,Y
화양동,villa,능동로17길 17,ROAD_ADDR,103,능동로17길 17,RENT,12.6,202601,07,3000,50,6,2012,202602~202802,Y,N,,,Y,Y
화양동,villa,하우스나인,ORIGINAL,111-29,능동로17길 16,RENT,13.54,202601,07,1000,70,5,2012,202602~202802,Y,N,,,N,Y
화양동,officetel,빌리브 인테라스,ORIGINAL,111-12,능동로 172,RENT,16.88,202601,06,21000,5,5,2021,202601~202801,Y,N,,,N,N
화양동,officetel,빌리브 인테라스,ORIGINAL,111-12,능동로 172,RENT,16.88,202601,06,5000,74,14,2021,202602~202802,Y,N,,,N,N
화양동,officetel,DM7 화양,ORIGINAL,29-25,능동로16길 12,RENT,14.1,202601,06,1000,100,9,2025,202601~202701,Y,N,,,N,N
화양동,officetel,케이타워 오피스텔 B,ORIGINAL,21-22,동일로30길 23,RENT,18.85,202601,06,1000,75,15,2013,202602~202702,Y,N,,,N,N
화양동,villa,동일로28길 49-11,ROAD_ADDR,17-60,동일로28길 49-11,RENT,16.21,202601,06,11000,5,4,2014,202601~202801,Y,N,,,N,N
화양동,villa,동일로28길 49-11,ROAD_ADDR,17-60,동일로28길 49-11,RENT,16.21,202601,06,11000,5,4,2014,202601~202801,Y,N,,,N,N
화양동,villa,능동로17길 7-3,ROAD_ADDR,94-6,능동로17길 7-3,RENT,13.3,202601,06,1000,61,3,2013,202603~202703,N,Y,1000.0,58.0,N,Y
화양동,officetel,빌리브 인테라스,ORIGINAL,111-12,능동로 172,RENT,16.88,202601,05,1000,100,6,2021,202602~202702,Y,N,,,N,N
화양동,officetel,빌리브 인테라스,ORIGINAL,111-12,능동로 172,RENT,16.88,202601,05,9000,67,13,2021,202601~202801,Y,N,,,N,N
화양동,officetel,빌리브 인테라스,ORIGINAL,111-12,능동로 172,RENT,16.88,202601,05,21000,8,7,2021,202601~202801,Y,N,,,N,N
화양동,villa,Mamaison,ORIGINAL,37-30,동일로26길 18,RENT,14.85,202601,05,8600,1,3,2015,202602~202802,Y,N,,,N,N
화양동,officetel,빌리브 인테라스,ORIGINAL,111-12,능동로 172,RENT,16.88,202601,04,22000,10,13,2021,202601~202801,N,N,22000.0,0.0,N,N
화양동,officetel,능동로19길 15,ROAD_ADDR,112-14,능동로19길 15,RENT,19.2,202601,03,3000,73,7,2015,202601~202701,Y,N,,,N,N
화양동,officetel,빌리브 인테라스,ORIGINAL,111-12,능동로 172,RENT,16.88,202601,03,21000,10,14,2021,202602~202802,Y,N,,,N,N
화양동,officetel,하이뷰오피스텔,ORIGINAL,193,광나루로 386,RENT,18.57,202601,03,1000,90,10,2020,202602~202802,Y,N,,,N,N
화양동,officetel,광진캠퍼스시티,ORIGINAL,21-20,동일로 178,RENT,16.08,202601,03,3000,59,7,2017,202601~202701,N,N,3000.0,56.0,Y,Y
화양동,officetel,동일로28길 49-11,ROAD_ADDR,17-60,동일로28길 49-11,RENT,13.68,202601,03,1000,50,3,2014,202601~202801,Y,N,,,Y,Y
화양동,villa,광진퍼스트빌,ORIGINAL,37-56,아차산로21길 72-5,RENT,26.51,202601,03,5500,90,4,2023,202601~202801,Y,N,,,N,N
화양동,villa,s.m.hill,ORIGINAL,2-3,능동로15길 9,RENT,17.12,202601,03,4000,40,5,2012,202603~202802,Y,N,,,Y,Y
화양동,villa,포츈하우스,ORIGINAL,44-63,동일로22길 17-7,RENT,16.43,202601,03,1000,57,2,2012,202601~202701,Y,N,,,Y,Y
화양동,villa,다움빌,ORIGINAL,36-85,동일로26길 38-3,RENT,18.51,202601,03,2900,50,4,2011,202601~202801,Y,N,,,Y,Y
화양동,villa,KINGSPALACE,ORIGINAL,101-1,능동로17길 11,RENT,13.49,202601,03,10000,20,6,2015,202601~202801,Y,N,,,N,N
화양동,villa,동일로28길 68-6,ROAD_ADDR,16-69,동일로28길 68-6,RENT,20.68,202601,02,1000,56,1,2013,202602~202802,Y,N,,,Y,Y
화양동,villa,아차산로23길 79,ROAD_ADDR,31-43,아차산로23길 79,RENT,16.98,202601,02,500,60,3,2013,202601~202801,Y,N,,,Y,Y
화양동,villa,TheHill,ORIGINAL,111-137,능동로17길 22,RENT,16.88,202601,02,1000,70,5,2014,202602~202802,Y,N,,,N,Y
화양동,officetel,화양 디펠리체,ORIGINAL,18-9,광나루로 358,RENT,20.45,202601,01,1000,90,9,2019,202601~202701,Y,N,,,N,N
화양동,officetel,광진 코지웰,ORIGINAL,113-1,능동로19길 35,RENT,19.53,202601,01,1000,70,14,2014,202601~202801,Y,N,,,N,Y
화양동,officetel,빌리브 인테라스,ORIGINAL,111-12,능동로 172,RENT,16.88,202512,31,5000,85,13,2021,202601~202801,Y,N,,,N,N
화양동,villa,로제트화양빌,ORIGINAL,19-9,광나루로16길 12,RENT,29.11,202512,31,1000,90,3,2014,202601~202801,Y,N,,,N,N
화양동,villa,TheHill,ORIGINAL,111-137,능동로17길 22,RENT,16.88,202512,31,1000,70,2,2014,202601~202801,Y,N,,,N,Y
화양동,villa,아차산로23길 84,ROAD_ADDR,33-5,아차산로23길 84,RENT,23.04,202512,31,1200,60,5,2020,202601~202801,Y,N,,,Y,Y
화양동,officetel,빌리브 인테라스,ORIGINAL,111-12,능동로 172,RENT,16.88,202512,30,1000,92,13,2021,202601~202801,N,Y,1000.0,90.0,N,N
화양동,officetel,빌리브 인테라스,ORIGINAL,111-12,능동로 172,RENT,16.88,202512,30,1000,100,6,2021,202601~202701,Y,N,,,N,N
화양동,officetel,광진캠퍼스시티,ORIGINAL,21-20,동일로 178,RENT,17.49,202512,30,3000,70,18,2017,202601~202701,Y,N,,,N,Y
화양동,officetel,케이타워 오피스텔 A,ORIGINAL,21-23,광나루로14길 8,RENT,19.78,202512,30,1000,68,5,2013,202602~202802,Y,N,,,N,Y
화양동,officetel,까사펠리즈 화양,ORIGINAL,23-37,광나루로12길 20,RENT,22.01,202512,30,3000,95,6,2025,202602~202802,Y,N,,,N,N
화양동,villa,햇살좋은집,ORIGINAL,19-31,동일로28길 27,RENT,15.02,202512,30,5000,35,3,2014,202601~202801,Y,N,,,Y,Y
화양동,officetel,동일로28길 49-11,ROAD_ADDR,17-60,동일로28길 49-11,RENT,28.5,202512,29,500,60,2,2014,202602~202802,Y,N,,,Y,Y
화양동,officetel,빌리브 인테라스,ORIGINAL,111-12,능동로 172,RENT,16.88,202512,29,21000,15,16,2021,202602~202802,Y,N,,,N,N
화양동,officetel,빌리브 인테라스,ORIGINAL,111-12,능동로 172,RENT,16.88,202512,29,3000,90,10,2021,202512~202612,Y,N,,,N,N
화양동,officetel,광진캠퍼스시티,ORIGINAL,21-20,동일로 178,RENT,17.49,202512,29,1000,80,11,2017,202601~202801,Y,N,,,N,N
화양동,villa,jw.cityvill1동,ORIGINAL,19-2,광나루로16길 6,RENT,16.67,202512,29,1000,49,4,2013,202602~202802,Y,N,,,Y,Y
화양동,villa,능동로16길 49,ROAD_ADDR,504-3,능동로16길 49,RENT,27.81,202512,29,5000,160,2,2023,202601~202801,Y,N,,,N,N
화양동,villa,스타파크빌,ORIGINAL,102-1,능동로17길 13,RENT,31.54,202512,29,3000,45,4,2011,202601~202801,Y,N,,,Y,Y
화양동,villa,smp樂,ORIGINAL,17-21,광나루로16길 9-7,RENT,16.8,202512,29,1000,32,4,2012,202602~202802,Y,N,,,Y,Y
화양동,officetel,빌리브 인테라스,ORIGINAL,111-12,능동로 172,RENT,16.88,202512,28,10000,70,15,2021,202512~202612,N,N,10000.0,65.0,N,N
화양동,officetel,빌리브 인테라스,ORIGINAL,111-12,능동로 172,RENT,16.88,202512,28,1000,84,10,2021,202601~202712,N,N,1000.0,80.0,N,N
화양동,officetel,화양 디펠리체,ORIGINAL,18-9,광나루로 358,RENT,20.42,202512,28,4000,73,15,2019,202512~202612,Y,N,,,N,N
화양동,villa,광나루로14길 31-1,ROAD_ADDR,19-18,광나루로14길 31-1,RENT,17.49,202512,28,500,59,2,2013,202601~202801,Y,N,,,Y,Y
화양동,officetel,빌리브 인테라스,ORIGINAL,111-12,능동로 172,RENT,16.88,202512,27,4000,85,7,2021,202601~202801,Y,N,,,N,N
화양동,officetel,빌리브 인테라스,ORIGINAL,111-12,능동로 172,RENT,16.88,202512,27,21000,1,7,2021,202601~202801,Y,N,,,N,N
화양동,officetel,아스하임,ORIGINAL,17-16,군자로 43,RENT,18.83,202512,27,1000,80,7,2016,202601~202701,Y,N,,,N,N
화양동,officetel,광진캠퍼스시티,ORIGINAL,21-20,동일로 178,RENT,16.08,202512,27,1000,66,10,2017,202602~202702,N,N,1000.0,63.0,N,Y
화양동,officetel,광진캠퍼스시티,ORIGINAL,21-20,동일로 178,RENT,16.08,202512,27,1000,70,12,2017,202602~202701,N,N,1000.0,67.0,N,Y
화양동,villa,AstonHouse,ORIGINAL,98-1,군자로6길 51,RENT,16.34,202512,27,3000,62,2,2013,202602~202802,Y,N,,,N,Y
화양동,villa,모아빌,ORIGINAL,32-2,동일로28길 48,RENT,29.23,202512,27,500,60,4,2016,202602~202802,Y,N,,,Y,Y
화양동,villa,AstonHouse,ORIGINAL,98-1,군자로6길 51,RENT,16.34,202512,27,3000,62,2,2013,202602~202802,Y,N,,,N,Y
화양동,villa,햇살좋은집,ORIGINAL,19-31,동일로28길 27,RENT,17.68,202512,27,3000,43,4,2014,202601~202801,Y,N,,,Y,Y
화양동,villa,스윗스팟화양,ORIGINAL,17-39,군자로7길 2-14,RENT,38.39,202512,27,1000,60,2,2008,202602~202802,Y,N,,,Y,Y
화양동,villa,아차산로27길 57-3,ROAD_ADDR,35-46,아차산로27길 57-3,RENT,15.04,202512,27,500,57,3,2011,202601~202801,Y,N,,,Y,Y
화양동,officetel,케이타워 오피스텔 B,ORIGINAL,21-22,동일로30길 23,RENT,18.85,202512,26,3000,67,15,2013,202601~202801,Y,N,,,N,Y
화양동,officetel,빌리브 인테라스,ORIGINAL,111-12,능동로 172,RENT,16.88,202512,26,1000,100,7,2021,202512~202612,Y,N,,,N,N
화양동,officetel,건대 트레비앙 오피스텔,ORIGINAL,174,광나루로 374,RENT,17.46,202512,26,1000,130,13,2023,202601~202612,Y,N,,,N,N
화양동,officetel,하이뷰오피스텔,ORIGINAL,193,광나루로 386,RENT,18.57,202512,26,10000,60,14,2020,202602~202702,N,N,10000.0,60.0,N,N
화양동,officetel,건대 트레비앙 오피스텔,ORIGINAL,174,광나루로 374,RENT,17.46,202512,26,1000,103,13,2023,202601~202612,Y,N,,,N,N
화양동,officetel,광진캠퍼스시티,ORIGINAL,21-20,동일로 178,RENT,16.08,202512,26,1000,80,10,2017,202601~202701,Y,N,,,N,N
화양동,officetel,광진캠퍼스시티,ORIGINAL,21-20,동일로 178,RENT,16.08,202512,26,1000,70,6,2017,202601~202701,N,N,1000.0,67.0,N,Y
화양동,villa,모아빌,ORIGINAL,32-2,동일로28길 48,RENT,29.42,202512,26,500,60,2,2016,202601~202801,Y,N,,,Y,Y
화양동,villa,아차산로29길 52,ROAD_ADDR,10-26,아차산로29길 52,RENT,13.68,202512,26,1000,58,2,2014,202601~202801,N,N,1000.0,57.0,Y,Y
화양동,villa,정익제이타워,ORIGINAL,111-22,능동로19길 7-10,RENT,14.68,202512,26,1000,85,8,2016,202601~202801,Y,N,,,N,N
화양동,villa,아스하임,ORIGINAL,17-16,군자로 43,RENT,24.01,202512,25,16800,3,11,2016,202602~202802,N,N,16800.0,0.0,N,N
화양동,officetel,화양동 동도센트리움 캠퍼스파크,ORIGINAL,116-2,광나루로 370,RENT,16.3,202512,24,1000,85,7,2019,202601~202701,Y,N,,,N,N
화양동,officetel,하이뷰오피스텔,ORIGINAL,193,광나루로 386,RENT,18.43,202512,24,3000,78,6,2020,202601~202801,Y,N,,,N,N
화양동,officetel,DM7 화양,ORIGINAL,29-25,능동로16길 12,RENT,14.1,202512,24,1000,100,9,2025,202602~202702,Y,N,,,N,N
화양동,villa,Theacro,ORIGINAL,83-1,군자로6길 50,RENT,12.91,202512,24,1000,62,5,2013,202601~202801,Y,N,,,N,Y
화양동,villa,동일로26길 15,ROAD_ADDR,31-64,동일로26길 15,RENT,21.59,202512,24,1000,65,3,2011,202601~202801,Y,N,,,N,Y
화양동,villa,아차산로27길 57-3,ROAD_ADDR,35-46,아차산로27길 57-3,RENT,18.92,202512,24,200,45,2,2011,202512~202612,Y,N,,,Y,Y
화양동,villa,DM7화양,ORIGINAL,29-25,능동로16길 12,RENT,14.08,202512,24,1000,90,5,2025,202512~202612,Y,N,,,N,N
화양동,villa,Theacro,ORIGINAL,83-1,군자로6길 50,RENT,12.07,202512,24,500,60,4,2013,202601~202801,Y,N,,,Y,Y
화양동,officetel,정익제이타워,ORIGINAL,111-22,능동로19길 7-10,RENT,17.38,202512,23,1000,85,6,2016,202601~202701,Y,N,,,N,N
화양동,villa,smp樂,ORIGINAL,17-21,광나루로16길 9-7,RENT,26.4,202512,23,9920,14,7,2012,202601~202801,Y,N,,,N,N
화양동,villa,느티나무아래,ORIGINAL,109-3,군자로6길 29,RENT,12.59,202512,23,3000,34,4,2013,202603~202803,N,N,3000.0,32.0,Y,Y
화양동,villa,예그리나Ⅱ,ORIGINAL,109-7,군자로6길 28,RENT,13.32,202512,23,12500,3,5,2013,202601~202801,N,N,12600.0,0.0,N,N
화양동,villa,예그리나Ⅱ,ORIGINAL,109-7,군자로6길 28,RENT,13.32,202512,23,12500,3,5,2013,202602~202802,N,N,12600.0,0.0,N,N
화양동,villa,군자로7길 8,ROAD_ADDR,17-51,군자로7길 8,RENT,23.4,202512,23,1000,55,5,2012,202512~202712,Y,N,,,Y,Y
화양동,villa,YN웰하우스,ORIGINAL,19-39,광나루로14길 15,RENT,12.0,202512,23,1000,42,3,2012,202601~202701,N,N,1000.0,40.0,Y,Y
화양동,villa,smp樂,ORIGINAL,17-21,광나루로16길 9-7,RENT,26.4,202512,23,9920,14,7,2012,202601~202801,Y,N,,,N,N
화양동,villa,smp樂,ORIGINAL,17-21,광나루로16길 9-7,RENT,26.4,202512,23,9920,14,7,2012,202601~202801,Y,N,,,N,N
화양동,villa,이보하우스,ORIGINAL,37-91,아차산로21길 54-4,RENT,12.455,202512,23,1000,70,4,2011,202601~202801,Y,N,,,N,Y
화양동,officetel,아스하임,ORIGINAL,111-102,광나루로 382,RENT,18.94,202512,22,1000,86,8,2018,202601~202701,Y,N,,,N,N
화양동,officetel,광나루로 454,ROAD_ADDR,302-24,광나루로 454,RENT,38.7,202512,22,3000,75,2,2002,202601~202801,Y,N,,,N,N
화양동,officetel,능동로19길 15,ROAD_ADDR,112-14,능동로19길 15,RENT,15.86,202512,22,2000,68,6,2015,202601~202701,Y,N,,,N,Y
화양동,officetel,아스하임,ORIGINAL,17-16,군자로 43,RENT,18.83,202512,22,5000,60,8,2016,202512~202712,Y,N,,,Y,Y
화양동,officetel,아스하임,ORIGINAL,17-16,군자로 43,RENT,18.83,202512,22,5000,60,8,2016,202512~202712,Y,N,,,Y,Y
화양동,officetel,케이타워 오피스텔 A,ORIGINAL,21-23,광나루로14길 8,RENT,19.78,202512,22,1000,66,12,2013,202601~202701,Y,N,,,N,Y
화양동,villa,명호빌,ORIGINAL,41-5,아차산로21길 75,RENT,16.5,202512,22,1000,48,3,2014,202601~202801,Y,N,,,Y,Y
화양동,villa,비다펠리즈,ORIGINAL,2-22,능동로 153-1,RENT,14.76,202512,22,21000,13,8,2021,202601~202801,N,Y,21000.0,10.0,N,N
화양동,villa,jw.cityvill2동,ORIGINAL,17-54,군자로7길 10,RENT,20.45,202512,22,1000,55,5,2012,202601~202801,Y,N,,,Y,Y
화양동,villa,s.m.hill,ORIGINAL,2-3,능동로15길 9,RENT,21.54,202512,22,4000,53,6,2012,202602~202802,Y,N,,,Y,Y
화양동,villa,삼원제우스,ORIGINAL,42-7,동일로 122,RENT,34.03,202512,22,25000,35,4,2016,202601~202801,N,N,25000.0,30.0,N,N
화양동,villa,하우스나인,ORIGINAL,111-29,능동로17길 16,RENT,17.1,202512,22,2000,70,4,2012,202601~202801,Y,N,,,N,Y
화양동,officetel,빌리브 인테라스,ORIGINAL,111-12,능동로 172,RENT,16.88,202512,21,1000,110,11,2021,202601~202712,Y,N,,,N,N
화양동,officetel,빌리브 인테라스,ORIGINAL,111-12,능동로 172,RENT,16.88,202512,20,1000,100,9,2021,202512~202612,Y,N,,,N,N
화양동,officetel,더리브오피스텔,ORIGINAL,17-20,광나루로16길 9-9,RENT,19.43,202512,20,12000,20,6,2011,202601~202801,Y,N,,,N,N
화양동,officetel,화양 디펠리체,ORIGINAL,18-9,광나루로 358,RENT,20.45,202512,20,1000,100,17,2019,202602~202702,Y,N,,,N,N
화양동,villa,군자로6길 53-11,ROAD_ADDR,94-11,군자로6길 53-11,RENT,28.32,202512,20,1000,57,7,2016,202601~202801,Y,N,,,Y,Y
화양동,villa,선인팰리스,ORIGINAL,75-6,군자로6길 50-2,RENT,12.24,202512,20,1000,44,3,2013,202602~202802,Y,N,,,Y,Y
화양동,villa,wonhiuseⅡ(12-44),ORIGINAL,12-44,군자로3길 25-8,RENT,14.55,202512,20,2700,57,3,2015,202601~202801,N,N,2700.0,54.0,Y,Y
화양동,villa,승하우스,ORIGINAL,44-16,아차산로23길 7-6,RENT,29.65,202512,20,500,53,3,2018,202601~202801,Y,N,,,Y,Y
화양동,villa,그린시티빌,ORIGINAL,3-93,아차산로33길 84-4,RENT,35.16,202512,20,5000,110,7,2014,202601~202801,Y,N,,,N,N
화양동,villa,TheHill,ORIGINAL,111-137,능동로17길 22,RENT,15.36,202512,20,3000,55,2,2014,202512~202712,Y,N,,,Y,Y
화양동,villa,artillage,ORIGINAL,10-3,아차산로31길 43-4,RENT,27.36,202512,20,1000,60,4,2015,202601~202801,Y,N,,,Y,Y
화양동,officetel,빌리브 인테라스,ORIGINAL,111-12,능동로 172,RENT,16.88,202512,19,1000,100,5,2021,202512~202612,Y,N,,,N,N
화양동,villa,채움하우스,ORIGINAL,529,능동로15길 22,RENT,24.92,202512,19,3000,89,2,2012,202602~202802,Y,N,,,N,N
화양동,villa,아차산로23길 56,ROAD_ADDR,36-90,아차산로23길 56,RENT,36.92,202512,19,10000,72,2,2005,202603~202803,Y,N,,,N,N
화양동,villa,TheHill,ORIGINAL,111-137,능동로17길 22,RENT,12.48,202512,19,1000,55,5,2014,202601~202801,Y,N,,,Y,Y
화양동,officetel,건대 트레비앙 오피스텔,ORIGINAL,174,광나루로 374,RENT,17.46,202512,18,1000,105,7,2023,202601~202801,Y,N,,,N,N
화양동,officetel,빌리브 인테라스,ORIGINAL,111-12,능동로 172,RENT,16.88,202512,18,14000,43,8,2021,202512~202612,N,N,14000.0,39.0,N,N
화양동,officetel,아스하임,ORIGINAL,17-16,군자로 43,RENT,18.83,202512,18,1000,84,6,2016,202601~202801,Y,N,,,N,N
화양동,officetel,까사펠리즈 화양,ORIGINAL,23-37,광나루로12길 20,RENT,22.01,202512,18,3000,95,7,2025,202601~202712,Y,N,,,N,N
화양동,villa,wj.cityvillB동,ORIGINAL,17-61,동일로28길 49-9,RENT,18.35,202512,18,2000,45,4,2014,202601~202801,Y,N,,,Y,Y
화양동,officetel,빌리브 인테라스,ORIGINAL,111-12,능동로 172,RENT,27.82,202512,17,5000,170,19,2021,202512~202712,N,N,4000.0,158.0,N,N
화양동,officetel,빌리브 인테라스,ORIGINAL,111-12,능동로 172,RENT,16.88,202512,16,21000,5,14,2021,202601~202801,Y,N,,,N,N
화양동,officetel,빌리브 인테라스,ORIGINAL,111-12,능동로 172,RENT,16.88,202512,16,21000,15,16,2021,202601~202701,N,N,21000.0,0.0,N,N
화양동,villa,그린시티빌,ORIGINAL,3-93,아차산로33길 84-4,RENT,34.83,202512,16,26800,30,6,2014,202601~202801,Y,N,,,N,N
화양동,villa,군자로7길 2-5,ROAD_ADDR,17-47,군자로7길 2-5,RENT,17.07,202512,16,13000,5,7,2015,202512~202712,N,N,13000.0,3.0,N,N
화양동,villa,능동로13길 100,ROAD_ADDR,32-9,능동로13길 100,RENT,17.81,202512,16,3000,42,2,2015,202601~202801,Y,N,,,Y,Y
화양동,officetel,화양 디펠리체,ORIGINAL,18-9,광나루로 358,RENT,20.42,202512,15,12000,40,15,2019,202602~202702,N,N,12000.0,31.0,N,N
화양동,officetel,케이타워 오피스텔 B,ORIGINAL,21-22,동일로30길 23,RENT,18.85,202512,15,1000,62,6,2013,202601~202801,Y,N,,,N,Y
화양동,officetel,더하우스인,ORIGINAL,20-10,광나루로14길 24,RENT,31.01,202512,15,16700,48,6,2018,202601~202801,N,N,16700.0,43.0,N,N
화양동,officetel,능동로19길 15,ROAD_ADDR,112-14,능동로19길 15,RENT,17.85,202512,15,1000,68,7,2015,202601~202701,Y,N,,,N,Y
화양동,villa,광나루로16길 28,ROAD_ADDR,19-25,광나루로16길 28,RENT,27.0,202512,15,2000,50,5,2013,202602~202702,Y,N,,,Y,Y
화양동,villa,선인팰리스,ORIGINAL,75-6,군자로6길 50-2,RENT,19.27,202512,15,2000,55,6,2013,202602~202802,N,N,2000.0,52.0,Y,Y
화양동,villa,혜성빌,ORIGINAL,19-6,광나루로16길 8-3,RENT,36.54,202512,15,1000,100,2,2013,202512~202712,Y,N,,,N,N
화양동,officetel,KCC파크타운,ORIGINAL,527,광나루로 410,RENT,25.79,202512,14,1000,73,7,2005,202512~202612,Y,N,,,N,N
화양동,officetel,광진캠퍼스시티,ORIGINAL,21-20,동일로 178,RENT,17.49,202512,13,500,75,17,2017,202601~202701,N,N,500.0,75.0,N,N
화양동,officetel,케이타워 오피스텔 B,ORIGINAL,21-22,동일로30길 23,RENT,18.85,202512,13,12000,35,7,2013,202601~202801,Y,N,,,N,N
화양동,officetel,케이타워 오피스텔 A,ORIGINAL,21-23,광나루로14길 8,RENT,19.78,202512,13,1000,75,9,2013,202601~202801,Y,N,,,N,N
화양동,officetel,빌리브 인테라스,ORIGINAL,111-12,능동로 172,RENT,16.88,202512,13,21100,25,15,2021,202602~202802,N,N,21600.0,18.0,N,N
화양동,officetel,빌리브 인테라스,ORIGINAL,111-12,능동로 172,RENT,16.88,202512,13,10000,58,13,2021,202601~202801,N,N,10000.0,55.0,N,N
화양동,officetel,빌리브 인테라스,ORIGINAL,111-12,능동로 172,RENT,16.88,202512,13,21600,23,15,2021,202602~202802,N,N,21600.0,18.0,N,N
화양동,officetel,빌리브 인테라스,ORIGINAL,111-12,능동로 172,RENT,16.88,202512,13,1000,83,7,2021,202601~202701,Y,N,,,N,N
화양동,officetel,빌리브 인테라스,ORIGINAL,111-12,능동로 172,RENT,16.88,202512,13,21150,5,11,2021,202512~202612,N,N,21500.0,0.0,N,N
화양동,officetel,건대 트레비앙 오피스텔,ORIGINAL,174,광나루로 374,RENT,17.46,202512,13,20000,5,12,2023,202601~202801,N,Y,20000.0,0.0,N,N
화양동,officetel,KCC파크타운,ORIGINAL,527,광나루로 410,RENT,27.63,202512,13,3000,68,15,2005,202602~202801,Y,N,,,N,Y
화양동,officetel,화양 디펠리체,ORIGINAL,18-9,광나루로 358,RENT,20.42,202512,13,3000,75,10,2019,202512~202612,Y,N,,,N,N
화양동,officetel,건대 트레비앙 오피스텔,ORIGINAL,174,광나루로 374,RENT,17.46,202512,13,1000,105,8,2023,202512~202712,Y,N,,,N,N
화양동,officetel,건대 트레비앙 오피스텔,ORIGINAL,174,광나루로 374,RENT,17.46,202512,13,1000,110,14,2023,202601~202701,Y,N,,,N,N
화양동,villa,칸타빌,ORIGINAL,17-32,군자로 41-3,RENT,17.26,202512,13,1000,56,5,2012,202601~202801,Y,N,,,Y,Y
화양동,villa,은조갤러리,ORIGINAL,16-53,군자로7길 21,RENT,13.53,202512,13,3000,47,3,2012,202601~202801,N,N,3000.0,42.0,Y,Y
화양동,villa,정익제이타워,ORIGINAL,111-22,능동로19길 7-10,RENT,14.31,202512,13,1000,82,10,2016,202601~202605,Y,N,,,N,N
화양동,villa,승하우스,ORIGINAL,44-16,아차산로23길 7-6,RENT,29.65,202512,13,1000,58,2,2018,202512~202712,Y,N,,,Y,Y
화양동,villa,칸타빌,ORIGINAL,17-32,군자로 41-3,RENT,17.26,202512,13,1000,55,6,2012,202602~202802,Y,N,,,Y,Y
화양동,officetel,하이뷰오피스텔,ORIGINAL,193,광나루로 386,RENT,18.52,202512,12,2000,83,20,2020,202602~202802,Y,N,,,N,N
화양동,officetel,화양 디펠리체,ORIGINAL,18-9,광나루로 358,RENT,20.45,202512,12,500,95,15,2019,202601~202701,N,N,500.0,90.0,N,N
화양동,officetel,하이뷰오피스텔,ORIGINAL,193,광나루로 386,RENT,18.57,202512,12,1000,91,6,2020,202512~202612,Y,N,,,N,N
화양동,officetel,광진캠퍼스시티,ORIGINAL,21-20,동일로 178,RENT,16.08,202512,12,1000,66,14,2017,202602~202702,N,N,1000.0,60.0,N,Y
화양동,officetel,광진캠퍼스시티,ORIGINAL,21-20,동일로 178,RENT,17.49,202512,12,2500,58,14,2017,202601~202801,N,N,2500.0,55.0,Y,Y
화양동,officetel,화양타워,ORIGINAL,110-37,능동로19길 47,RENT,34.62,202512,12,10000,30,4,1999,202602~202802,Y,N,,,N,N
화양동,officetel,케이타워 오피스텔 B,ORIGINAL,21-22,동일로30길 23,RENT,18.85,202512,11,1000,75,13,2013,202601~202801,Y,N,,,N,N
화양동,villa,동일로26길 25,ROAD_ADDR,31-72,동일로26길 25,RENT,23.54,202512,11,1000,44,3,2002,202601~202801,Y,N,,,Y,Y
화양동,villa,느티나무아래,ORIGINAL,109-3,군자로6길 29,RENT,12.54,202512,11,1000,47,4,2013,202512~202712,Y,N,,,Y,Y
화양동,officetel,아스하임,ORIGINAL,111-102,광나루로 382,RENT,17.15,202512,10,3000,80,5,2018,202601~202701,Y,N,,,N,N
화양동,officetel,아스하임,ORIGINAL,17-16,군자로 43,RENT,20.91,202512,10,2000,120,6,2016,202512~202612,Y,N,,,N,N
화양동,officetel,빌리브 인테라스,ORIGINAL,111-12,능동로 172,RENT,16.88,202512,10,21000,15,16,2021,202601~202801,Y,N,,,N,N
화양동,officetel,DM7 화양,ORIGINAL,29-25,능동로16길 12,RENT,14.1,202512,10,500,100,12,2025,202512~202612,Y,N,,,N,N
화양동,officetel,케이타워 오피스텔 B,ORIGINAL,21-22,동일로30길 23,RENT,18.85,202512,10,1000,75,18,2013,202601~202801,Y,N,,,N,N
화양동,villa,sheeltower,ORIGINAL,19-52,광나루로14길 21-1,RENT,14.8,202512,10,1000,62,4,2012,202601~202801,Y,N,,,N,Y
화양동,officetel,케이타워 오피스텔 B,ORIGINAL,21-22,동일로30길 23,RENT,18.85,202512,09,1000,68,10,2013,202601~202612,N,N,1000.0,65.0,N,Y
화양동,villa,아스하임,ORIGINAL,17-16,군자로 43,RENT,14.11,202512,09,1000,95,9,2016,202512~202701,Y,N,,,N,N
화양동,villa,까사펠리즈화양,ORIGINAL,23-37,광나루로12길 20,RENT,28.63,202512,09,5000,170,10,2025,202512~202712,Y,N,,,N,N
화양동,villa,시트린,ORIGINAL,111-203,능동로17길 10,RENT,13.64,202512,09,17000,10,9,2022,202602~202802,Y,N,,,N,N
화양동,officetel,광진캠퍼스시티,ORIGINAL,21-20,동일로 178,RENT,16.08,202512,08,1000,68,16,2017,202512~202612,N,N,1000.0,65.0,N,Y
화양동,officetel,광진캠퍼스시티,ORIGINAL,21-20,동일로 178,RENT,16.08,202512,08,1000,75,10,2017,202512~202612,Y,N,,,N,N
화양동,officetel,광진캠퍼스시티,ORIGINAL,21-20,동일로 178,RENT,16.08,202512,08,1000,75,10,2017,202512~202612,Y,N,,,N,N
화양동,officetel,화양 디펠리체,ORIGINAL,18-9,광나루로 358,RENT,20.45,202512,08,17500,10,5,2019,202601~202801,Y,N,,,N,N
화양동,officetel,하이뷰오피스텔,ORIGINAL,193,광나루로 386,RENT,18.57,202512,08,1000,100,9,2020,202601~202801,Y,N,,,N,N
화양동,officetel,빌리브 인테라스,ORIGINAL,111-12,능동로 172,RENT,16.88,202512,08,1000,105,15,2021,202601~202701,Y,N,,,N,N
화양동,officetel,정익제이타워,ORIGINAL,111-22,능동로19길 7-10,RENT,17.1,202512,08,1000,85,4,2016,202512~202712,Y,N,,,N,N
화양동,officetel,광진 코지웰,ORIGINAL,113-1,능동로19길 35,RENT,19.53,202512,08,1000,72,13,2014,202602~202702,Y,N,,,N,N
화양동,officetel,케이타워 오피스텔 B,ORIGINAL,21-22,동일로30길 23,RENT,18.85,202512,08,1000,73,16,2013,202601~202701,Y,N,,,N,N
화양동,villa,sheeltower,ORIGINAL,19-52,광나루로14길 21-1,RENT,13.18,202512,08,1000,62,4,2012,202601~202801,Y,N,,,N,Y
화양동,villa,만복빌,ORIGINAL,41-6,동일로 148-8,RENT,15.35,202512,08,2000,46,4,2014,202512~202712,Y,N,,,Y,Y
화양동,villa,만복빌,ORIGINAL,41-6,동일로 148-8,RENT,15.35,202512,08,2000,46,4,2014,-,,N,,,Y,Y
화양동,officetel,광진 코지웰,ORIGINAL,113-1,능동로19길 35,RENT,19.54,202512,06,10000,40,13,2014,202602~202802,Y,N,,,N,N
화양동,officetel,광진캠퍼스시티,ORIGINAL,21-20,동일로 178,RENT,17.49,202512,06,1000,72,3,2017,202512~202612,Y,N,,,N,N
화양동,officetel,광진캠퍼스시티,ORIGINAL,21-20,동일로 178,RENT,16.08,202512,06,1000,76,19,2017,202601~202701,Y,N,,,N,N
화양동,officetel,빌리브 인테라스,ORIGINAL,111-12,능동로 172,RENT,16.88,202512,06,4000,84,4,2021,202601~202701,Y,N,,,N,N
화양동,officetel,까사펠리즈 화양,ORIGINAL,23-37,광나루로12길 20,RENT,27.21,202512,06,5000,120,8,2025,202601~202701,Y,N,,,N,N
화양동,villa,능동로17길 17,ROAD_ADDR,103,능동로17길 17,RENT,12.6,202512,06,8700,5,5,2012,202512~202712,N,N,11000.0,0.0,N,N
화양동,villa,모아빌,ORIGINAL,32-2,동일로28길 48,RENT,23.5,202512,06,500,60,2,2016,202512~202712,Y,N,,,Y,Y
화양동,villa,능동로17길 17,ROAD_ADDR,103,능동로17길 17,RENT,12.6,202512,06,8700,5,5,2012,202512~202712,N,N,11000.0,0.0,N,N
화양동,villa,bestvill,ORIGINAL,17-14,광나루로16길 7-5,RENT,20.4,202512,06,1000,66,4,2012,202602~202802,Y,N,,,N,Y
화양동,villa,bestvill,ORIGINAL,17-14,광나루로16길 7-5,RENT,20.4,202512,06,1000,66,4,2012,202602~202802,Y,N,,,N,Y
화양동,villa,한신하우스,ORIGINAL,75-2,군자로6길 24,RENT,14.88,202512,06,6000,41,5,2012,202601~202801,Y,N,,,Y,Y
화양동,officetel,광진캠퍼스시티,ORIGINAL,21-20,동일로 178,RENT,16.08,202512,05,1000,75,11,2017,202601~202801,Y,N,,,N,N
화양동,officetel,빌리브 인테라스,ORIGINAL,111-12,능동로 172,RENT,16.88,202512,05,3000,83,3,2021,202512~202612,Y,N,,,N,N
화양동,officetel,빌리브 인테라스,ORIGINAL,111-12,능동로 172,RENT,16.88,202512,05,5000,87,8,2021,202601~202801,Y,N,,,N,N
화양동,villa,광나루로16길 28,ROAD_ADDR,19-25,광나루로16길 28,RENT,13.92,202512,05,1000,53,2,2013,202601~202701,Y,N,,,Y,Y
화양동,villa,썬앤영,ORIGINAL,9-32,아차산로29길 28-9,RENT,27.65,202512,05,16000,13,2,2013,202601~202801,Y,N,,,N,N
화양동,officetel,광진캠퍼스시티,ORIGINAL,21-20,동일로 178,RENT,16.08,202512,04,12000,25,12,2017,202601~202801,Y,N,,,N,N
화양동,officetel,광진캠퍼스시티,ORIGINAL,21-20,동일로 178,RENT,16.08,202512,04,1000,68,10,2017,202601~202701,N,N,1000.0,65.0,N,Y
화양동,officetel,정익제이타워2차,ORIGINAL,111-35,광나루로18길 15-1,RENT,17.3,202512,04,1000,100,6,2021,202601~202701,N,N,1000.0,95.0,N,N
화양동,villa,참하우스,ORIGINAL,44-23,동일로22길 23-5,RENT,18.9,202512,04,1000,67,5,2018,202512~202712,Y,N,,,N,Y
화양동,villa,아차산로27길 28-5,ROAD_ADDR,47-33,아차산로27길 28-5,RENT,16.6,202512,04,1000,65,4,2014,202512~202712,Y,N,,,N,Y
화양동,villa,jw.cityvill2동,ORIGINAL,17-54,군자로7길 10,RENT,18.62,202512,04,1000,55,3,2012,202512~202712,Y,N,,,Y,Y
화양동,villa,라벨메종,ORIGINAL,19-13,광나루로14길 33,RENT,18.43,202512,04,3000,70,5,2013,202512~202712,Y,N,,,N,Y
화양동,villa,jw.cityvill2동,ORIGINAL,17-54,군자로7길 10,RENT,18.62,202512,04,1000,55,3,2012,202512~202712,Y,N,,,Y,Y
화양동,villa,하늘빛하우스(31-19),ORIGINAL,31-19,아차산로21길 98-3,RENT,16.2,202512,04,2000,56,3,2015,202512~202712,Y,N,,,Y,Y
화양동,officetel,빌리브 인테라스,ORIGINAL,111-12,능동로 172,RENT,16.88,202512,03,2000,89,14,2021,202601~202701,Y,N,,,N,N
화양동,officetel,아스하임,ORIGINAL,111-102,광나루로 382,RENT,18.94,202512,03,1000,88,6,2018,202602~202802,Y,N,,,N,N
화양동,officetel,광진 코지웰,ORIGINAL,113-1,능동로19길 35,RENT,19.53,202512,03,15100,8,13,2014,202601~202801,N,N,15100.0,5.0,N,N
화양동,officetel,광진 코지웰,ORIGINAL,113-1,능동로19길 35,RENT,19.53,202512,03,14400,11,13,2014,202601~202801,N,N,15100.0,5.0,N,N
화양동,officetel,케이타워 오피스텔 A,ORIGINAL,21-23,광나루로14길 8,RENT,19.78,202512,03,12000,35,6,2013,202602~202802,Y,N,,,N,N
화양동,officetel,더리브오피스텔,ORIGINAL,17-20,광나루로16길 9-9,RENT,19.43,202512,03,1000,91,5,2011,202512~202712,Y,N,,,N,N
화양동,officetel,아스하임,ORIGINAL,111-102,광나루로 382,RENT,17.8,202512,02,1000,90,5,2018,202512~202712,Y,N,,,N,N
화양동,villa,jw.cityvill1동,ORIGINAL,19-2,광나루로16길 6,RENT,13.12,202512,02,1000,47,5,2013,202512~202712,Y,N,,,Y,Y
화양동,villa,모아빌,ORIGINAL,32-2,동일로28길 48,RENT,23.5,202512,02,500,60,4,2016,202512~202712,Y,N,,,Y,Y
화양동,villa,모아빌,ORIGINAL,32-2,동일로28길 48,RENT,22.11,202512,02,500,60,5,2016,202512~202712,Y,N,,,Y,Y
화양동,villa,아차산로21길 105,ROAD_ADDR,24-6,아차산로21길 105,RENT,12.18,202512,02,5000,85,6,2013,202512~202712,Y,N,,,N,N
화양동,villa,동일로26길 25,ROAD_ADDR,31-72,동일로26길 25,RENT,21.6,202512,02,500,46,2,2002,202601~202801,Y,N,,,Y,Y
화양동,villa,군자로5길 7-7,ROAD_ADDR,15-72,군자로5길 7-7,RENT,20.8,202512,01,1000,55,2,2002,202512~202712,Y,N,,,Y,Y
화양동,villa,승하우스,ORIGINAL,44-16,아차산로23길 7-6,RENT,29.65,202512,01,1000,58,3,2018,202601~202801,Y,N,,,Y,Y
화양동,villa,더퍼스트,ORIGINAL,121-9,능동로19길 49,RENT,28.93,202512,01,2000,69,7,2022,202602~202801,Y,N,,,N,Y
화양동,villa,동일로28길 68-6,ROAD_ADDR,16-69,동일로28길 68-6,RENT,20.9,202512,01,1000,56,2,2013,202512~202712,Y,N,,,Y,Y
화양동,villa,군자로5길 7-7,ROAD_ADDR,15-72,군자로5길 7-7,RENT,20.8,202512,01,1000,55,2,2002,202512~202712,Y,N,,,Y,Y
화양동,villa,참하우스,ORIGINAL,44-23,동일로22길 23-5,RENT,18.9,202512,01,1000,53,5,2018,202512~202712,N,N,1000.0,50.0,Y,Y
화양동,officetel,빌리브 인테라스,ORIGINAL,111-12,능동로 172,RENT,16.88,202511,30,1000,97,15,2021,202512~202612,Y,N,,,N,N
화양동,officetel,광진캠퍼스시티,ORIGINAL,21-20,동일로 178,RENT,16.08,202511,29,1000,66,11,2017,202601~202701,N,N,1000.0,63.0,N,Y
화양동,officetel,건대 트레비앙 오피스텔,ORIGINAL,174,광나루로 374,RENT,17.46,202511,29,10000,49,15,2023,202512~202712,Y,N,,,N,N
화양동,villa,IRIS,ORIGINAL,17-53,동일로28길 49-10,RENT,28.69,202511,29,2000,55,6,2012,202512~202712,Y,N,,,Y,Y
화양동,villa,하늘빛하우스(31-19),ORIGINAL,31-19,아차산로21길 98-3,RENT,19.6,202511,29,4000,43,2,2015,202601~202801,Y,N,,,Y,Y
화양동,villa,아차산로23길 79,ROAD_ADDR,31-43,아차산로23길 79,RENT,17.65,202511,29,500,64,4,2013,202512~202712,Y,N,,,N,Y
화양동,villa,채움하우스,ORIGINAL,529,능동로15길 22,RENT,15.76,202511,29,2000,54,2,2012,202602~202802,Y,N,,,Y,Y
화양동,villa,군자로7길 8,ROAD_ADDR,17-51,군자로7길 8,RENT,19.57,202511,29,1000,55,5,2012,202512~202712,Y,N,,,Y,Y
화양동,villa,jw.cityvill1동,ORIGINAL,19-2,광나루로16길 6,RENT,13.05,202511,29,1000,50,3,2013,202512~202712,N,N,1000.0,47.0,Y,Y
화양동,villa,동일로28길 68-6,ROAD_ADDR,16-69,동일로28길 68-6,RENT,18.48,202511,29,1000,58,2,2013,202601~202801,Y,N,,,Y,Y
화양동,villa,군자로7길 2-7,ROAD_ADDR,17-46,군자로7길 2-7,RENT,19.66,202511,29,9000,20,5,2014,202601~202801,Y,N,,,N,N
화양동,villa,군자로6길 40,ROAD_ADDR,106,군자로6길 40,RENT,18.4,202511,29,1000,65,6,2014,202601~202801,Y,N,,,N,Y
화양동,villa,군자로5길 7-10,ROAD_ADDR,15-75,군자로5길 7-10,RENT,23.85,202511,29,500,46,1,2003,202512~202712,Y,N,,,Y,Y
화양동,villa,군자로5길 7-10,ROAD_ADDR,15-75,군자로5길 7-10,RENT,20.24,202511,29,1000,45,2,2003,202512~202712,Y,N,,,Y,Y
화양동,villa,환성빌,ORIGINAL,36-76,아차산로25길 57-7,RENT,14.05,202511,29,500,55,3,2016,202512~202712,Y,N,,,Y,Y
화양동,villa,동일로26길 25,ROAD_ADDR,31-72,동일로26길 25,RENT,23.54,202511,29,500,48,2,2002,202512~202712,Y,N,,,Y,Y
화양동,officetel,빌리브 인테라스,ORIGINAL,111-12,능동로 172,RENT,16.88,202511,28,21000,10,8,2021,202601~202801,Y,N,,,N,N
화양동,officetel,정익제이타워2차,ORIGINAL,111-35,광나루로18길 15-1,RENT,19.08,202511,28,1000,95,7,2021,202512~202612,N,N,1000.0,90.0,N,N
화양동,officetel,광진캠퍼스시티,ORIGINAL,21-20,동일로 178,RENT,16.08,202511,28,1000,85,20,2017,202511~202702,Y,N,,,N,N
화양동,villa,정익제이타워3차,ORIGINAL,111-75,능동로19길 7-13,RENT,13.85,202511,28,1000,100,5,2022,202512~202712,Y,N,,,N,N
화양동,villa,AstonHouse,ORIGINAL,98-1,군자로6길 51,RENT,16.0,202511,28,2000,64,2,2013,202601~202701,Y,N,,,N,Y
화양동,villa,승하우스,ORIGINAL,44-16,아차산로23길 7-6,RENT,39.86,202511,28,500,49,3,2018,202512~202712,Y,N,,,Y,Y
화양동,villa,정익제이타워3차,ORIGINAL,111-75,능동로19길 7-13,RENT,13.85,202511,28,1000,100,5,2022,202512~202712,Y,N,,,N,N
화양동,villa,아차산로33길 67-12,ROAD_ADDR,12-24,아차산로33길 67-12,RENT,19.11,202511,28,1000,55,2,2011,202602~202802,Y,N,,,Y,Y
화양동,officetel,빌리브 인테라스,ORIGINAL,111-12,능동로 172,RENT,16.88,202511,27,15000,32,9,2021,202601~202701,Y,N,,,N,N
화양동,officetel,아스하임,ORIGINAL,17-16,군자로 43,RENT,18.83,202511,26,1000,90,4,2016,202512~202612,N,N,1000.0,85.0,N,N
화양동,villa,더퍼스트,ORIGINAL,121-9,능동로19길 49,RENT,28.93,202511,26,2000,70,6,2022,202601~202801,Y,N,,,N,Y
화양동,officetel,광진캠퍼스시티,ORIGINAL,21-20,동일로 178,RENT,16.08,202511,25,1000,66,6,2017,202601~202701,Y,N,,,N,Y
화양동,officetel,신원리브웰 화양동 주상복합,ORIGINAL,111-88,능동로 170,RENT,17.97,202511,25,500,80,10,2019,202512~202612,Y,N,,,N,N
화양동,officetel,빌리브 인테라스,ORIGINAL,111-12,능동로 172,RENT,16.88,202511,25,1000,89,5,2021,202601~202701,N,N,1000.0,87.0,N,N
화양동,officetel,광진캠퍼스시티,ORIGINAL,21-20,동일로 178,RENT,16.08,202511,25,11000,35,5,2017,202601~202701,Y,N,,,N,N
화양동,villa,동일로26길 54,ROAD_ADDR,35-55,동일로26길 54,RENT,18.06,202511,25,500,54,2,2010,202512~202712,Y,N,,,Y,Y
화양동,villa,아차산로23길 79,ROAD_ADDR,31-43,아차산로23길 79,RENT,17.65,202511,25,1000,61,3,2013,202601~202801,Y,N,,,N,Y
화양동,officetel,케이타워 오피스텔 A,ORIGINAL,21-23,광나루로14길 8,RENT,19.93,202511,24,1000,70,3,2013,202512~202612,Y,N,,,N,Y
화양동,officetel,광진 코지웰,ORIGINAL,113-1,능동로19길 35,RENT,18.93,202511,24,1000,70,13,2014,202512~202612,Y,N,,,N,Y
화양동,villa,동일로26길 25,ROAD_ADDR,31-72,동일로26길 25,RENT,23.97,202511,24,500,42,4,2002,202512~202711,Y,N,,,Y,Y
화양동,villa,아차산로29길 73-3,ROAD_ADDR,34-80,아차산로29길 73-3,RENT,19.38,202511,24,1000,55,3,2003,202512~202712,Y,N,,,Y,Y
화양동,officetel,광진 코지웰,ORIGINAL,113-1,능동로19길 35,RENT,23.31,202511,22,1000,80,13,2014,202601~202801,Y,N,,,N,N
화양동,villa,s.m.hill,ORIGINAL,2-3,능동로15길 9,RENT,17.12,202511,22,3500,46,6,2012,202601~202801,Y,N,,,Y,Y
화양동,villa,동일로28길 38,ROAD_ADDR,32-27,동일로28길 38,RENT,25.45,202511,22,300,40,5,2008,202511~202611,Y,N,,,Y,Y
화양동,villa,jw.cityvill1동,ORIGINAL,19-2,광나루로16길 6,RENT,18.58,202511,22,1000,55,5,2013,202601~202801,N,N,1000.0,53.0,Y,Y
화양동,officetel,화양 디펠리체,ORIGINAL,18-9,광나루로 358,RENT,20.45,202511,21,1000,87,13,2019,202601~202701,N,N,1000.0,83.0,N,N
화양동,officetel,건대 트레비앙 오피스텔,ORIGINAL,174,광나루로 374,RENT,17.46,202511,21,1000,105,15,2023,202601~202701,Y,N,,,N,N
화양동,officetel,건대 트레비앙 오피스텔,ORIGINAL,174,광나루로 374,RENT,17.46,202511,21,5000,80,13,2023,202511~202611,Y,N,,,N,N
화양동,officetel,빌리브 인테라스,ORIGINAL,111-12,능동로 172,RENT,16.88,202511,21,15000,35,14,2021,202512~202712,Y,N,,,N,N
화양동,villa,아차산로23길 79,ROAD_ADDR,31-43,아차산로23길 79,RENT,17.85,202511,21,500,66,3,2013,202512~202712,Y,N,,,N,Y
화양동,villa,bestvill,ORIGINAL,17-14,광나루로16길 7-5,RENT,20.4,202511,21,1000,58,2,2012,202512~202712,Y,N,,,Y,Y
화양동,officetel,빌리브 인테라스,ORIGINAL,111-12,능동로 172,RENT,16.88,202511,20,21000,5,4,2021,202512~202712,Y,N,,,N,N
화양동,officetel,광진캠퍼스시티,ORIGINAL,21-20,동일로 178,RENT,17.49,202511,20,1000,77,10,2017,202512~202612,Y,N,,,N,N
화양동,villa,능동로13길 106,ROAD_ADDR,32-4,능동로13길 106,RENT,22.75,202511,20,1000,61,3,2012,202601~202801,Y,N,,,N,Y
화양동,officetel,광진캠퍼스시티,ORIGINAL,21-20,동일로 178,RENT,17.49,202511,19,1000,85,16,2017,202512~202612,Y,N,,,N,N
화양동,officetel,광나루로 454,ROAD_ADDR,302-24,광나루로 454,RENT,24.9,202511,19,3000,60,6,2002,202601~202801,Y,N,,,Y,Y
화양동,villa,성신하우스(44-57),ORIGINAL,44-57,동일로22길 17-4,RENT,25.29,202511,19,1000,68,2,2017,202512~202712,Y,N,,,N,Y
화양동,villa,Theacro,ORIGINAL,83-1,군자로6길 50,RENT,12.07,202511,19,1000,57,5,2013,202512~202712,Y,N,,,Y,Y
화양동,officetel,화양 디펠리체,ORIGINAL,18-9,광나루로 358,RENT,20.28,202511,18,1000,90,12,2019,202512~202612,Y,N,,,N,N
화양동,officetel,더 메종 건대,ORIGINAL,23-5,동일로 174,RENT,17.71,202511,18,20000,25,13,2022,202601~202801,Y,N,,,N,N
화양동,villa,아차산로33길 67-12,ROAD_ADDR,12-24,아차산로33길 67-12,RENT,19.11,202511,18,1000,50,3,2011,202512~202712,Y,N,,,Y,Y
화양동,officetel,빌리브 인테라스,ORIGINAL,111-12,능동로 172,RENT,16.88,202511,17,2000,88,16,2021,202512~202712,N,N,2000.0,84.0,N,N
화양동,officetel,케이타워 오피스텔 B,ORIGINAL,21-22,동일로30길 23,RENT,18.85,202511,17,1000,75,11,2013,202512~202612,N,N,1000.0,70.0,N,N
화양동,officetel,광진캠퍼스시티,ORIGINAL,21-20,동일로 178,RENT,16.08,202511,17,1000,80,20,2017,202511~202611,Y,N,,,N,N
화양동,officetel,광진캠퍼스시티,ORIGINAL,21-20,동일로 178,RENT,16.08,202511,17,1000,65,18,2017,202512~202612,N,N,1000.0,63.0,N,Y
화양동,officetel,화양 디펠리체,ORIGINAL,18-9,광나루로 358,RENT,20.42,202511,17,1000,84,6,2019,202601~202701,Y,N,,,N,N
화양동,villa,AstonHouse,ORIGINAL,98-1,군자로6길 51,RENT,22.35,202511,17,6000,45,3,2013,202601~202801,Y,N,,,Y,Y
화양동,villa,능동로17길 7-2,ROAD_ADDR,101-2,능동로17길 7-2,RENT,14.35,202511,17,12000,5,4,2015,202512~202712,Y,N,,,N,N
화양동,villa,예가,ORIGINAL,20-33,광나루로14길 22,RENT,19.385,202511,17,9000,20,5,2011,202601~202801,Y,N,,,N,N
화양동,officetel,빌리브 인테라스,ORIGINAL,111-12,능동로 172,RENT,16.88,202511,16,1000,95,17,2021,202511~202611,Y,N,,,N,N
화양동,officetel,빌리브 인테라스,ORIGINAL,111-12,능동로 172,RENT,16.88,202511,15,8000,62,15,2021,202512~202712,Y,N,,,N,N
화양동,officetel,빌리브 인테라스,ORIGINAL,111-12,능동로 172,RENT,16.88,202511,15,12000,55,9,2021,202512~202612,N,N,12000.0,50.0,N,N
화양동,officetel,광진캠퍼스시티,ORIGINAL,21-20,동일로 178,RENT,16.08,202511,15,1000,75,16,2017,202511~202611,Y,N,,,N,N
화양동,officetel,광진캠퍼스시티,ORIGINAL,21-20,동일로 178,RENT,16.08,202511,15,12000,7,4,2017,202512~202712,N,N,13750.0,0.0,N,N
화양동,officetel,건대 트레비앙 오피스텔,ORIGINAL,174,광나루로 374,RENT,18.66,202511,14,1000,100,3,2023,202601~202801,Y,N,,,N,N
화양동,officetel,하이뷰오피스텔,ORIGINAL,193,광나루로 386,RENT,18.43,202511,14,17000,26,11,2020,202511~202611,N,N,17000.0,26.0,N,N
화양동,officetel,화양 디펠리체,ORIGINAL,18-9,광나루로 358,RENT,20.45,202511,14,2000,81,17,2019,202511~202611,Y,N,,,N,N
화양동,villa,군자로3길 25-17,ROAD_ADDR,12-48,군자로3길 25-17,RENT,20.48,202511,14,10000,30,2,2013,202512~202711,Y,N,,,N,N
화양동,villa,군자로3길 25-17,ROAD_ADDR,12-48,군자로3길 25-17,RENT,20.7,202511,13,2000,70,2,2013,202601~202801,Y,N,,,N,Y
화양동,villa,능동로17길 7-3,ROAD_ADDR,94-6,능동로17길 7-3,RENT,12.92,202511,13,1000,61,3,2013,202511~202606,Y,N,,,N,Y
화양동,villa,다움빌,ORIGINAL,36-85,동일로26길 38-3,RENT,18.68,202511,13,2800,55,3,2011,202511~202711,Y,N,,,Y,Y
화양동,officetel,광진캠퍼스시티,ORIGINAL,21-20,동일로 178,RENT,17.49,202511,12,1000,66,18,2017,202601~202701,N,N,1000.0,63.0,N,Y
화양동,villa,채움하우스,ORIGINAL,529,능동로15길 22,RENT,15.89,202511,12,1000,77,5,2012,202512~202712,Y,N,,,N,N
화양동,officetel,빌리브 인테라스,ORIGINAL,111-12,능동로 172,RENT,16.88,202511,11,21000,5,8,2021,202601~202801,Y,N,,,N,N
화양동,officetel,아스하임,ORIGINAL,17-16,군자로 43,RENT,18.83,202511,11,1000,85,7,2016,202511~202711,Y,N,,,N,N
화양동,officetel,화양타워,ORIGINAL,110-37,능동로19길 47,RENT,33.7,202511,11,1000,60,6,1999,202601~202801,Y,N,,,Y,Y
화양동,officetel,건대 트레비앙 오피스텔,ORIGINAL,174,광나루로 374,RENT,17.46,202511,11,1000,110,9,2023,202511~202608,Y,N,,,N,N
화양동,officetel,광나루로 454,ROAD_ADDR,302-24,광나루로 454,RENT,24.6,202511,11,3000,60,5,2002,202601~202801,Y,N,,,Y,Y
화양동,officetel,아스하임,ORIGINAL,17-16,군자로 43,RENT,18.83,202511,10,3000,63,4,2016,202512~202711,N,N,3000.0,60.0,N,Y
화양동,officetel,하이뷰오피스텔,ORIGINAL,193,광나루로 386,RENT,18.57,202511,10,1000,97,20,2020,202602~202702,Y,N,,,N,N
화양동,officetel,하이뷰오피스텔,ORIGINAL,193,광나루로 386,RENT,18.43,202511,10,10000,55,11,2020,202512~202712,N,N,10000.0,51.0,N,N
화양동,villa,wj.cityvillB동,ORIGINAL,17-61,동일로28길 49-9,RENT,16.03,202511,10,1000,50,3,2014,202512~202712,Y,N,,,Y,Y
화양동,officetel,화양동 동도센트리움 캠퍼스파크,ORIGINAL,116-2,광나루로 370,RENT,16.83,202511,08,6000,65,6,2019,202512~202712,N,N,8000.0,46.0,N,Y
화양동,officetel,글로벌시티,ORIGINAL,49-12,아차산로 205,RENT,20.61,202511,08,2000,58,5,2003,202511~202711,Y,N,,,Y,Y
화양동,officetel,광진캠퍼스시티,ORIGINAL,21-20,동일로 178,RENT,16.08,202511,08,2000,69,13,2017,202512~202712,Y,N,,,N,Y
화양동,officetel,광진캠퍼스시티,ORIGINAL,21-20,동일로 178,RENT,16.08,202511,08,1000,80,19,2017,202511~202611,Y,N,,,N,N
화양동,officetel,빌리브 인테라스,ORIGINAL,111-12,능동로 172,RENT,16.88,202511,08,16000,33,18,2021,202512~202712,Y,N,,,N,N
화양동,officetel,빌리브 인테라스,ORIGINAL,111-12,능동로 172,RENT,16.88,202511,08,20500,4,4,2021,202512~202712,N,Y,20500.0,0.0,N,N
화양동,officetel,빌리브 인테라스,ORIGINAL,111-12,능동로 172,RENT,16.88,202511,08,1000,98,16,2021,202601~202701,N,N,1000.0,93.0,N,N
화양동,officetel,건대 트레비앙 오피스텔,ORIGINAL,174,광나루로 374,RENT,17.46,202511,08,5000,79,12,2023,202511~202611,Y,N,,,N,N
화양동,villa,보나하임,ORIGINAL,32-20,군자로7길 24,RENT,15.93,202511,08,500,55,3,2016,202511~202711,Y,N,,,Y,Y
화양동,officetel,빌리브 인테라스,ORIGINAL,111-12,능동로 172,RENT,16.88,202511,07,5000,69,18,2021,202512~202612,Y,N,,,N,Y
화양동,villa,비다펠리즈,ORIGINAL,2-22,능동로 153-1,RENT,15.2,202511,07,23500,9,7,2021,202512~202712,Y,N,,,N,N
화양동,villa,태평정(111-40),ORIGINAL,111-40,광나루로20길 38,RENT,29.95,202511,07,3000,180,5,2025,202511~202711,Y,N,,,N,N
화양동,villa,이보하우스,ORIGINAL,37-91,아차산로21길 54-4,RENT,15.815,202511,07,1000,69,2,2011,202511~202711,Y,N,,,N,Y
화양동,villa,태평정(111-40),ORIGINAL,111-40,광나루로20길 38,RENT,29.95,202511,07,3000,180,7,2025,202511~202711,Y,N,,,N,N
화양동,officetel,빌리브 인테라스,ORIGINAL,111-12,능동로 172,RENT,16.88,202511,06,1000,92,13,2021,202601~202701,Y,N,,,N,N
화양동,officetel,건대 트레비앙 오피스텔,ORIGINAL,174,광나루로 374,RENT,17.46,202511,06,1000,100,10,2023,202511~202611,Y,N,,,N,N
화양동,officetel,광진캠퍼스시티,ORIGINAL,21-20,동일로 178,RENT,17.49,202511,06,1000,75,16,2017,202511~202611,Y,N,,,N,N
화양동,officetel,아스하임,ORIGINAL,111-102,광나루로 382,RENT,17.8,202511,06,1000,95,6,2018,202511~202611,Y,N,,,N,N
화양동,officetel,케이타워 오피스텔 B,ORIGINAL,21-22,동일로30길 23,RENT,18.85,202511,06,1000,67,14,2013,202601~202701,Y,N,,,N,Y
화양동,villa,능동로13길 100,ROAD_ADDR,32-9,능동로13길 100,RENT,15.08,202511,06,2000,66,4,2015,202512~202711,Y,N,,,N,Y
화양동,villa,jw.cityvill1동,ORIGINAL,19-2,광나루로16길 6,RENT,13.05,202511,06,2000,42,5,2013,202512~202712,Y,N,,,Y,Y
화양동,officetel,빌리브 인테라스,ORIGINAL,111-12,능동로 172,RENT,16.88,202511,05,21000,10,17,2021,202512~202712,Y,N,,,N,N
화양동,villa,하우스나인,ORIGINAL,111-29,능동로17길 16,RENT,15.57,202511,05,1000,70,6,2012,202512~202712,Y,N,,,N,Y
화양동,officetel,광나루로 454,ROAD_ADDR,302-24,광나루로 454,RENT,24.9,202511,04,2000,65,4,2002,202512~202712,Y,N,,,N,Y
화양동,villa,광나루로14길 35,ROAD_ADDR,19-12,광나루로14길 35,RENT,20.21,202511,04,1000,88,6,2021,202511~202711,Y,N,,,N,N
화양동,officetel,건대 트레비앙 오피스텔,ORIGINAL,174,광나루로 374,RENT,18.66,202511,01,1000,115,7,2023,202511~202611,Y,N,,,N,N
화양동,villa,군자로 36-8,ROAD_ADDR,132-8,군자로 36-8,RENT,36.72,202511,01,1500,78,2,1990,202511~202711,Y,N,,,N,N
화양동,villa,예그리나Ⅰ,ORIGINAL,109-4,군자로6길 27,RENT,16.02,202511,01,9000,4,2,2013,202601~202801,N,N,9000.0,2.0,N,N
화양동,villa,아스하임,ORIGINAL,17-16,군자로 43,RENT,14.11,202511,01,15000,25,9,2016,202511~202711,Y,N,,,N,N
화양동,villa,아차산로23길 58-12,ROAD_ADDR,36-94,아차산로23길 58-12,RENT,15.15,202511,01,1000,50,2,2007,202512~202712,Y,N,,,Y,Y
화양동,officetel,olivehouse,OTHER_RECORD,19-40,광나루로14길 17,RENT,29.51,202510,31,3000,80,7,2012,202511~202710,Y,N,,,N,N
화양동,officetel,아스하임,ORIGINAL,17-16,군자로 43,RENT,19.13,202510,31,10000,57,8,2016,202512~202712,Y,N,,,N,N
화양동,officetel,빌리브 인테라스,ORIGINAL,111-12,능동로 172,RENT,16.88,202510,30,5000,80,6,2021,202512~202612,N,N,5000.0,70.0,N,N
화양동,officetel,케이타워 오피스텔 B,ORIGINAL,21-22,동일로30길 23,RENT,18.85,202510,30,13000,26,16,2013,202511~202711,N,N,13000.0,13.0,N,N
화양동,officetel,광진캠퍼스시티,ORIGINAL,21-20,동일로 178,RENT,16.08,202510,30,5000,60,20,2017,202511~202711,Y,N,,,Y,Y
화양동,officetel,하이뷰오피스텔,ORIGINAL,193,광나루로 386,RENT,18.57,202510,30,3000,76,15,2020,202511~202610,Y,N,,,N,N
화양동,officetel,건대 트레비앙 오피스텔,ORIGINAL,174,광나루로 374,RENT,17.46,202510,30,1000,110,16,2023,202511~202611,N,N,1000.0,110.0,N,N
화양동,officetel,아스하임,ORIGINAL,111-102,광나루로 382,RENT,17.8,202510,29,1000,88,7,2018,202511~202711,Y,N,,,N,N
화양동,officetel,엘리시안파크,ORIGINAL,132-75,군자로 46,RENT,16.36,202510,29,1000,80,3,2015,202510~202702,Y,N,,,N,N
화양동,villa,다움빌,ORIGINAL,36-85,동일로26길 38-3,RENT,16.77,202510,29,2800,46,2,2011,202511~202711,Y,N,,,Y,Y
화양동,officetel,케이타워 오피스텔 B,ORIGINAL,21-22,동일로30길 23,RENT,18.85,202510,28,10000,38,5,2013,202512~202712,Y,N,,,N,N
화양동,officetel,케이타워 오피스텔 A,ORIGINAL,21-23,광나루로14길 8,RENT,19.93,202510,27,1000,70,7,2013,202512~202712,Y,N,,,N,Y
화양동,villa,모아빌,ORIGINAL,32-2,동일로28길 48,RENT,23.5,202510,27,500,60,4,2016,202512~202712,Y,N,,,Y,Y
화양동,villa,AstonHouse,ORIGINAL,98-1,군자로6길 51,RENT,16.34,202510,27,3000,56,4,2013,202511~202711,Y,N,,,Y,Y
화양동,officetel,빌리브 인테라스,ORIGINAL,111-12,능동로 172,RENT,16.88,202510,25,20000,20,14,2021,202512~202712,Y,N,,,N,N
화양동,officetel,광진캠퍼스시티,ORIGINAL,21-20,동일로 178,RENT,16.08,202510,25,1000,75,11,2017,202511~202611,Y,N,,,N,N
화양동,officetel,케이타워 오피스텔 B,ORIGINAL,21-22,동일로30길 23,RENT,18.85,202510,25,1000,75,13,2013,202510~202610,Y,N,,,N,N
화양동,officetel,케이타워 오피스텔 A,ORIGINAL,21-23,광나루로14길 8,RENT,19.78,202510,25,1000,68,2,2013,202512~202612,N,N,1000.0,65.0,N,Y
화양동,officetel,빌리브 인테라스,ORIGINAL,111-12,능동로 172,RENT,16.88,202510,25,3000,83,3,2021,202512~202612,Y,N,,,N,N
화양동,villa,군자로3길 24-3,ROAD_ADDR,15-52,군자로3길 24-3,RENT,14.76,202510,25,1000,62,3,2017,202512~202712,N,N,1000.0,60.0,N,Y
화양동,villa,위드하우스(36-79),ORIGINAL,36-79,아차산로25길 57-3,RENT,21.9,202510,25,1000,60,4,2016,202511~202711,Y,N,,,Y,Y
화양동,villa,하우스나인,ORIGINAL,111-29,능동로17길 16,RENT,13.51,202510,25,5000,48,4,2012,202511~202711,Y,N,,,Y,Y
화양동,villa,아차산로31길 25-3,ROAD_ADDR,9-78,아차산로31길 25-3,RENT,21.62,202510,25,500,63,2,2003,202510~202710,Y,N,,,N,Y
화양동,villa,아차산로27길 58,ROAD_ADDR,34-35,아차산로27길 58,RENT,25.8,202510,25,1000,60,4,2006,202512~202712,Y,N,,,Y,Y
화양동,officetel,케이타워 오피스텔 B,ORIGINAL,21-22,동일로30길 23,RENT,18.85,202510,24,1000,75,9,2013,202511~202711,Y,N,,,N,N
화양동,officetel,케이타워 오피스텔 A,ORIGINAL,21-23,광나루로14길 8,RENT,19.93,202510,24,1000,70,15,2013,202510~202610,Y,N,,,N,Y
화양동,officetel,하이뷰오피스텔,ORIGINAL,193,광나루로 386,RENT,18.57,202510,24,1000,83,13,2020,202511~202611,Y,N,,,N,N
화양동,officetel,광진캠퍼스시티,ORIGINAL,21-20,동일로 178,RENT,17.49,202510,24,6000,65,20,2017,202511~202711,Y,N,,,N,Y
화양동,officetel,군자로6길 54,ROAD_ADDR,83-5,군자로6길 54,RENT,35.18,202510,23,1000,55,6,2012,202511~202710,Y,N,,,Y,Y
화양동,officetel,광진캠퍼스시티,ORIGINAL,21-20,동일로 178,RENT,24.38,202510,23,2000,84,13,2017,202511~202611,Y,N,,,N,N
화양동,officetel,화양 디펠리체,ORIGINAL,18-9,광나루로 358,RENT,20.42,202510,23,5000,68,10,2019,202511~202711,N,Y,5000.0,65.0,N,Y
화양동,villa,Theacro,ORIGINAL,83-1,군자로6길 50,RENT,12.07,202510,21,1000,52,3,2013,202511~202711,Y,N,,,Y,Y
화양동,officetel,하이뷰오피스텔,ORIGINAL,193,광나루로 386,RENT,18.57,202510,18,1000,83,10,2020,202511~202611,Y,N,,,N,N
화양동,officetel,광진캠퍼스시티,ORIGINAL,21-20,동일로 178,RENT,16.08,202510,18,1000,68,8,2017,202512~202701,N,N,1000.0,65.0,N,Y
화양동,villa,정익제이타워,ORIGINAL,111-22,능동로19길 7-10,RENT,14.68,202510,18,1000,95,10,2016,202510~202710,N,N,1000.0,90.0,N,N
화양동,officetel,빌리브 인테라스,ORIGINAL,111-12,능동로 172,RENT,16.88,202510,17,20700,13,6,2021,202512~202712,Y,N,,,N,N
화양동,villa,포츈하우스,ORIGINAL,44-63,동일로22길 17-7,RENT,19.99,202510,17,1000,56,4,2012,202510~202610,Y,N,,,Y,Y
화양동,officetel,광진캠퍼스시티,ORIGINAL,21-20,동일로 178,RENT,17.49,202510,16,1000,66,4,2017,202511~202611,Y,N,,,N,Y
화양동,officetel,하이뷰오피스텔,ORIGINAL,193,광나루로 386,RENT,18.43,202510,16,19950,10,4,2020,202510~202710,N,Y,19000.0,10.0,N,N
화양동,villa,능동로17길 7-3,ROAD_ADDR,94-6,능동로17길 7-3,RENT,14.8,202510,16,1000,64,2,2013,202511~202711,Y,N,,,N,Y
화양동,officetel,케이타워 오피스텔 B,ORIGINAL,21-22,동일로30길 23,RENT,18.85,202510,15,1000,74,10,2013,202511~202611,N,N,1000.0,70.0,N,N
화양동,officetel,하이뷰오피스텔,ORIGINAL,193,광나루로 386,RENT,18.57,202510,15,500,92,8,2020,202510~202610,N,N,500.0,88.0,N,N
화양동,villa,광나루로12길 17,ROAD_ADDR,20-20,광나루로12길 17,RENT,14.43,202510,15,1000,57,7,2017,202511~202711,Y,N,,,Y,Y
화양동,villa,능동로17길 7-3,ROAD_ADDR,94-6,능동로17길 7-3,RENT,13.3,202510,15,1000,58,3,2013,202512~202711,Y,N,,,Y,Y
화양동,officetel,화양동 프라하임,ORIGINAL,94-9,능동로 165-1,RENT,26.85,202510,14,1000,170,6,2022,202510~202610,Y,N,,,N,N
화양동,officetel,하이뷰오피스텔,ORIGINAL,193,광나루로 386,RENT,18.57,202510,14,1000,90,8,2020,202510~202710,Y,N,,,N,N
화양동,officetel,정익제이타워2차,ORIGINAL,111-35,광나루로18길 15-1,RENT,17.61,202510,14,1000,100,6,2021,202512~202612,Y,N,,,N,N
화양동,villa,Mamaison,ORIGINAL,37-30,동일로26길 18,RENT,18.38,202510,13,3000,23,4,2015,202510~202710,Y,N,,,Y,Y
화양동,officetel,케이타워 오피스텔 A,ORIGINAL,21-23,광나루로14길 8,RENT,19.93,202510,11,12000,35,14,2013,202511~202711,Y,N,,,N,N
화양동,villa,한신하우스,ORIGINAL,75-2,군자로6길 24,RENT,14.88,202510,11,5000,19,5,2012,202512~202711,Y,N,,,Y,Y
화양동,villa,군자로6길 40,ROAD_ADDR,106,군자로6길 40,RENT,39.47,202510,11,1000,65,3,2014,202511~202710,Y,N,,,N,Y
화양동,officetel,광나루로 454,ROAD_ADDR,302-24,광나루로 454,RENT,24.9,202510,10,1000,67,2,2002,202510~202710,N,Y,1000.0,62.0,N,Y
화양동,officetel,화양동 동도센트리움 캠퍼스파크,ORIGINAL,116-2,광나루로 370,RENT,16.83,202510,10,13000,28,6,2019,202512~202712,Y,N,,,N,N
화양동,officetel,광진캠퍼스시티,ORIGINAL,21-20,동일로 178,RENT,16.08,202510,10,500,70,17,2017,202510~202610,N,N,500.0,67.0,N,Y
화양동,villa,광나루로14길 35,ROAD_ADDR,19-12,광나루로14길 35,RENT,20.21,202510,10,1000,88,4,2021,202510~202710,Y,N,,,N,N
화양동,villa,아차산로27길 5,ROAD_ADDR,46-46,아차산로27길 5,RENT,21.15,202510,10,500,60,3,2010,202510~202710,Y,N,,,Y,Y
화양동,villa,wj.cityvillB동,ORIGINAL,17-61,동일로28길 49-9,RENT,16.03,202510,10,500,53,4,2014,202511~202711,Y,N,,,Y,Y
화양동,villa,아차산로27길 5,ROAD_ADDR,46-46,아차산로27길 5,RENT,21.15,202510,10,500,60,3,2010,202510~202710,Y,N,,,Y,Y
화양동,villa,아차산로21길 98-4,ROAD_ADDR,31-33,아차산로21길 98-4,RENT,21.9,202510,07,2000,52,4,2015,-,,N,,,Y,Y
화양동,officetel,광진캠퍼스시티,ORIGINAL,21-20,동일로 178,RENT,16.08,202510,02,3000,65,10,2017,202510~202610,Y,N,,,N,Y
화양동,officetel,빌리브 인테라스,ORIGINAL,111-12,능동로 172,RENT,16.88,202510,02,20500,15,12,2021,202510~202610,Y,N,,,N,N
화양동,officetel,광진캠퍼스시티,ORIGINAL,21-20,동일로 178,RENT,16.08,202510,01,1000,70,8,2017,202510~202609,Y,N,,,N,Y
화양동,officetel,광진캠퍼스시티,ORIGINAL,21-20,동일로 178,RENT,17.49,202510,01,1000,75,13,2017,202510~202610,Y,N,,,N,N
화양동,officetel,광진캠퍼스시티,ORIGINAL,21-20,동일로 178,RENT,16.08,202509,30,1000,70,5,2017,202509~202609,Y,N,,,N,Y
화양동,villa,아차산로27길 58,ROAD_ADDR,34-35,아차산로27길 58,RENT,25.8,202509,30,1000,60,2,2006,202511~202710,Y,N,,,Y,Y
화양동,villa,디딤돌,ORIGINAL,17-67,광나루로16길 25,RENT,16.5,202509,30,1000,53,4,2012,202510~202710,Y,N,,,Y,Y
화양동,villa,artillage,ORIGINAL,10-3,아차산로31길 43-4,RENT,18.135,202509,30,3000,49,2,2015,202511~202711,N,Y,3000.0,47.0,Y,Y
