NO,시군구,번지,본번,부번,건물명,전월세구분,전용면적(㎡),계약년월,계약일,보증금(만원),월세금(만원),층,건축년도,도로명,계약기간,계약구분,갱신요구권 사용,종전계약 보증금(만원),종전계약 월세(만원),housing_type
1,서울특별시 광진구 중곡동,157-17,0157,0017,리아리움더언타워,전세,17.4700,202609,28,"19,700",0,9,2017,천호대로109길 9,202611~202811,신규,-,,,officetel
2,서울특별시 광진구 화양동,111-12,0111,0012,빌리브 인테라스,전세,16.8800,202609,28,"21,000",0,4,2021,능동로 172,202611~202811,신규,-,,,officetel
3,서울특별시 광진구 화양동,111-12,0111,0012,빌리브 인테라스,월세,16.8800,202609,28,"5,000",85,6,2021,능동로 172,202610~202710,신규,-,,,officetel
4,서울특별시 광진구 중곡동,190-3,0190,0003,위너스텔,월세,20.3500,202609,24,500,55,2,2003,동일로 418,202609~202709,갱신,-,500,54,officetel
5,서울특별시 광진구 화양동,21-20,0021,0020,광진캠퍼스시티,월세,17.4900,202609,23,"1,000",75,9,2017,동일로 178,202609~202709,신규,-,,,officetel
6,서울특별시 광진구 자양동,854,0854,0000,광진트라팰리스,월세,59.2500,202609,23,"10,000",200,2,2006,뚝섬로34길 67,202610~202810,신규,-,,,officetel
7,서울특별시 광진구 능동,222-7,0222,0007,(222-7),월세,31.7400,202609,22,"8,000",75,6,2017,능동로36길 29,202611~202811,신규,-,,,officetel
8,서울특별시 광진구 중곡동,639-6,0639,0006,정익제이타워2차,월세,15.9300,202609,21,"17,000",10,3,2020,천호대로 537,202611~202811,신규,-,,,officetel
9,서울특별시 광진구 중곡동,341-3,0341,0003,아뜰리에,월세,18.0200,202609,21,"12,000",29,3,2018,능동로38길 38,202610~202810,신규,-,,,officetel
10,서울특별시 광진구 군자동,473-1,0473,0001,(473-1),월세,18.2000,202609,21,"18,000",30,14,2019,천호대로 530,202610~202710,갱신,-,"18,000",25,officetel
11,서울특별시 광진구 구의동,252-16,0252,0016,웰츠타워,월세,24.8200,202609,21,"1,000",93,16,2015,자양로 116,202610~202710,신규,-,,,officetel
12,서울특별시 광진구 중곡동,190-3,0190,0003,위너스텔,월세,18.1500,202609,19,500,53,5,2003,동일로 418,202609~202709,갱신,-,500,52,officetel
13,서울특별시 광진구 중곡동,158-8,0158,0008,JS더빌,전세,14.6200,202609,19,"10,100",0,4,2009,능동로38길 15-4,202610~202810,신규,-,,,officetel
14,서울특별시 광진구 화양동,49-12,0049,0012,글로벌시티,월세,20.6100,202609,18,"1,000",63,4,2003,아차산로 205,202609~202809,신규,-,,,officetel
15,서울특별시 광진구 중곡동,157-17,0157,0017,리아리움더언타워,월세,17.4700,202609,18,"1,000",85,3,2017,천호대로109길 9,202611~202811,신규,-,,,officetel
16,서울특별시 광진구 구의동,243-71,0243,0071,구의동 벨라로사 오피스텔,전세,20.9400,202609,17,"19,200",0,7,2019,아차산로 405,202610~202810,신규,-,,,officetel
17,서울특별시 광진구 중곡동,639-6,0639,0006,정익제이타워2차,월세,15.9300,202609,17,"10,000",55,4,2020,천호대로 537,202610~202710,갱신,사용,"10,000",50,officetel
18,서울특별시 광진구 자양동,680-2,0680,0002,안틸리아 자양,월세,25.9800,202609,17,300,150,8,2022,자양로 92,202609~202703,신규,-,,,officetel
19,서울특별시 광진구 군자동,473-1,0473,0001,(473-1),월세,18.0800,202609,16,"18,000",30,17,2019,천호대로 530,202610~202810,신규,-,,,officetel
20,서울특별시 광진구 군자동,473-1,0473,0001,(473-1),월세,18.2000,202609,16,"18,000",20,3,2019,천호대로 530,202611~202811,신규,-,,,officetel
21,서울특별시 광진구 군자동,355-5,0355,0005,에피소드 1(Episode 1),월세,25.8000,202609,16,"18,800",35,16,2014,동일로 190,202610~202810,신규,-,,,officetel
22,서울특별시 광진구 구의동,243-2,0243,0002,베스트 트레드빌,월세,26.8400,202609,16,"1,000",75,12,2004,자양로18길 96,202610~202810,신규,-,,,officetel
23,서울특별시 광진구 구의동,199-8,0199,0008,(199-8),월세,27.6600,202609,15,"1,000",95,5,2017,아차산로 480,202611~202711,신규,-,,,officetel
24,서울특별시 광진구 구의동,252-16,0252,0016,웰츠타워,월세,24.8200,202609,15,"1,000",91,16,2015,자양로 116,202610~202710,갱신,-,"1,000",90,officetel
25,서울특별시 광진구 구의동,243-13,0243,0013,리버 비스타 구의,월세,21.0000,202609,14,"1,000",87,9,2019,아차산로 417,202611~202711,신규,-,,,officetel
26,서울특별시 광진구 구의동,252-16,0252,0016,웰츠타워,월세,24.8200,202609,14,"1,000",89,10,2015,자양로 116,202609~202709,신규,-,,,officetel
27,서울특별시 광진구 구의동,243-71,0243,0071,구의동 벨라로사 오피스텔,월세,20.9400,202609,14,"20,500",15,15,2019,아차산로 405,202610~202810,신규,-,,,officetel
28,서울특별시 광진구 화양동,21-20,0021,0020,광진캠퍼스시티,월세,24.3800,202609,14,"16,000",35,4,2017,동일로 178,202610~202810,신규,-,,,officetel
29,서울특별시 광진구 자양동,779,0779,0000,타워더모스트광진아크로텔,월세,27.1700,202609,12,"1,000",100,13,2014,아차산로 355,202610~202710,신규,-,,,officetel
30,서울특별시 광진구 자양동,2-2,0002,0002,건대입구역자이엘라,전세,18.1000,202609,12,"27,000",0,10,2022,능동로 87,202611~202811,신규,-,,,officetel
31,서울특별시 광진구 군자동,478-3,0478,0003,(478-3),월세,26.8500,202609,12,"1,000",100,6,2020,군자로 184,202609~202809,신규,-,,,officetel
32,서울특별시 광진구 화양동,193,0193,0000,하이뷰오피스텔,월세,18.4300,202609,12,"15,000",43,16,2020,광나루로 386,202609~202809,갱신,-,"15,000",38,officetel
33,서울특별시 광진구 중곡동,639-4,0639,0004,정익제이타워1차,월세,16.2200,202609,12,"15,000",25,3,2018,천호대로 531-1,202611~202811,신규,-,,,officetel
34,서울특별시 광진구 구의동,199-8,0199,0008,(199-8),월세,27.0300,202609,12,"3,000",100,9,2017,아차산로 480,202610~202810,신규,-,,,officetel
35,서울특별시 광진구 화양동,18-9,0018,0009,화양 디펠리체,월세,20.4500,202609,11,"1,000",84,10,2019,광나루로 358,202610~202810,신규,-,,,officetel
36,서울특별시 광진구 중곡동,639-6,0639,0006,정익제이타워2차,월세,15.9300,202609,11,"15,000",25,13,2020,천호대로 537,202610~202810,신규,-,,,officetel
37,서울특별시 광진구 화양동,111-73,0111,0073,BLUE SKY,월세,18.2500,202609,11,"1,000",63,8,2018,능동로19길 23,202609~202809,신규,-,,,officetel
38,서울특별시 광진구 구의동,243-71,0243,0071,구의동 벨라로사 오피스텔,월세,20.9400,202609,11,"19,500",3,7,2019,아차산로 405,202610~202810,갱신,-,"19,500",0,officetel
39,서울특별시 광진구 화양동,21-20,0021,0020,광진캠퍼스시티,월세,16.0800,202609,10,"1,000",80,8,2017,동일로 178,202610~202710,신규,-,,,officetel
40,서울특별시 광진구 화양동,21-20,0021,0020,광진캠퍼스시티,월세,16.0800,202609,10,"12,000",30,9,2017,동일로 178,202610~202810,신규,-,,,officetel
41,서울특별시 광진구 화양동,20-10,0020,0010,더하우스인,월세,31.0100,202609,10,"5,000",90,3,2018,광나루로14길 24,202610~202810,신규,-,,,officetel
42,서울특별시 광진구 화양동,193,0193,0000,하이뷰오피스텔,월세,18.4300,202609,09,"23,100",6,19,2020,광나루로 386,202610~202810,신규,-,,,officetel
43,서울특별시 광진구 자양동,870,0870,0000,이스트폴,월세,32.1300,202609,09,"2,000",154,17,2025,아차산로 400,202609~202709,신규,-,,,officetel
44,서울특별시 광진구 구의동,243-2,0243,0002,베스트 트레드빌,월세,26.8400,202609,09,"5,000",35,10,2004,자양로18길 96,202610~202710,신규,-,,,officetel
45,서울특별시 광진구 구의동,243-71,0243,0071,구의동 벨라로사 오피스텔,전세,20.9400,202609,09,"20,300",0,13,2019,아차산로 405,202611~202811,신규,-,,,officetel
46,서울특별시 광진구 구의동,252-16,0252,0016,웰츠타워,월세,24.7500,202609,08,"1,000",89,18,2015,자양로 116,202609~202709,신규,-,,,officetel
47,서울특별시 광진구 군자동,361-26,0361,0026,디엠세븐세종,월세,14.0300,202609,08,"1,000",100,10,2026,광나루로 381,202609~202709,신규,-,,,officetel
48,서울특별시 광진구 군자동,473-21,0473,0021,스테이 더 디자이너스 군자,월세,17.2500,202609,08,"16,000",24,7,2020,천호대로 538,202609~202809,갱신,-,"16,000",24,officetel
49,서울특별시 광진구 구의동,199-14,0199,0014,(199-14),월세,32.2500,202609,08,"1,000",75,5,2001,광나루로54길 20,202611~202811,갱신,사용,"1,000",70,officetel
50,서울특별시 광진구 구의동,243-2,0243,0002,베스트 트레드빌,월세,26.8400,202609,08,"1,000",75,6,2004,자양로18길 96,202609~202709,갱신,-,"1,000",70,officetel
51,서울특별시 광진구 중곡동,639-6,0639,0006,정익제이타워2차,월세,15.9300,202609,08,"5,000",74,14,2020,천호대로 537,202611~202711,신규,-,,,officetel
52,서울특별시 광진구 화양동,111-89,0111,0089,(111-89),월세,27.1200,202609,07,500,100,3,2021,광나루로20길 34,202609~202709,신규,-,,,officetel
53,서울특별시 광진구 화양동,94-9,0094,0009,화양동 프라하임,월세,27.0500,202609,07,"1,000",170,6,2022,능동로 165-1,202609~202709,신규,-,,,officetel
54,서울특별시 광진구 화양동,110-37,0110,0037,화양타워,월세,44.3900,202609,07,"1,000",94,3,1999,능동로19길 47,202610~202710,갱신,사용,"1,000",89,officetel
55,서울특별시 광진구 중곡동,341-3,0341,0003,아뜰리에,월세,17.8700,202609,07,"13,000",18,2,2018,능동로38길 38,202609~202809,갱신,-,"13,000",18,officetel
56,서울특별시 광진구 구의동,243-71,0243,0071,구의동 벨라로사 오피스텔,월세,20.9400,202609,07,"20,000",13,11,2019,아차산로 405,202610~202810,갱신,-,"20,000",10,officetel
57,서울특별시 광진구 군자동,473-21,0473,0021,스테이 더 디자이너스 군자,월세,16.9400,202609,07,"16,600",30,5,2020,천호대로 538,202610~202810,신규,-,,,officetel
58,서울특별시 광진구 중곡동,157-17,0157,0017,리아리움더언타워,월세,14.3000,202609,06,"4,000",50,11,2017,천호대로109길 9,202609~202809,신규,-,,,officetel
59,서울특별시 광진구 자양동,767-4,0767,0004,자양오피스텔,월세,30.2400,202609,05,"5,000",40,9,1999,자양로 135,202609~202809,신규,-,,,officetel
60,서울특별시 광진구 군자동,473-21,0473,0021,스테이 더 디자이너스 군자,월세,16.9400,202609,05,"16,600",30,13,2020,천호대로 538,202609~202809,신규,-,,,officetel
61,서울특별시 광진구 자양동,227-7,0227,0007,더샵스타시티,전세,174.2400,202609,05,"147,000",0,3,2007,아차산로 262,202609~202809,갱신,사용,"140,000",0,officetel
62,서울특별시 광진구 자양동,2-2,0002,0002,건대입구역자이엘라,월세,18.9100,202609,05,"1,000",87,8,2022,능동로 87,202609~202709,신규,-,,,officetel
63,서울특별시 광진구 구의동,243-71,0243,0071,구의동 벨라로사 오피스텔,전세,20.9400,202609,04,"20,200",0,14,2019,아차산로 405,202610~202810,신규,-,,,officetel
64,서울특별시 광진구 구의동,199-14,0199,0014,(199-14),전세,35.3400,202609,04,"16,200",0,7,2001,광나루로54길 20,202610~202810,신규,-,,,officetel
65,서울특별시 광진구 화양동,113-1,0113,0001,광진 코지웰,월세,19.5300,202609,04,"1,000",75,14,2014,능동로19길 35,202609~202809,신규,-,,,officetel
66,서울특별시 광진구 중곡동,639-6,0639,0006,정익제이타워2차,월세,15.9300,202609,04,"16,200",11,8,2020,천호대로 537,202609~202809,갱신,-,"19,000",0,officetel
67,서울특별시 광진구 중곡동,639-4,0639,0004,정익제이타워1차,월세,16.3700,202609,04,"3,000",75,10,2018,천호대로 531-1,202609~202709,신규,-,,,officetel
68,서울특별시 광진구 화양동,18-9,0018,0009,화양 디펠리체,월세,20.4500,202609,04,"3,000",80,7,2019,광나루로 358,202611~202711,갱신,-,"6,000",64,officetel
69,서울특별시 광진구 광장동,120,0120,0000,주성아우라 오피스텔,월세,29.5900,202609,04,"1,700",40,1,2011,아차산로78길 33,202609~202709,신규,-,,,officetel
70,서울특별시 광진구 구의동,252-16,0252,0016,웰츠타워,월세,24.8200,202609,04,"1,000",86,8,2015,자양로 116,202609~202709,신규,-,,,officetel
71,서울특별시 광진구 자양동,680-12,0680,0012,큐브스테이트,전세,22.6500,202609,03,"18,375",0,4,2018,자양로16길 16,202610~202810,신규,-,,,officetel
72,서울특별시 광진구 중곡동,158-8,0158,0008,JS더빌,전세,15.4600,202609,03,"11,000",0,5,2009,능동로38길 15-4,202610~202810,신규,-,,,officetel
73,서울특별시 광진구 중곡동,639-6,0639,0006,정익제이타워2차,월세,15.9300,202609,03,"15,000",25,3,2020,천호대로 537,202610~202810,신규,-,,,officetel
74,서울특별시 광진구 화양동,111-12,0111,0012,빌리브 인테라스,월세,16.8800,202609,03,"10,000",67,7,2021,능동로 172,202609~202709,갱신,-,"10,000",63,officetel
75,서울특별시 광진구 화양동,111-89,0111,0089,(111-89),월세,17.4800,202609,03,500,100,3,2021,광나루로20길 34,202609~202709,신규,-,,,officetel
76,서울특별시 광진구 구의동,253-19,0253,0019,센트럴빌,월세,32.1900,202609,02,"2,000",70,9,2003,광나루로 486,202610~202810,신규,-,,,officetel
77,서울특별시 광진구 중곡동,639-6,0639,0006,정익제이타워2차,월세,15.9300,202609,02,"15,000",20,11,2020,천호대로 537,202610~202810,신규,-,,,officetel
78,서울특별시 광진구 화양동,17-16,0017,0016,아스하임,월세,18.8300,202609,02,"3,000",70,6,2016,군자로 43,202609~202702,신규,-,,,officetel
79,서울특별시 광진구 중곡동,157-17,0157,0017,리아리움더언타워,월세,14.3000,202609,02,"2,000",70,9,2017,천호대로109길 9,202609~202809,신규,-,,,officetel
80,서울특별시 광진구 군자동,473-1,0473,0001,(473-1),월세,16.6800,202609,02,"1,000",92,13,2019,천호대로 530,202611~202711,갱신,-,"1,000",87,officetel
81,서울특별시 광진구 군자동,473-1,0473,0001,(473-1),월세,18.1300,202609,02,"2,000",100,17,2019,천호대로 530,202611~202811,신규,-,,,officetel
82,서울특별시 광진구 능동,222-2,0222,0002,군자 아델리제,월세,17.6500,202609,02,"1,000",90,8,2019,천호대로 570,202609~202709,신규,-,,,officetel
83,서울특별시 광진구 자양동,861,0861,0000,자양 호반써밋,월세,21.3800,202609,01,"3,000",105,13,2021,능동로 69,202609~202709,갱신,-,"3,000",99,officetel
84,서울특별시 광진구 구의동,243-13,0243,0013,리버 비스타 구의,전세,21.0000,202609,01,"20,000",0,10,2019,아차산로 417,202610~202810,갱신,사용,"20,000",0,officetel
85,서울특별시 광진구 구의동,219-17,0219,0017,(219-17),월세,32.3400,202609,01,"2,000",80,5,2000,아차산로 443,202611~202811,신규,-,,,officetel
86,서울특별시 광진구 능동,222-7,0222,0007,(222-7),월세,31.7400,202608,31,"8,000",65,3,2017,능동로36길 29,202609~202809,신규,-,,,officetel
87,서울특별시 광진구 자양동,2-2,0002,0002,건대입구역자이엘라,월세,18.1000,202608,31,"1,000",135,16,2022,능동로 87,202609~202708,신규,-,,,officetel
88,서울특별시 광진구 자양동,870,0870,0000,이스트폴,월세,32.1300,202608,31,"2,000",154,18,2025,아차산로 400,202609~202709,신규,-,,,officetel
89,서울특별시 광진구 구의동,218-12,0218,0012,다성리버텔,월세,33.9700,202608,31,"1,000",85,3,2002,아차산로 452,202609~202809,신규,-,,,officetel
90,서울특별시 광진구 자양동,870,0870,0000,이스트폴,월세,24.2100,202608,31,"1,000",117,20,2025,아차산로 400,202609~202709,신규,-,,,officetel
91,서울특별시 광진구 자양동,870,0870,0000,이스트폴,월세,24.2100,202608,31,"1,000",112,9,2025,아차산로 400,202609~202709,신규,-,,,officetel
92,서울특별시 광진구 군자동,361-26,0361,0026,디엠세븐세종,월세,14.0100,202608,30,"1,000",95,10,2026,광나루로 381,202608~202708,신규,-,,,officetel
93,서울특별시 광진구 화양동,174,0174,0000,건대 트레비앙 오피스텔,월세,18.6600,202608,30,"1,000",105,9,2023,광나루로 374,202608~202708,신규,-,,,officetel
94,서울특별시 광진구 화양동,17-16,0017,0016,아스하임,월세,18.8300,202608,30,"1,000",100,5,2016,군자로 43,202608~202808,신규,-,,,officetel
95,서울특별시 광진구 화양동,17-60,0017,0060,(17-60),월세,13.6800,202608,29,500,60,2,2014,동일로28길 49-11,202609~202808,신규,-,,,officetel
96,서울특별시 광진구 화양동,111-88,0111,0088,신원리브웰 화양동 주상복합,월세,15.2700,202608,29,"1,000",90,8,2019,능동로 170,202608~202702,신규,-,,,officetel
97,서울특별시 광진구 군자동,473-21,0473,0021,스테이 더 디자이너스 군자,월세,16.9400,202608,29,"17,000",20,14,2020,천호대로 538,202609~202701,신규,-,,,officetel
98,서울특별시 광진구 자양동,2-3,0002,0003,더 라움 펜트하우스,월세,58.8200,202608,29,"2,000",300,5,2022,능동로 81,202608~202708,신규,-,,,officetel
99,서울특별시 광진구 구의동,243-2,0243,0002,베스트 트레드빌,월세,26.8400,202608,29,"1,000",75,6,2004,자양로18길 96,202608~202808,신규,-,,,officetel
100,서울특별시 광진구 화양동,132-75,0132,0075,엘리시안파크,월세,11.7000,202608,29,"1,000",90,10,2015,군자로 46,202608~202808,신규,-,,,officetel
101,서울특별시 광진구 화양동,23-37,0023,0037,까사펠리즈 화양,월세,27.2100,202608,29,"4,000",120,4,2025,광나루로12길 20,202608~202708,신규,-,,,officetel
102,서울특별시 광진구 화양동,19-13,0019,0013,라벨메종,월세,18.5600,202608,28,"7,000",50,3,2013,광나루로14길 33,202608~202808,신규,-,,,officetel
103,서울특별시 광진구 화양동,174,0174,0000,건대 트레비앙 오피스텔,월세,17.4600,202608,28,"1,000",110,7,2023,광나루로 374,202608~202708,신규,-,,,officetel
104,서울특별시 광진구 화양동,21-20,0021,0020,광진캠퍼스시티,월세,16.0800,202608,28,"1,000",80,11,2017,동일로 178,202609~202709,신규,-,,,officetel
105,서울특별시 광진구 군자동,473-21,0473,0021,스테이 더 디자이너스 군자,월세,16.9400,202608,28,"1,000",105,15,2020,천호대로 538,202610~202710,신규,-,,,officetel
106,서울특별시 광진구 군자동,478-3,0478,0003,(478-3),월세,26.8500,202608,28,"1,000",100,4,2020,군자로 184,202608~202808,신규,-,,,officetel
107,서울특별시 광진구 화양동,111-37,0111,0037,정익제이타워2차102동,월세,15.6700,202608,28,"1,000",150,7,2022,광나루로18길 15,202611~202705,신규,-,,,officetel
108,서울특별시 광진구 화양동,121-9,0121,0009,더 퍼스트,월세,38.7500,202608,27,"1,000",74,3,2022,능동로19길 49,202609~202809,신규,-,,,officetel
109,서울특별시 광진구 자양동,870,0870,0000,이스트폴,월세,47.2400,202608,27,"2,000",239,17,2025,아차산로 400,202609~202709,신규,-,,,officetel
110,서울특별시 광진구 화양동,111-37,0111,0037,정익제이타워2차102동,월세,15.6700,202608,27,"1,000",150,2,2022,광나루로18길 15,202608~202708,신규,-,,,officetel
111,서울특별시 광진구 화양동,17-92,0017,0092,세종에버그린,월세,33.5300,202608,27,"26,000",15,7,2018,광나루로16길 21,202610~202810,신규,-,,,officetel
112,서울특별시 광진구 화양동,21-20,0021,0020,광진캠퍼스시티,월세,16.0800,202608,27,"1,000",75,16,2017,동일로 178,202608~202708,신규,-,,,officetel
113,서울특별시 광진구 광장동,530-7,0530,0007,광장동 이노빌 오피스텔,전세,83.0000,202608,27,"65,000",0,6,2005,광나루로 585,202611~202811,신규,-,,,officetel
114,서울특별시 광진구 구의동,252-16,0252,0016,웰츠타워,월세,29.7100,202608,27,"1,000",103,5,2015,자양로 116,202609~202709,신규,-,,,officetel
115,서울특별시 광진구 자양동,626-3,0626,0003,아스하임,월세,18.8800,202608,26,"2,000",120,4,2017,자양로13길 8,202608~202808,신규,-,,,officetel
116,서울특별시 광진구 중곡동,158-8,0158,0008,JS더빌,전세,14.7000,202608,26,"10,800",0,5,2009,능동로38길 15-4,202609~202809,신규,-,,,officetel
117,서울특별시 광진구 화양동,174,0174,0000,건대 트레비앙 오피스텔,월세,17.4600,202608,26,300,113,14,2023,광나루로 374,202608~202708,신규,-,,,officetel
118,서울특별시 광진구 능동,222-7,0222,0007,(222-7),월세,31.7400,202608,26,"8,000",65,3,2017,능동로36길 29,202609~202809,신규,-,,,officetel
119,서울특별시 광진구 화양동,174,0174,0000,건대 트레비앙 오피스텔,월세,18.6600,202608,26,"1,000",100,14,2023,광나루로 374,202608~202708,신규,-,,,officetel
120,서울특별시 광진구 화양동,132-75,0132,0075,엘리시안파크,월세,16.1800,202608,26,"1,000",85,3,2015,군자로 46,202609~202802,신규,-,,,officetel
121,서울특별시 광진구 화양동,18-12,0018,0012,광진청년생활,월세,20.2800,202608,26,100,28,18,2024,동일로30길 31,202608~202812,신규,-,,,officetel
122,서울특별시 광진구 자양동,2-2,0002,0002,건대입구역자이엘라,월세,18.4100,202608,25,"1,000",125,15,2022,능동로 87,202608~202708,신규,-,,,officetel
123,서울특별시 광진구 화양동,527,0527,0000,KCC파크타운,월세,25.7900,202608,25,"1,000",80,14,2005,광나루로 410,202609~202709,신규,-,,,officetel
124,서울특별시 광진구 화양동,112-14,0112,0014,(112-14),월세,15.8600,202608,25,"1,000",90,10,2015,능동로19길 15,202608~202808,신규,-,,,officetel
125,서울특별시 광진구 구의동,252-16,0252,0016,웰츠타워,월세,24.8200,202608,24,"1,000",89,17,2015,자양로 116,202609~202709,신규,-,,,officetel
126,서울특별시 광진구 자양동,779,0779,0000,타워더모스트광진아크로텔,월세,23.9700,202608,24,"20,000",4,9,2014,아차산로 355,202610~202810,갱신,사용,"20,000",0,officetel
127,서울특별시 광진구 화양동,21-23,0021,0023,케이타워 오피스텔 A,월세,19.9300,202608,24,"3,000",90,13,2013,광나루로14길 8,202609~202708,신규,-,,,officetel
128,서울특별시 광진구 화양동,23-37,0023,0037,까사펠리즈 화양,월세,24.5400,202608,24,"4,000",120,7,2025,광나루로12길 20,202608~202708,신규,-,,,officetel
129,서울특별시 광진구 화양동,18-9,0018,0009,화양 디펠리체,월세,20.4200,202608,24,"1,000",90,7,2019,광나루로 358,202608~202808,신규,-,,,officetel
130,서울특별시 광진구 화양동,49-12,0049,0012,글로벌시티,월세,20.6100,202608,24,"1,000",69,6,2003,아차산로 205,202609~202809,신규,-,,,officetel
131,서울특별시 광진구 군자동,361-21,0361,0021,아스하임,월세,22.0000,202608,24,"2,000",90,4,2022,광나루로17길 13-3,202610~202810,신규,-,,,officetel
132,서울특별시 광진구 구의동,246-14,0246,0014,크레신타워3차,월세,26.9100,202608,24,"1,000",77,15,2006,아차산로 375,202609~202709,갱신,사용,"1,000",74,officetel
133,서울특별시 광진구 중곡동,190-3,0190,0003,위너스텔,월세,20.7200,202608,23,500,55,3,2003,동일로 418,202608~202708,갱신,-,500,54,officetel
134,서울특별시 광진구 구의동,219-17,0219,0017,(219-17),월세,27.6000,202608,22,"12,000",20,4,2000,아차산로 443,202609~202809,신규,-,,,officetel
135,서울특별시 광진구 화양동,21-23,0021,0023,케이타워 오피스텔 A,월세,19.9300,202608,22,"12,000",50,14,2013,광나루로14길 8,202609~202809,신규,-,,,officetel
136,서울특별시 광진구 군자동,361-26,0361,0026,디엠세븐세종,월세,14.1000,202608,22,"1,000",100,10,2026,광나루로 381,202608~202708,신규,-,,,officetel
137,서울특별시 광진구 화양동,193,0193,0000,하이뷰오피스텔,월세,18.5700,202608,22,"2,000",100,17,2020,광나루로 386,202609~202709,신규,-,,,officetel
138,서울특별시 광진구 구의동,251-34,0251,0034,신도브래뉴오피스텔,월세,20.0800,202608,22,"1,000",60,2,2003,자양로 138,202608~202708,신규,-,,,officetel
139,서울특별시 광진구 구의동,246-14,0246,0014,크레신타워3차,월세,25.3500,202608,22,"1,000",80,9,2006,아차산로 375,202609~202809,신규,-,,,officetel
140,서울특별시 광진구 화양동,111-37,0111,0037,정익제이타워2차102동,월세,15.6700,202608,21,"1,000",150,7,2022,광나루로18길 15,202608~202708,신규,-,,,officetel
141,서울특별시 광진구 화양동,29-25,0029,0025,DM7 화양,월세,14.1000,202608,21,"1,000",100,12,2025,능동로16길 12,202608~202708,신규,-,,,officetel
142,서울특별시 광진구 자양동,2-3,0002,0003,더 라움 펜트하우스,전세,58.8200,202608,21,"92,000",0,19,2022,능동로 81,202610~202810,신규,-,,,officetel
143,서울특별시 광진구 자양동,767-4,0767,0004,자양오피스텔,월세,30.8700,202608,21,"1,000",65,5,1999,자양로 135,202608~202808,신규,-,,,officetel
144,서울특별시 광진구 군자동,473-1,0473,0001,(473-1),월세,18.2000,202608,21,"18,000",25,10,2019,천호대로 530,202610~202810,신규,-,,,officetel
145,서울특별시 광진구 화양동,111-12,0111,0012,빌리브 인테라스,월세,16.8800,202608,21,"21,100",7,17,2021,능동로 172,202609~202809,갱신,-,"21,600",0,officetel
146,서울특별시 광진구 화양동,302-24,0302,0024,(302-24),월세,24.6000,202608,20,"4,000",60,2,2002,광나루로 454,202608~202808,신규,-,,,officetel
147,서울특별시 광진구 화양동,94-9,0094,0009,화양동 프라하임,월세,32.4900,202608,20,"1,000",180,11,2022,능동로 165-1,202610~202710,신규,-,,,officetel
148,서울특별시 광진구 군자동,478-3,0478,0003,(478-3),월세,19.3400,202608,20,"1,000",85,5,2020,군자로 184,202609~202809,신규,-,,,officetel
149,서울특별시 광진구 화양동,193,0193,0000,하이뷰오피스텔,월세,18.5200,202608,20,"3,000",90,16,2020,광나루로 386,202610~202810,신규,-,,,officetel
150,서울특별시 광진구 화양동,174,0174,0000,건대 트레비앙 오피스텔,월세,17.4600,202608,20,"1,000",110,6,2023,광나루로 374,202608~202802,신규,-,,,officetel
151,서울특별시 광진구 구의동,243-13,0243,0013,리버 비스타 구의,월세,19.7900,202608,19,"16,000",30,8,2019,아차산로 417,202608~202810,신규,-,,,officetel
152,서울특별시 광진구 구의동,218-12,0218,0012,다성리버텔,월세,33.9700,202608,19,"1,000",85,9,2002,아차산로 452,202609~202809,신규,-,,,officetel
153,서울특별시 광진구 자양동,779,0779,0000,타워더모스트광진아크로텔,월세,23.9700,202608,19,"1,000",95,21,2014,아차산로 355,202609~202709,신규,-,,,officetel
154,서울특별시 광진구 중곡동,158-8,0158,0008,JS더빌,전세,16.7400,202608,19,"12,000",0,5,2009,능동로38길 15-4,202609~202809,신규,-,,,officetel
155,서울특별시 광진구 화양동,193,0193,0000,하이뷰오피스텔,월세,18.4300,202608,18,"22,000",10,10,2020,광나루로 386,202610~202810,신규,-,,,officetel
156,서울특별시 광진구 화양동,18-9,0018,0009,화양 디펠리체,월세,20.4200,202608,18,"1,000",85,4,2019,광나루로 358,202608~202708,신규,-,,,officetel
157,서울특별시 광진구 구의동,252-98,0252,0098,팔라티노,전세,45.6200,202608,18,"29,925",0,4,2020,아차산로49길 41-7,202608~202808,갱신,-,"28,500",0,officetel
158,서울특별시 광진구 구의동,246-1,0246,0001,테라펠리스 건대 3차,월세,17.0500,202608,18,60,44,8,2021,아차산로55길 11,202608~202812,신규,-,,,officetel
159,서울특별시 광진구 중곡동,639-6,0639,0006,정익제이타워2차,월세,15.9300,202608,18,"1,000",90,4,2020,천호대로 537,202609~202709,갱신,사용,"1,000",83,officetel
160,서울특별시 광진구 자양동,870,0870,0000,이스트폴,월세,35.9300,202608,18,"2,000",171,16,2025,아차산로 400,202608~202708,신규,-,,,officetel
161,서울특별시 광진구 중곡동,41-33,0041,0033,비버리캐슬,월세,22.8000,202608,18,"10,000",27,3,2004,능동로 366,202610~202810,신규,-,,,officetel
162,서울특별시 광진구 군자동,473-1,0473,0001,(473-1),월세,18.1300,202608,17,"18,450",11,3,2019,천호대로 530,202609~202809,갱신,-,"18,450",8,officetel
163,서울특별시 광진구 화양동,23-37,0023,0037,까사펠리즈 화양,월세,24.4500,202608,17,"2,000",130,4,2025,광나루로12길 20,202608~202708,신규,-,,,officetel
164,서울특별시 광진구 화양동,20-10,0020,0010,더하우스인,월세,36.2800,202608,17,"17,400",55,6,2018,광나루로14길 24,202610~202810,신규,-,,,officetel
165,서울특별시 광진구 중곡동,639-6,0639,0006,정익제이타워2차,월세,15.9300,202608,17,"4,000",72,14,2020,천호대로 537,202609~202709,신규,-,,,officetel
166,서울특별시 광진구 화양동,94-9,0094,0009,화양동 프라하임,월세,27.0500,202608,15,"1,000",170,5,2022,능동로 165-1,202609~202709,신규,-,,,officetel
167,서울특별시 광진구 화양동,112-14,0112,0014,(112-14),월세,19.2000,202608,15,"1,000",95,10,2015,능동로19길 15,202608~202808,신규,-,,,officetel
168,서울특별시 광진구 자양동,2-2,0002,0002,건대입구역자이엘라,전세,18.6000,202608,15,"23,500",0,9,2022,능동로 87,202609~202809,신규,-,,,officetel
169,서울특별시 광진구 구의동,76-1,0076,0001,그랜드파크 오피스텔,전세,25.7500,202608,15,"20,000",0,4,2017,천호대로 666,202609~202809,신규,-,,,officetel
170,서울특별시 광진구 구의동,246-38,0246,0038,구의역 에떼르넬 비욘드,전세,23.7600,202608,15,"29,000",0,13,2024,아차산로 391,202609~202809,신규,-,,,officetel
171,서울특별시 광진구 구의동,76-1,0076,0001,그랜드파크 오피스텔,전세,33.0300,202608,15,"26,000",0,4,2017,천호대로 666,202610~202810,신규,-,,,officetel
172,서울특별시 광진구 군자동,355-1,0355,0001,동원데쟈뷰,월세,17.1600,202608,15,"5,000",75,4,2020,동일로 194,202610~202810,신규,-,,,officetel
173,서울특별시 광진구 군자동,361-26,0361,0026,디엠세븐세종,월세,14.0300,202608,15,"1,000",100,9,2026,광나루로 381,202608~202708,신규,-,,,officetel
174,서울특별시 광진구 중곡동,639-6,0639,0006,정익제이타워2차,월세,15.9300,202608,15,"17,000",8,2,2020,천호대로 537,202610~202810,신규,-,,,officetel
175,서울특별시 광진구 중곡동,639-6,0639,0006,정익제이타워2차,월세,15.9300,202608,15,"1,000",86,9,2020,천호대로 537,202609~202709,갱신,-,"1,000",82,officetel
176,서울특별시 광진구 중곡동,639-6,0639,0006,정익제이타워2차,월세,15.9300,202608,14,"1,000",80,5,2020,천호대로 537,202608~202808,신규,-,,,officetel
177,서울특별시 광진구 자양동,870,0870,0000,이스트폴,월세,34.2000,202608,14,"2,000",153,9,2025,아차산로 400,202608~202708,신규,-,,,officetel
178,서울특별시 광진구 자양동,779,0779,0000,타워더모스트광진아크로텔,월세,23.9700,202608,14,"1,000",95,11,2014,아차산로 355,202608~202708,신규,-,,,officetel
179,서울특별시 광진구 구의동,252-16,0252,0016,웰츠타워,월세,24.7500,202608,14,"1,000",85,11,2015,자양로 116,202608~202708,신규,-,,,officetel
180,서울특별시 광진구 군자동,473-1,0473,0001,(473-1),월세,18.2000,202608,13,"5,000",80,7,2019,천호대로 530,202609~202709,신규,-,,,officetel
181,서울특별시 광진구 화양동,23-37,0023,0037,까사펠리즈 화양,월세,27.2100,202608,13,"4,000",120,7,2025,광나루로12길 20,202608~202708,신규,-,,,officetel
182,서울특별시 광진구 화양동,94-9,0094,0009,화양동 프라하임,월세,26.8500,202608,13,500,185,13,2022,능동로 165-1,202608~202708,신규,-,,,officetel
183,서울특별시 광진구 중곡동,158-31,0158,0031,홀가하우스,전세,27.5400,202608,13,"32,000",0,10,2021,능동로38길 5-3,202609~202809,신규,-,,,officetel
184,서울특별시 광진구 중곡동,158-8,0158,0008,JS더빌,전세,14.6200,202608,13,"10,500",0,3,2009,능동로38길 15-4,202610~202810,신규,-,,,officetel
185,서울특별시 광진구 구의동,252-16,0252,0016,웰츠타워,월세,25.1600,202608,12,"1,000",86,11,2015,자양로 116,202609~202709,신규,-,,,officetel
186,서울특별시 광진구 군자동,355,0355,0000,메이저캐슬Ⅲ,전세,24.2500,202608,12,"27,000",0,3,2024,동일로 196,202611~202811,신규,-,,,officetel
187,서울특별시 광진구 화양동,174,0174,0000,건대 트레비앙 오피스텔,월세,17.4600,202608,12,"5,000",80,4,2023,광나루로 374,202609~202708,신규,-,,,officetel
188,서울특별시 광진구 자양동,870,0870,0000,이스트폴,월세,32.1300,202608,12,"2,000",148,9,2025,아차산로 400,202608~202708,신규,-,,,officetel
189,서울특별시 광진구 자양동,219-6,0219,0006,자양오피스텔,월세,22.4500,202608,12,"5,000",52,2,2003,아차산로46가길 19,202608~202808,신규,-,,,officetel
190,서울특별시 광진구 자양동,680-12,0680,0012,큐브스테이트,전세,36.4400,202608,12,"29,000",0,3,2018,자양로16길 16,202609~202809,갱신,사용,"28,000",0,officetel
191,서울특별시 광진구 중곡동,639-4,0639,0004,정익제이타워1차,월세,16.2200,202608,12,"3,000",80,14,2018,천호대로 531-1,202609~202709,신규,-,,,officetel
192,서울특별시 광진구 화양동,21-20,0021,0020,광진캠퍼스시티,월세,16.0800,202608,12,"2,000",70,11,2017,동일로 178,202608~202808,신규,-,,,officetel
193,서울특별시 광진구 자양동,779,0779,0000,타워더모스트광진아크로텔,월세,31.1000,202608,12,"1,000",130,7,2014,아차산로 355,202609~202709,신규,-,,,officetel
194,서울특별시 광진구 자양동,779,0779,0000,타워더모스트광진아크로텔,월세,23.9700,202608,12,"1,000",95,22,2014,아차산로 355,202609~202809,신규,-,,,officetel
195,서울특별시 광진구 자양동,2-2,0002,0002,건대입구역자이엘라,전세,18.6000,202608,11,"27,200",0,10,2022,능동로 87,202608~202808,갱신,사용,"26,000",0,officetel
196,서울특별시 광진구 군자동,473-1,0473,0001,(473-1),월세,18.1000,202608,11,"1,000",90,7,2019,천호대로 530,202608~202708,갱신,-,"1,000",90,officetel
197,서울특별시 광진구 구의동,76-1,0076,0001,그랜드파크 오피스텔,월세,19.4000,202608,11,"1,000",78,7,2017,천호대로 666,202608~202708,신규,-,,,officetel
198,서울특별시 광진구 구의동,253-19,0253,0019,센트럴빌,월세,32.1900,202608,11,"1,000",73,3,2003,광나루로 486,202608~202808,신규,-,,,officetel
199,서울특별시 광진구 구의동,251-157,0251,0157,아델리아 구의타워,월세,18.7400,202608,10,"1,000",67,2,2010,자양로 156,202609~202709,신규,-,,,officetel
200,서울특별시 광진구 구의동,251-157,0251,0157,아델리아 구의타워,월세,18.7400,202608,10,"1,000",67,6,2010,자양로 156,202610~202710,갱신,-,"1,000",65,officetel
201,서울특별시 광진구 자양동,779,0779,0000,타워더모스트광진아크로텔,월세,25.2100,202608,10,"1,000",95,8,2014,아차산로 355,202609~202709,신규,-,,,officetel
202,서울특별시 광진구 자양동,219-8,0219,0008,제이 타워,월세,12.9200,202608,10,60,31,11,2020,아차산로 356,202608~202812,신규,-,,,officetel
203,서울특별시 광진구 자양동,219-8,0219,0008,제이 타워,월세,14.1200,202608,10,60,34,12,2020,아차산로 356,202608~202812,신규,-,,,officetel
204,서울특별시 광진구 자양동,219-24,0219,0024,건대 메이저 캐슬,월세,22.9900,202608,10,60,35,3,2020,아차산로46가길 1,202608~202812,신규,-,,,officetel
205,서울특별시 광진구 구의동,246-1,0246,0001,테라펠리스 건대 3차,월세,17.1900,202608,10,60,44,8,2021,아차산로55길 11,202608~202812,신규,-,,,officetel
206,서울특별시 광진구 구의동,667,0667,0000,강변에스케이뷰,월세,28.7600,202608,10,"1,000",84,3,2017,아차산로 431,202609~202709,갱신,-,"1,000",80,officetel
207,서울특별시 광진구 구의동,251-157,0251,0157,아델리아 구의타워,월세,18.7400,202608,10,"1,000",67,7,2010,자양로 156,202610~202709,갱신,-,"1,000",65,officetel
208,서울특별시 광진구 화양동,21-20,0021,0020,광진캠퍼스시티,월세,16.0800,202608,10,"1,000",75,6,2017,동일로 178,202608~202708,신규,-,,,officetel
209,서울특별시 광진구 화양동,111-35,0111,0035,정익제이타워2차,월세,19.0800,202608,10,"1,000",100,5,2021,광나루로18길 15-1,202609~202709,신규,-,,,officetel
210,서울특별시 광진구 화양동,3-60,0003,0060,몽몽공장,월세,56.8700,202608,10,100,67,5,2020,능동로13길 10-9,202608~202702,신규,-,,,officetel
211,서울특별시 광진구 화양동,29-25,0029,0025,DM7 화양,월세,14.1000,202608,10,"1,000",93,9,2025,능동로16길 12,202608~202708,신규,-,,,officetel
212,서울특별시 광진구 화양동,111-75,0111,0075,정익제이타워3차,월세,16.9400,202608,10,"1,000",110,11,2022,능동로19길 7-13,202608~202808,신규,-,,,officetel
213,서울특별시 광진구 구의동,251-157,0251,0157,아델리아 구의타워,월세,18.7400,202608,10,"1,000",67,2,2010,자양로 156,202609~202709,갱신,-,"1,000",65,officetel
214,서울특별시 광진구 구의동,251-157,0251,0157,아델리아 구의타워,월세,36.4100,202608,10,"1,000",80,9,2010,자양로 156,202609~202709,갱신,-,"1,000",78,officetel
215,서울특별시 광진구 구의동,251-26,0251,0026,광진팰리스,월세,17.1800,202608,10,60,34,3,2019,자양로 144-1,202608~202812,신규,-,,,officetel
216,서울특별시 광진구 구의동,252-16,0252,0016,웰츠타워,월세,26.3300,202608,10,"1,000",95,13,2015,자양로 116,202608~202708,신규,-,,,officetel
217,서울특별시 광진구 구의동,252-16,0252,0016,웰츠타워,월세,24.8200,202608,10,"1,000",92,16,2015,자양로 116,202608~202708,신규,-,,,officetel
218,서울특별시 광진구 중곡동,648-14,0648,0014,아지(AZ)0213,월세,20.8500,202608,08,"1,000",80,12,2015,능동로37길 6,202609~202709,신규,-,,,officetel
219,서울특별시 광진구 구의동,547-7,0547,0007,광진해모로리버뷰,월세,40.4700,202608,08,"3,000",120,2,2009,강변역로4길 56,202609~202709,신규,-,,,officetel
220,서울특별시 광진구 자양동,870,0870,0000,이스트폴,월세,32.1300,202608,08,"2,000",147,11,2025,아차산로 400,202610~202710,갱신,-,"2,000",145,officetel
221,서울특별시 광진구 화양동,18-9,0018,0009,화양 디펠리체,월세,20.4500,202608,08,"10,000",43,15,2019,광나루로 358,202609~202809,신규,-,,,officetel
222,서울특별시 광진구 군자동,473-21,0473,0021,스테이 더 디자이너스 군자,월세,17.3300,202608,08,"17,000",15,10,2020,천호대로 538,202608~202808,신규,-,,,officetel
223,서울특별시 광진구 구의동,246-14,0246,0014,크레신타워3차,월세,25.3500,202608,08,"1,000",80,13,2006,아차산로 375,202609~202709,신규,-,,,officetel
224,서울특별시 광진구 구의동,246-14,0246,0014,크레신타워3차,월세,25.3500,202608,08,"1,000",80,13,2006,아차산로 375,202609~202709,신규,-,,,officetel
225,서울특별시 광진구 구의동,598-2,0598,0002,평강오피스텔,월세,25.5000,202608,08,"1,000",70,1,2003,구의강변로 27,202608~202808,신규,-,,,officetel
226,서울특별시 광진구 화양동,174,0174,0000,건대 트레비앙 오피스텔,전세,18.6600,202608,08,"22,050",0,7,2023,광나루로 374,202610~202810,신규,-,,,officetel
227,서울특별시 광진구 화양동,174,0174,0000,건대 트레비앙 오피스텔,월세,17.4600,202608,08,"6,000",80,7,2023,광나루로 374,202608~202808,신규,-,,,officetel
228,서울특별시 광진구 화양동,111-12,0111,0012,빌리브 인테라스,월세,16.8800,202608,08,"12,000",45,8,2021,능동로 172,202611~202811,신규,-,,,officetel
229,서울특별시 광진구 구의동,251-157,0251,0157,아델리아 구의타워,월세,18.7400,202608,08,"1,000",67,3,2010,자양로 156,202609~202709,신규,-,,,officetel
230,서울특별시 광진구 화양동,111-89,0111,0089,(111-89),월세,18.6200,202608,07,"2,000",100,5,2021,광나루로20길 34,202608~202802,신규,-,,,officetel
231,서울특별시 광진구 구의동,253-19,0253,0019,센트럴빌,월세,32.1900,202608,07,"1,000",75,7,2003,광나루로 486,202610~202810,신규,-,,,officetel
232,서울특별시 광진구 화양동,111-35,0111,0035,정익제이타워2차,월세,17.3000,202608,07,"1,000",100,4,2021,광나루로18길 15-1,202608~202708,신규,-,,,officetel
233,서울특별시 광진구 화양동,111-12,0111,0012,빌리브 인테라스,월세,16.8800,202608,07,"12,000",60,9,2021,능동로 172,202609~202709,갱신,-,"12,000",60,officetel
234,서울특별시 광진구 자양동,222-2,0222,0002,그라시아빌딩,전세,27.1400,202608,07,"21,000",0,2,2022,아차산로 340,202610~202810,신규,-,,,officetel
235,서울특별시 광진구 중곡동,639-4,0639,0004,정익제이타워1차,월세,16.3700,202608,07,"2,000",90,11,2018,천호대로 531-1,202608~202708,신규,-,,,officetel
236,서울특별시 광진구 화양동,193,0193,0000,하이뷰오피스텔,월세,18.5700,202608,06,"1,000",96,13,2020,광나루로 386,202609~202709,신규,-,,,officetel
237,서울특별시 광진구 구의동,246-14,0246,0014,크레신타워3차,월세,25.3500,202608,06,"1,000",78,12,2006,아차산로 375,202609~202709,신규,-,,,officetel
238,서울특별시 광진구 화양동,93-1,0093,0001,DM7 건대,월세,36.2700,202608,06,"3,000",195,8,2024,광나루로20길 40,202608~202808,신규,-,,,officetel
239,서울특별시 광진구 군자동,473-21,0473,0021,스테이 더 디자이너스 군자,월세,16.9400,202608,06,"1,000",100,9,2020,천호대로 538,202609~202709,신규,-,,,officetel
240,서울특별시 광진구 화양동,94-9,0094,0009,화양동 프라하임,전세,26.8500,202608,06,"34,000",0,13,2022,능동로 165-1,202609~202809,신규,-,,,officetel
241,서울특별시 광진구 화양동,21-20,0021,0020,광진캠퍼스시티,월세,16.0800,202608,06,500,75,18,2017,동일로 178,202608~202702,신규,-,,,officetel
242,서울특별시 광진구 중곡동,341-3,0341,0003,아뜰리에,월세,18.0200,202608,06,"15,000",25,4,2018,능동로38길 38,202609~202809,신규,-,,,officetel
243,서울특별시 광진구 자양동,870,0870,0000,이스트폴,월세,24.2100,202608,06,"1,000",117,18,2025,아차산로 400,202608~202708,신규,-,,,officetel
244,서울특별시 광진구 광장동,108,0108,0000,효성리버카운티,월세,24.0400,202608,06,"1,000",56,2,2003,아차산로78길 56,202608~202708,신규,-,,,officetel
245,서울특별시 광진구 구의동,243-71,0243,0071,구의동 벨라로사 오피스텔,월세,20.9400,202608,06,"20,000",20,15,2019,아차산로 405,202608~202808,갱신,-,"20,000",17,officetel
246,서울특별시 광진구 화양동,23-37,0023,0037,까사펠리즈 화양,월세,24.5400,202608,05,"2,000",130,4,2025,광나루로12길 20,202608~202708,신규,-,,,officetel
247,서울특별시 광진구 화양동,2-22,0002,0022,비다펠리즈,전세,20.6600,202608,05,"23,000",0,3,2021,능동로 153-1,202608~202808,신규,-,,,officetel
248,서울특별시 광진구 군자동,473-1,0473,0001,(473-1),월세,18.2000,202608,05,"1,000",87,3,2019,천호대로 530,202610~202710,신규,-,,,officetel
249,서울특별시 광진구 중곡동,190-3,0190,0003,위너스텔,월세,20.7200,202608,05,500,57,4,2003,동일로 418,202609~202809,신규,-,,,officetel
250,서울특별시 광진구 중곡동,639-6,0639,0006,정익제이타워2차,월세,15.9300,202608,05,"3,000",85,13,2020,천호대로 537,202608~202708,신규,-,,,officetel
251,서울특별시 광진구 구의동,246-38,0246,0038,구의역 에떼르넬 비욘드,월세,23.7600,202608,04,"3,000",145,15,2024,아차산로 391,202609~202709,신규,-,,,officetel
252,서울특별시 광진구 자양동,870,0870,0000,이스트폴,월세,24.2100,202608,04,"1,000",119,14,2025,아차산로 400,202608~202708,신규,-,,,officetel
253,서울특별시 광진구 화양동,23-37,0023,0037,까사펠리즈 화양,월세,24.4800,202608,04,"3,000",125,7,2025,광나루로12길 20,202608~202708,신규,-,,,officetel
254,서울특별시 광진구 화양동,111-89,0111,0089,(111-89),월세,17.4800,202608,04,500,100,3,2021,광나루로20길 34,202608~202708,신규,-,,,officetel
255,서울특별시 광진구 화양동,93-1,0093,0001,DM7 건대,월세,43.8400,202608,04,"4,000",200,10,2024,광나루로20길 40,202608~202708,신규,-,,,officetel
256,서울특별시 광진구 화양동,174,0174,0000,건대 트레비앙 오피스텔,전세,18.6600,202608,04,"22,000",0,9,2023,광나루로 374,202609~202809,신규,-,,,officetel
257,서울특별시 광진구 구의동,76-1,0076,0001,그랜드파크 오피스텔,월세,21.5600,202608,04,"1,000",80,6,2017,천호대로 666,202608~202708,신규,-,,,officetel
258,서울특별시 광진구 중곡동,341-3,0341,0003,아뜰리에,월세,17.8700,202608,03,"14,000",30,5,2018,능동로38길 38,202608~202805,신규,-,,,officetel
259,서울특별시 광진구 구의동,80-29,0080,0029,구의동 홀가하우스,월세,21.3700,202608,03,"2,000",110,4,2020,자양로 211,202608~202808,신규,-,,,officetel
260,서울특별시 광진구 자양동,779,0779,0000,타워더모스트광진아크로텔,월세,30.6100,202608,03,"1,000",130,11,2014,아차산로 355,202608~202708,신규,-,,,officetel
261,서울특별시 광진구 중곡동,41-33,0041,0033,비버리캐슬,월세,28.1200,202608,03,"8,925",42,4,2004,능동로 366,202608~202808,갱신,사용,"8,500",40,officetel
262,서울특별시 광진구 중곡동,639-6,0639,0006,정익제이타워2차,월세,15.9300,202608,03,"1,000",90,10,2020,천호대로 537,202608~202708,신규,-,,,officetel
263,서울특별시 광진구 중곡동,639-6,0639,0006,정익제이타워2차,월세,15.9300,202608,03,"1,000",95,3,2020,천호대로 537,202608~202808,신규,-,,,officetel
264,서울특별시 광진구 화양동,174,0174,0000,건대 트레비앙 오피스텔,월세,17.4600,202608,03,"5,000",88,8,2023,광나루로 374,202608~202708,갱신,사용,"5,000",80,officetel
265,서울특별시 광진구 화양동,193,0193,0000,하이뷰오피스텔,월세,18.5700,202608,03,"1,000",95,7,2020,광나루로 386,202608~202612,신규,-,,,officetel
266,서울특별시 광진구 화양동,21-20,0021,0020,광진캠퍼스시티,월세,16.0800,202608,03,"1,000",75,9,2017,동일로 178,202608~202708,신규,-,,,officetel
267,서울특별시 광진구 화양동,21-20,0021,0020,광진캠퍼스시티,월세,16.0800,202608,01,"12,000",30,18,2017,동일로 178,202608~202808,신규,-,,,officetel
268,서울특별시 광진구 구의동,251-157,0251,0157,아델리아 구의타워,월세,18.7400,202608,01,"1,000",66,6,2010,자양로 156,202608~202708,갱신,-,"1,000",63,officetel
269,서울특별시 광진구 구의동,251-176,0251,0176,명진센트라임3,전세,40.7400,202608,01,"34,000",0,7,2020,아차산로49길 87-3,202610~202810,신규,-,,,officetel
270,서울특별시 광진구 화양동,29-25,0029,0025,DM7 화양,월세,14.1000,202608,01,"1,000",95,12,2025,능동로16길 12,202608~202707,신규,-,,,officetel
271,서울특별시 광진구 화양동,174,0174,0000,건대 트레비앙 오피스텔,월세,17.4600,202608,01,"1,000",105,3,2023,광나루로 374,202608~202707,신규,-,,,officetel
272,서울특별시 광진구 화양동,18-9,0018,0009,화양 디펠리체,월세,20.4500,202608,01,"1,000",79,4,2019,광나루로 358,202608~202708,신규,-,,,officetel
273,서울특별시 광진구 구의동,251-157,0251,0157,아델리아 구의타워,월세,18.7400,202608,01,"1,000",67,8,2010,자양로 156,202608~202708,신규,-,,,officetel
274,서울특별시 광진구 화양동,174,0174,0000,건대 트레비앙 오피스텔,전세,17.4600,202608,01,"22,000",0,13,2023,광나루로 374,202608~202808,갱신,-,"22,000",0,officetel
275,서울특별시 광진구 화양동,21-20,0021,0020,광진캠퍼스시티,월세,16.0800,202608,01,"1,000",75,18,2017,동일로 178,202608~202707,신규,-,,,officetel
276,서울특별시 광진구 중곡동,639-6,0639,0006,정익제이타워2차,월세,15.9300,202608,01,"1,000",79,2,2020,천호대로 537,202610~202710,갱신,-,"1,000",75,officetel
277,서울특별시 광진구 중곡동,157-17,0157,0017,리아리움더언타워,월세,18.5000,202608,01,"1,000",90,6,2017,천호대로109길 9,202608~202708,신규,-,,,officetel
278,서울특별시 광진구 구의동,253-19,0253,0019,센트럴빌,월세,32.1900,202608,01,"2,000",70,6,2003,광나루로 486,202608~202808,신규,-,,,officetel
279,서울특별시 광진구 구의동,243-2,0243,0002,베스트 트레드빌,월세,26.8400,202607,31,"1,000",75,7,2004,자양로18길 96,202608~202808,신규,-,,,officetel
280,서울특별시 광진구 군자동,355-1,0355,0001,동원데쟈뷰,월세,17.1600,202607,31,"1,000",95,10,2020,동일로 194,202608~202808,신규,-,,,officetel
281,서울특별시 광진구 자양동,870,0870,0000,이스트폴,월세,32.1300,202607,31,"2,000",147,17,2025,아차산로 400,202608~202708,신규,-,,,officetel
282,서울특별시 광진구 자양동,2-3,0002,0003,더 라움 펜트하우스,월세,58.8200,202607,31,"50,000",155,9,2022,능동로 81,202610~202810,신규,-,,,officetel
283,서울특별시 광진구 화양동,111-12,0111,0012,빌리브 인테라스,월세,16.8800,202607,31,"1,000",94,6,2021,능동로 172,202609~202709,신규,-,,,officetel
284,서울특별시 광진구 화양동,29-25,0029,0025,DM7 화양,월세,14.1000,202607,31,"1,000",95,12,2025,능동로16길 12,202607~202707,신규,-,,,officetel
285,서울특별시 광진구 중곡동,649-11,0649,0011,평강오피스텔,월세,24.0500,202607,31,200,100,11,2020,능동로37길 9,202607~202609,신규,-,,,officetel
286,서울특별시 광진구 구의동,598-2,0598,0002,평강오피스텔,월세,51.0000,202607,31,"5,000",150,5,2003,구의강변로 27,202609~202809,신규,-,,,officetel
287,서울특별시 광진구 화양동,111-75,0111,0075,정익제이타워3차,월세,16.9400,202607,30,"1,000",100,9,2022,능동로19길 7-13,202609~202709,신규,-,,,officetel
288,서울특별시 광진구 화양동,132-75,0132,0075,엘리시안파크,월세,15.6000,202607,30,"1,000",90,7,2015,군자로 46,202608~202808,신규,-,,,officetel
289,서울특별시 광진구 중곡동,639-4,0639,0004,정익제이타워1차,월세,16.3700,202607,30,"2,000",85,5,2018,천호대로 531-1,202608~202708,신규,-,,,officetel
290,서울특별시 광진구 중곡동,41-33,0041,0033,비버리캐슬,월세,28.1200,202607,30,"10,500",25,4,2004,능동로 366,202608~202808,갱신,사용,"10,000",25,officetel
291,서울특별시 광진구 중곡동,639-4,0639,0004,정익제이타워1차,월세,15.7300,202607,29,"15,200",25,6,2018,천호대로 531-1,202609~202809,신규,-,,,officetel
292,서울특별시 광진구 구의동,246-14,0246,0014,크레신타워3차,월세,26.9100,202607,29,"1,000",80,14,2006,아차산로 375,202610~202810,신규,-,,,officetel
293,서울특별시 광진구 화양동,193,0193,0000,하이뷰오피스텔,월세,18.5700,202607,29,"1,000",78,12,2020,광나루로 386,202608~202808,신규,-,,,officetel
294,서울특별시 광진구 화양동,17-16,0017,0016,아스하임,월세,19.1300,202607,29,"1,000",90,6,2016,군자로 43,202608~202708,신규,-,,,officetel
295,서울특별시 광진구 자양동,779,0779,0000,타워더모스트광진아크로텔,월세,27.1700,202607,29,"21,000",30,10,2014,아차산로 355,202609~202809,신규,-,,,officetel
296,서울특별시 광진구 자양동,2-2,0002,0002,건대입구역자이엘라,월세,18.6000,202607,29,"1,000",130,14,2022,능동로 87,202608~202808,신규,-,,,officetel
297,서울특별시 광진구 화양동,94-13,0094,0013,엘리시아1차,월세,15.0500,202607,29,"1,000",80,3,2021,광나루로20길 36-3,202607~202707,신규,-,,,officetel
298,서울특별시 광진구 화양동,2-10,0002,0010,테라팰리스 건대4차,월세,84.8800,202607,29,"5,000",70,12,2023,능동로 157,202607~202807,신규,-,,,officetel
299,서울특별시 광진구 화양동,21-23,0021,0023,케이타워 오피스텔 A,월세,19.7800,202607,29,"1,000",80,3,2013,광나루로14길 8,202608~202807,신규,-,,,officetel
300,서울특별시 광진구 중곡동,157-17,0157,0017,리아리움더언타워,월세,15.4500,202607,29,"4,000",68,9,2017,천호대로109길 9,202610~202710,갱신,-,"4,000",65,officetel
301,서울특별시 광진구 중곡동,649-11,0649,0011,평강오피스텔,월세,25.0000,202607,29,200,100,5,2020,능동로37길 9,202608~202611,신규,-,,,officetel
302,서울특별시 광진구 중곡동,639-4,0639,0004,정익제이타워1차,월세,15.9000,202607,29,"1,000",74,5,2018,천호대로 531-1,202608~202808,갱신,사용,"1,000",70,officetel
303,서울특별시 광진구 군자동,473-1,0473,0001,(473-1),월세,18.1000,202607,28,"18,000",20,13,2019,천호대로 530,202609~202809,신규,-,,,officetel
304,서울특별시 광진구 화양동,18-12,0018,0012,광진청년생활,월세,25.5400,202607,28,100,35,18,2024,동일로30길 31,202607~202809,신규,-,,,officetel
305,서울특별시 광진구 화양동,110-37,0110,0037,화양타워,월세,38.6400,202607,28,"3,000",117,6,1999,능동로19길 47,202608~202808,신규,-,,,officetel
306,서울특별시 광진구 화양동,113-1,0113,0001,광진 코지웰,월세,33.4300,202607,28,"2,000",100,13,2014,능동로19길 35,202609~202809,신규,-,,,officetel
307,서울특별시 광진구 화양동,17-20,0017,0020,더리브오피스텔,전세,12.8200,202607,28,"10,890",0,5,2011,광나루로16길 9-9,202608~202808,신규,-,,,officetel
308,서울특별시 광진구 화양동,174,0174,0000,건대 트레비앙 오피스텔,월세,17.4600,202607,28,"1,000",100,3,2023,광나루로 374,202608~202708,신규,-,,,officetel
309,서울특별시 광진구 화양동,193,0193,0000,하이뷰오피스텔,월세,18.4300,202607,28,"23,100",5,14,2020,광나루로 386,202610~202810,갱신,-,"23,100",0,officetel
310,서울특별시 광진구 능동,255-18,0255,0018,노블레스 빌,월세,23.9600,202607,28,"1,000",70,5,2003,천호대로 632,202610~202710,갱신,-,"1,000",65,officetel
311,서울특별시 광진구 화양동,21-23,0021,0023,케이타워 오피스텔 A,월세,19.7800,202607,27,"1,000",71,13,2013,광나루로14길 8,202608~202808,갱신,사용,"1,000",68,officetel
312,서울특별시 광진구 화양동,111-102,0111,0102,아스하임,월세,17.7500,202607,27,"15,000",22,5,2018,광나루로 382,202608~202808,신규,-,,,officetel
313,서울특별시 광진구 자양동,2-3,0002,0003,더 라움 펜트하우스,월세,58.8200,202607,27,"7,000",440,9,2022,능동로 81,202608~202808,신규,-,,,officetel
314,서울특별시 광진구 구의동,246-14,0246,0014,크레신타워3차,월세,26.9100,202607,27,"1,000",75,15,2006,아차산로 375,202609~202709,신규,-,,,officetel
315,서울특별시 광진구 구의동,589-10,0589,0010,구의아크로리버,월세,33.0800,202607,27,"1,000",85,3,2004,구의강변로 64,202609~202709,신규,-,,,officetel
316,서울특별시 광진구 화양동,113-1,0113,0001,광진 코지웰,월세,19.5300,202607,27,"1,000",75,14,2014,능동로19길 35,202609~202809,신규,-,,,officetel
317,서울특별시 광진구 자양동,861,0861,0000,자양 호반써밋,전세,21.3800,202607,25,"25,000",0,16,2021,능동로 69,202608~202808,신규,-,,,officetel
318,서울특별시 광진구 화양동,94-9,0094,0009,화양동 프라하임,월세,27.0500,202607,25,"1,000",170,8,2022,능동로 165-1,202609~202709,신규,-,,,officetel
319,서울특별시 광진구 화양동,132-75,0132,0075,엘리시안파크,월세,12.0500,202607,25,"1,000",95,9,2015,군자로 46,202608~202708,신규,-,,,officetel
320,서울특별시 광진구 화양동,21-22,0021,0022,케이타워 오피스텔 B,월세,18.8500,202607,25,"1,000",80,18,2013,동일로30길 23,202608~202808,신규,-,,,officetel
321,서울특별시 광진구 중곡동,648-14,0648,0014,아지(AZ)0213,월세,20.8500,202607,25,"1,000",80,4,2015,능동로37길 6,202607~202807,갱신,-,"1,000",65,officetel
322,서울특별시 광진구 구의동,251-34,0251,0034,신도브래뉴오피스텔,월세,31.2000,202607,25,"1,000",80,6,2003,자양로 138,202608~202708,신규,-,,,officetel
323,서울특별시 광진구 구의동,236-25,0236,0025,솔렌시아2,전세,41.4900,202607,25,"28,000",0,3,2015,자양로 172,202610~202710,신규,-,,,officetel
324,서울특별시 광진구 구의동,251-157,0251,0157,아델리아 구의타워,월세,18.7400,202607,25,"1,000",67,5,2010,자양로 156,202607~202707,갱신,-,"1,000",65,officetel
325,서울특별시 광진구 화양동,21-20,0021,0020,광진캠퍼스시티,전세,17.4900,202607,25,"13,950",0,7,2017,동일로 178,202608~202808,갱신,-,"14,250",0,officetel
326,서울특별시 광진구 자양동,2-2,0002,0002,건대입구역자이엘라,월세,18.6000,202607,25,"14,000",75,13,2022,능동로 87,202609~202708,갱신,-,"14,000",70,officetel
327,서울특별시 광진구 화양동,527,0527,0000,KCC파크타운,월세,25.7900,202607,25,"1,000",85,9,2005,광나루로 410,202609~202809,신규,-,,,officetel
328,서울특별시 광진구 중곡동,158-18,0158,0018,마인하임158,전세,18.9000,202607,25,"19,530",0,3,2018,능동로40길 10-5,202609~202809,갱신,사용,"18,600",0,officetel
329,서울특별시 광진구 중곡동,158-18,0158,0018,마인하임158,전세,24.5900,202607,25,"24,880",0,3,2018,능동로40길 10-5,202607~202807,갱신,-,"23,700",0,officetel
330,서울특별시 광진구 중곡동,158-18,0158,0018,마인하임158,전세,26.0000,202607,25,"24,880",0,3,2018,능동로40길 10-5,202608~202808,갱신,사용,"23,700",0,officetel
331,서울특별시 광진구 군자동,473-1,0473,0001,(473-1),월세,18.0800,202607,25,"17,500",23,7,2019,천호대로 530,202609~202809,신규,-,,,officetel
332,서울특별시 광진구 구의동,199-8,0199,0008,(199-8),월세,27.0300,202607,24,"2,000",95,9,2017,아차산로 480,202607~202801,신규,-,,,officetel
333,서울특별시 광진구 자양동,779,0779,0000,타워더모스트광진아크로텔,월세,27.1700,202607,24,"21,000",30,10,2014,아차산로 355,202608~202708,신규,-,,,officetel
334,서울특별시 광진구 화양동,111-89,0111,0089,(111-89),월세,16.9300,202607,23,"2,000",95,4,2021,광나루로20길 34,202608~202708,신규,-,,,officetel
335,서울특별시 광진구 구의동,71-5,0071,0005,(71-5),월세,36.5900,202607,23,"2,000",130,7,2025,자양로 260,202608~202808,신규,-,,,officetel
336,서울특별시 광진구 화양동,302-24,0302,0024,(302-24),월세,38.7000,202607,23,"10,000",55,6,2002,광나루로 454,202608~202808,신규,-,,,officetel
337,서울특별시 광진구 능동,222-7,0222,0007,(222-7),월세,31.7400,202607,23,"8,000",77,6,2017,능동로36길 29,202609~202809,신규,-,,,officetel
338,서울특별시 광진구 구의동,252-16,0252,0016,웰츠타워,월세,24.8200,202607,23,"1,000",88,16,2015,자양로 116,202607~202707,신규,-,,,officetel
339,서울특별시 광진구 구의동,199-14,0199,0014,(199-14),월세,32.2500,202607,22,"2,000",68,4,2001,광나루로54길 20,202610~202810,갱신,-,"2,000",63,officetel
340,서울특별시 광진구 구의동,218-12,0218,0012,다성리버텔,월세,33.9700,202607,22,"1,000",85,9,2002,아차산로 452,202608~202808,갱신,-,"1,000",70,officetel
341,서울특별시 광진구 구의동,251-34,0251,0034,신도브래뉴오피스텔,월세,32.1700,202607,22,"1,000",85,9,2003,자양로 138,202607~202707,신규,-,,,officetel
342,서울특별시 광진구 중곡동,41-33,0041,0033,비버리캐슬,전세,19.1200,202607,22,"15,500",0,6,2004,능동로 366,202609~202809,갱신,-,"13,500",0,officetel
343,서울특별시 광진구 중곡동,41-33,0041,0033,비버리캐슬,월세,28.1200,202607,22,"10,000",34,5,2004,능동로 366,202608~202808,갱신,사용,"10,000",30,officetel
344,서울특별시 광진구 중곡동,158-8,0158,0008,JS더빌,전세,14.8500,202607,22,"10,700",0,3,2009,능동로38길 15-4,202608~202808,신규,-,,,officetel
345,서울특별시 광진구 자양동,779,0779,0000,타워더모스트광진아크로텔,월세,23.9700,202607,22,"20,000",4,16,2014,아차산로 355,202609~202809,갱신,사용,"20,000",0,officetel
346,서울특별시 광진구 군자동,478-3,0478,0003,(478-3),월세,25.1600,202607,22,"1,000",100,5,2020,군자로 184,202608~202808,신규,-,,,officetel
347,서울특별시 광진구 화양동,174,0174,0000,건대 트레비앙 오피스텔,월세,17.4600,202607,21,"1,000",110,15,2023,광나루로 374,202608~202708,신규,-,,,officetel
348,서울특별시 광진구 화양동,174,0174,0000,건대 트레비앙 오피스텔,월세,17.4600,202607,21,"1,000",110,15,2023,광나루로 374,202608~202708,신규,-,,,officetel
349,서울특별시 광진구 자양동,859,0859,0000,래미안프리미어팰리스,전세,35.8200,202607,21,"25,000",0,4,2017,아차산로 345,202609~202808,갱신,-,"25,000",0,officetel
350,서울특별시 광진구 중곡동,639-4,0639,0004,정익제이타워1차,월세,16.3700,202607,21,"1,000",82,13,2018,천호대로 531-1,202607~202707,갱신,-,"1,000",78,officetel
351,서울특별시 광진구 화양동,23-37,0023,0037,까사펠리즈 화양,월세,24.5400,202607,21,"4,000",120,8,2025,광나루로12길 20,202608~202708,신규,-,,,officetel
352,서울특별시 광진구 화양동,21-22,0021,0022,케이타워 오피스텔 B,월세,18.8500,202607,21,"1,000",75,7,2013,동일로30길 23,202608~202708,신규,-,,,officetel
353,서울특별시 광진구 자양동,779,0779,0000,타워더모스트광진아크로텔,월세,22.7600,202607,20,"1,000",79,8,2014,아차산로 355,202607~202707,갱신,사용,"1,000",75,officetel
354,서울특별시 광진구 구의동,667,0667,0000,강변에스케이뷰,월세,28.0100,202607,20,"20,500",4,3,2017,아차산로 431,202607~202807,갱신,사용,"20,500",0,officetel
355,서울특별시 광진구 구의동,667,0667,0000,강변에스케이뷰,월세,28.0100,202607,20,500,50,4,2017,아차산로 431,202607~203007,신규,-,,,officetel
356,서울특별시 광진구 구의동,589-10,0589,0010,구의아크로리버,월세,29.7900,202607,20,"1,000",80,4,2004,구의강변로 64,202608~202708,신규,-,,,officetel
357,서울특별시 광진구 구의동,246-1,0246,0001,테라펠리스 건대 3차,월세,17.1900,202607,20,60,44,8,2021,아차산로55길 11,202607~202809,신규,-,,,officetel
358,서울특별시 광진구 화양동,111-35,0111,0035,정익제이타워2차,월세,17.3000,202607,20,"1,000",95,5,2021,광나루로18길 15-1,202607~202707,신규,-,,,officetel
359,서울특별시 광진구 자양동,779,0779,0000,타워더모스트광진아크로텔,월세,22.7600,202607,20,"15,000",40,20,2014,아차산로 355,202608~202708,신규,-,,,officetel
360,서울특별시 광진구 구의동,246-1,0246,0001,테라펠리스 건대 3차,월세,17.0500,202607,20,60,44,8,2021,아차산로55길 11,202607~202809,신규,-,,,officetel
361,서울특별시 광진구 중곡동,639-6,0639,0006,정익제이타워2차,월세,15.9300,202607,19,"17,100",16,10,2020,천호대로 537,202608~202808,신규,-,,,officetel
362,서울특별시 광진구 중곡동,639-6,0639,0006,정익제이타워2차,월세,15.9300,202607,18,"1,000",90,3,2020,천호대로 537,202608~202708,신규,-,,,officetel
363,서울특별시 광진구 화양동,21-20,0021,0020,광진캠퍼스시티,월세,17.4900,202607,18,"1,000",80,9,2017,동일로 178,202607~202707,신규,-,,,officetel
364,서울특별시 광진구 중곡동,639-6,0639,0006,정익제이타워2차,월세,15.9300,202607,18,"3,000",74,11,2020,천호대로 537,202608~202708,갱신,-,"3,000",70,officetel
365,서울특별시 광진구 화양동,174,0174,0000,건대 트레비앙 오피스텔,월세,17.4600,202607,18,"1,000",110,16,2023,광나루로 374,202608~202708,신규,-,,,officetel
366,서울특별시 광진구 화양동,111-12,0111,0012,빌리브 인테라스,전세,16.8800,202607,18,"21,000",0,13,2021,능동로 172,202608~202808,신규,-,,,officetel
367,서울특별시 광진구 구의동,667,0667,0000,강변에스케이뷰,월세,28.7600,202607,17,"20,700",20,3,2017,아차산로 431,202608~202808,신규,-,,,officetel
368,서울특별시 광진구 화양동,18-9,0018,0009,화양 디펠리체,월세,20.4500,202607,17,"2,000",90,4,2019,광나루로 358,202608~202707,신규,-,,,officetel
369,서울특별시 광진구 화양동,174,0174,0000,건대 트레비앙 오피스텔,월세,17.4600,202607,17,"5,000",78,14,2023,광나루로 374,202608~202808,신규,-,,,officetel
370,서울특별시 광진구 화양동,111-12,0111,0012,빌리브 인테라스,월세,16.8800,202607,17,"1,000",90,4,2021,능동로 172,202608~202708,신규,-,,,officetel
371,서울특별시 광진구 화양동,111-12,0111,0012,빌리브 인테라스,월세,16.8800,202607,17,"1,000",90,4,2021,능동로 172,202608~202708,신규,-,,,officetel
372,서울특별시 광진구 자양동,779,0779,0000,타워더모스트광진아크로텔,월세,23.9700,202607,17,"20,000",20,16,2014,아차산로 355,202608~202808,신규,-,,,officetel
373,서울특별시 광진구 자양동,2-2,0002,0002,건대입구역자이엘라,월세,18.9100,202607,17,"15,000",65,17,2022,능동로 87,202611~202811,갱신,사용,"15,000",50,officetel
374,서울특별시 광진구 자양동,861,0861,0000,자양 호반써밋,월세,29.9400,202607,17,"5,000",170,7,2021,능동로 69,202608~202808,신규,-,,,officetel
375,서울특별시 광진구 자양동,861,0861,0000,자양 호반써밋,전세,18.7400,202607,17,"22,500",0,13,2021,능동로 69,202608~202808,신규,-,,,officetel
376,서울특별시 광진구 구의동,243-13,0243,0013,리버 비스타 구의,월세,21.0000,202607,17,"1,000",85,5,2019,아차산로 417,202608~202708,신규,-,,,officetel
377,서울특별시 광진구 능동,222-2,0222,0002,군자 아델리제,월세,22.9800,202607,16,"3,500",100,3,2019,천호대로 570,202608~202808,신규,-,,,officetel
378,서울특별시 광진구 군자동,355-1,0355,0001,동원데쟈뷰,월세,17.1600,202607,16,500,95,3,2020,동일로 194,202608~202708,갱신,-,500,90,officetel
379,서울특별시 광진구 화양동,193,0193,0000,하이뷰오피스텔,전세,18.5700,202607,16,"23,000",0,19,2020,광나루로 386,202608~202808,신규,-,,,officetel
380,서울특별시 광진구 능동,222-7,0222,0007,(222-7),월세,31.7400,202607,15,"8,000",77,6,2017,능동로36길 29,202609~202809,신규,-,,,officetel
381,서울특별시 광진구 군자동,473-1,0473,0001,(473-1),월세,18.1000,202607,15,"2,000",100,16,2019,천호대로 530,202608~202708,신규,-,,,officetel
382,서울특별시 광진구 구의동,218-15,0218,0015,와이엔 오피스텔,월세,25.1600,202607,15,"1,000",55,5,2003,아차산로 444,202607~202807,신규,-,,,officetel
383,서울특별시 광진구 구의동,251-34,0251,0034,신도브래뉴오피스텔,월세,33.1500,202607,15,"1,000",80,8,2003,자양로 138,202608~202708,신규,-,,,officetel
384,서울특별시 광진구 능동,222-7,0222,0007,(222-7),월세,31.7400,202607,15,"18,900",12,5,2017,능동로36길 29,202608~202808,갱신,-,"21,000",0,officetel
385,서울특별시 광진구 자양동,626-3,0626,0003,아스하임,전세,17.7300,202607,15,"18,000",0,2,2017,자양로13길 8,202608~202808,신규,-,,,officetel
386,서울특별시 광진구 자양동,2-2,0002,0002,건대입구역자이엘라,월세,18.4100,202607,15,"1,000",126,17,2022,능동로 87,202608~202708,갱신,사용,"1,000",120,officetel
387,서울특별시 광진구 자양동,779,0779,0000,타워더모스트광진아크로텔,전세,23.9700,202607,15,"26,500",0,12,2014,아차산로 355,202608~202808,신규,-,,,officetel
388,서울특별시 광진구 자양동,779,0779,0000,타워더모스트광진아크로텔,전세,31.1000,202607,15,"27,000",0,12,2014,아차산로 355,202608~202808,신규,-,,,officetel
389,서울특별시 광진구 화양동,174,0174,0000,건대 트레비앙 오피스텔,월세,17.4600,202607,14,"1,000",110,3,2023,광나루로 374,202608~202708,신규,-,,,officetel
390,서울특별시 광진구 구의동,251-34,0251,0034,신도브래뉴오피스텔,월세,33.1500,202607,14,"1,000",80,6,2003,자양로 138,202610~202809,신규,-,,,officetel
391,서울특별시 광진구 자양동,870,0870,0000,이스트폴,월세,32.1300,202607,14,"2,000",144,13,2025,아차산로 400,202609~202709,갱신,-,"2,000",142,officetel
392,서울특별시 광진구 자양동,227-7,0227,0007,더샵스타시티,전세,174.2400,202607,14,"160,000",0,6,2007,아차산로 262,202607~202807,갱신,-,"145,000",0,officetel
393,서울특별시 광진구 중곡동,190-3,0190,0003,위너스텔,월세,20.7200,202607,14,500,57,2,2003,동일로 418,202607~202707,신규,-,,,officetel
394,서울특별시 광진구 능동,220-5,0220,0005,(220-5),월세,43.0500,202607,13,"1,000",110,6,2017,천호대로110길 8,202608~202808,신규,-,,,officetel
395,서울특별시 광진구 중곡동,648-12,0648,0012,마인하임648,전세,50.4100,202607,13,"39,200",0,5,2017,능동로37길 10-4,202609~202809,신규,-,,,officetel
396,서울특별시 광진구 자양동,870,0870,0000,이스트폴,월세,23.7100,202607,13,"1,000",113,20,2025,아차산로 400,202609~202709,신규,-,,,officetel
397,서울특별시 광진구 구의동,218-12,0218,0012,다성리버텔,전세,33.9700,202607,13,"17,712",0,7,2002,아차산로 452,202607~202707,갱신,-,"16,868",0,officetel
398,서울특별시 광진구 화양동,116-2,0116,0002,화양동 동도센트리움 캠퍼스파크,전세,20.1900,202607,13,"20,000",0,7,2019,광나루로 370,202608~202808,신규,-,,,officetel
399,서울특별시 광진구 자양동,779,0779,0000,타워더모스트광진아크로텔,전세,23.9700,202607,11,"20,400",0,13,2014,아차산로 355,202608~202808,신규,-,,,officetel
400,서울특별시 광진구 중곡동,190-3,0190,0003,위너스텔,월세,20.3500,202607,11,500,55,5,2003,동일로 418,202607~202707,갱신,-,500,54,officetel
401,서울특별시 광진구 화양동,21-22,0021,0022,케이타워 오피스텔 B,월세,18.8500,202607,11,"1,000",80,6,2013,동일로30길 23,202607~202807,신규,-,,,officetel
402,서울특별시 광진구 화양동,110-37,0110,0037,화양타워,월세,38.6400,202607,11,"1,000",80,4,1999,능동로19길 47,202608~202708,신규,-,,,officetel
403,서울특별시 광진구 화양동,21-23,0021,0023,케이타워 오피스텔 A,전세,19.9300,202607,11,"13,500",0,11,2013,광나루로14길 8,202607~202807,갱신,-,"13,500",0,officetel
404,서울특별시 광진구 화양동,94-9,0094,0009,화양동 프라하임,전세,27.0500,202607,11,"37,000",0,12,2022,능동로 165-1,202607~202807,신규,-,,,officetel
405,서울특별시 광진구 화양동,21-20,0021,0020,광진캠퍼스시티,월세,17.4900,202607,11,"8,000",44,15,2017,동일로 178,202608~202708,갱신,-,"8,000",40,officetel
406,서울특별시 광진구 중곡동,639-4,0639,0004,정익제이타워1차,월세,16.2200,202607,11,"3,000",76,9,2018,천호대로 531-1,202608~202708,신규,-,,,officetel
407,서울특별시 광진구 구의동,251-157,0251,0157,아델리아 구의타워,월세,18.7400,202607,11,"1,000",67,3,2010,자양로 156,202607~202707,신규,-,,,officetel
408,서울특별시 광진구 구의동,199-8,0199,0008,(199-8),전세,27.0300,202607,11,"21,000",0,9,2017,아차산로 480,202608~202708,신규,-,,,officetel
409,서울특별시 광진구 군자동,478-3,0478,0003,(478-3),월세,19.3400,202607,11,"1,000",80,6,2020,군자로 184,202607~202807,갱신,-,"1,000",77,officetel
410,서울특별시 광진구 자양동,779,0779,0000,타워더모스트광진아크로텔,월세,23.9700,202607,11,"1,000",95,13,2014,아차산로 355,202607~202807,신규,-,,,officetel
411,서울특별시 광진구 구의동,246-14,0246,0014,크레신타워3차,월세,25.3500,202607,10,"1,000",80,7,2006,아차산로 375,202609~202709,신규,-,,,officetel
412,서울특별시 광진구 중곡동,190-3,0190,0003,위너스텔,월세,20.7200,202607,10,500,53,5,2003,동일로 418,202607~202707,갱신,-,500,52,officetel
413,서울특별시 광진구 화양동,3-60,0003,0060,몽몽공장,월세,56.8700,202607,10,100,65,5,2020,능동로13길 10-9,202607~202701,신규,-,,,officetel
414,서울특별시 광진구 중곡동,639-4,0639,0004,정익제이타워1차,월세,16.2200,202607,10,"1,000",90,7,2018,천호대로 531-1,202607~202707,신규,-,,,officetel
415,서울특별시 광진구 화양동,121-9,0121,0009,더 퍼스트,월세,17.0400,202607,10,"2,000",67,4,2022,능동로19길 49,202608~202807,신규,-,,,officetel
416,서울특별시 광진구 중곡동,639-6,0639,0006,정익제이타워2차,월세,15.9300,202607,10,"1,000",90,6,2020,천호대로 537,202608~202708,신규,-,,,officetel
417,서울특별시 광진구 화양동,94-9,0094,0009,화양동 프라하임,월세,32.4900,202607,09,"1,000",180,7,2022,능동로 165-1,202607~202707,신규,-,,,officetel
418,서울특별시 광진구 화양동,174,0174,0000,건대 트레비앙 오피스텔,전세,17.4600,202607,08,"22,000",0,10,2023,광나루로 374,202608~202808,갱신,-,"21,000",0,officetel
419,서울특별시 광진구 자양동,767-4,0767,0004,자양오피스텔,전세,30.8700,202607,08,"10,000",0,5,1999,자양로 135,202608~202808,신규,-,,,officetel
420,서울특별시 광진구 구의동,243-2,0243,0002,베스트 트레드빌,월세,26.8400,202607,08,"1,000",75,5,2004,자양로18길 96,202607~202707,신규,-,,,officetel
421,서울특별시 광진구 구의동,251-169,0251,0169,더집,월세,55.8200,202607,08,"2,000",85,5,2021,자양로 154-30,202608~202808,신규,-,,,officetel
422,서울특별시 광진구 구의동,219-17,0219,0017,(219-17),월세,26.4600,202607,08,"12,000",30,6,2000,아차산로 443,202608~202808,신규,-,,,officetel
423,서울특별시 광진구 구의동,76-1,0076,0001,그랜드파크 오피스텔,월세,19.4000,202607,08,"1,000",75,5,2017,천호대로 666,202608~202808,신규,-,,,officetel
424,서울특별시 광진구 화양동,21-23,0021,0023,케이타워 오피스텔 A,월세,19.7800,202607,07,"1,000",75,9,2013,광나루로14길 8,202608~202801,신규,-,,,officetel
425,서울특별시 광진구 구의동,246-1,0246,0001,테라펠리스 건대 3차,월세,17.0500,202607,07,"1,000",103,9,2021,아차산로55길 11,202609~202709,신규,-,,,officetel
426,서울특별시 광진구 화양동,113-1,0113,0001,광진 코지웰,월세,19.5300,202607,07,"14,000",20,13,2014,능동로19길 35,202608~202808,신규,-,,,officetel
427,서울특별시 광진구 중곡동,639-6,0639,0006,정익제이타워2차,월세,15.9300,202607,07,"1,000",90,12,2020,천호대로 537,202608~202708,신규,-,,,officetel
428,서울특별시 광진구 화양동,109-4,0109,0004,예그리나Ⅰ,월세,15.3700,202607,07,"9,500",1,6,2013,군자로6길 27,202608~202808,신규,-,,,officetel
429,서울특별시 광진구 자양동,779,0779,0000,타워더모스트광진아크로텔,월세,23.9700,202607,06,"1,000",95,15,2014,아차산로 355,202609~202709,신규,-,,,officetel
430,서울특별시 광진구 화양동,110-37,0110,0037,화양타워,월세,34.6200,202607,06,"12,000",60,5,1999,능동로19길 47,202608~202808,신규,-,,,officetel
431,서울특별시 광진구 구의동,251-34,0251,0034,신도브래뉴오피스텔,월세,32.1700,202607,06,"1,000",80,8,2003,자양로 138,202608~202708,신규,-,,,officetel
432,서울특별시 광진구 중곡동,341-3,0341,0003,아뜰리에,월세,18.0200,202607,06,"14,000",30,5,2018,능동로38길 38,202608~202808,신규,-,,,officetel
433,서울특별시 광진구 자양동,680-12,0680,0012,큐브스테이트,전세,36.4400,202607,06,"25,350",0,4,2018,자양로16길 16,202607~202807,갱신,-,"24,150",0,officetel
434,서울특별시 광진구 화양동,111-12,0111,0012,빌리브 인테라스,월세,27.8200,202607,06,"38,000",35,19,2021,능동로 172,202608~202802,신규,-,,,officetel
435,서울특별시 광진구 화양동,174,0174,0000,건대 트레비앙 오피스텔,전세,17.4600,202607,06,"21,000",0,18,2023,광나루로 374,202608~202808,갱신,-,"20,000",0,officetel
436,서울특별시 광진구 화양동,21-20,0021,0020,광진캠퍼스시티,월세,17.4900,202607,06,"1,000",88,19,2017,동일로 178,202607~202707,신규,-,,,officetel
437,서울특별시 광진구 화양동,111-12,0111,0012,빌리브 인테라스,월세,27.8200,202607,06,"37,800",37,19,2021,능동로 172,202608~202802,신규,-,,,officetel
438,서울특별시 광진구 화양동,29-25,0029,0025,DM7 화양,월세,14.1000,202607,05,"1,000",97,11,2025,능동로16길 12,202608~202708,신규,-,,,officetel
439,서울특별시 광진구 화양동,18-9,0018,0009,화양 디펠리체,월세,20.4200,202607,04,"1,000",90,11,2019,광나루로 358,202607~202707,신규,-,,,officetel
440,서울특별시 광진구 화양동,174,0174,0000,건대 트레비앙 오피스텔,월세,30.4500,202607,04,"3,000",180,17,2023,광나루로 374,202609~202708,신규,-,,,officetel
441,서울특별시 광진구 군자동,355-1,0355,0001,동원데쟈뷰,월세,17.1600,202607,04,"1,000",90,3,2020,동일로 194,202607~202702,신규,-,,,officetel
442,서울특별시 광진구 자양동,779,0779,0000,타워더모스트광진아크로텔,전세,23.9700,202607,04,"20,700",0,13,2014,아차산로 355,202607~202707,갱신,-,"19,840",0,officetel
443,서울특별시 광진구 화양동,17-16,0017,0016,아스하임,월세,18.8300,202607,04,"1,000",77,5,2016,군자로 43,202608~202708,신규,-,,,officetel
444,서울특별시 광진구 화양동,174,0174,0000,건대 트레비앙 오피스텔,월세,17.4600,202607,04,"5,000",80,5,2023,광나루로 374,202608~202708,신규,-,,,officetel
445,서울특별시 광진구 화양동,2-22,0002,0022,비다펠리즈,전세,19.2600,202607,04,"22,050",0,6,2021,능동로 153-1,202608~202808,갱신,사용,"21,000",0,officetel
446,서울특별시 광진구 중곡동,190-3,0190,0003,위너스텔,월세,20.7200,202607,03,300,56,6,2003,동일로 418,202607~202707,갱신,-,300,55,officetel
447,서울특별시 광진구 화양동,111-41,0111,0041,DM7 건대,월세,37.7300,202607,03,"5,000",165,9,2024,광나루로20길 40,202607~202707,신규,-,,,officetel
448,서울특별시 광진구 군자동,355-1,0355,0001,동원데쟈뷰,월세,17.1600,202607,02,"1,000",89,9,2020,동일로 194,202607~202807,갱신,-,"1,000",85,officetel
449,서울특별시 광진구 중곡동,639-6,0639,0006,정익제이타워2차,월세,15.9300,202607,02,"6,000",61,7,2020,천호대로 537,202609~202809,신규,-,,,officetel
450,서울특별시 광진구 광장동,108,0108,0000,효성리버카운티,월세,30.4400,202607,02,"1,000",70,11,2003,아차산로78길 56,202607~202807,신규,-,,,officetel
451,서울특별시 광진구 화양동,174,0174,0000,건대 트레비앙 오피스텔,월세,17.4600,202607,02,"1,000",110,3,2023,광나루로 374,202608~202707,신규,-,,,officetel
452,서울특별시 광진구 화양동,17-16,0017,0016,아스하임,월세,18.8300,202607,02,"1,000",85,6,2016,군자로 43,202607~202707,신규,-,,,officetel
453,서울특별시 광진구 화양동,3-60,0003,0060,몽몽공장,월세,56.8700,202607,02,100,65,3,2020,능동로13길 10-9,202608~202701,신규,-,,,officetel
454,서울특별시 광진구 군자동,473-1,0473,0001,(473-1),월세,18.1000,202607,02,"18,000",20,9,2019,천호대로 530,202608~202808,신규,-,,,officetel
455,서울특별시 광진구 화양동,174,0174,0000,건대 트레비앙 오피스텔,월세,17.4600,202607,01,"2,000",105,16,2023,광나루로 374,202608~202808,신규,-,,,officetel
456,서울특별시 광진구 화양동,174,0174,0000,건대 트레비앙 오피스텔,월세,17.4600,202607,01,"2,000",100,6,2023,광나루로 374,202608~202705,갱신,-,"2,000",98,officetel
457,서울특별시 광진구 화양동,174,0174,0000,건대 트레비앙 오피스텔,월세,17.4600,202607,01,"5,000",84,13,2023,광나루로 374,202608~202708,신규,-,,,officetel
458,서울특별시 광진구 화양동,21-22,0021,0022,케이타워 오피스텔 B,월세,18.8500,202607,01,"1,000",76,12,2013,동일로30길 23,202607~202807,신규,-,,,officetel
459,서울특별시 광진구 구의동,243-13,0243,0013,리버 비스타 구의,월세,20.8700,202607,01,"1,000",94,11,2019,아차산로 417,202608~202708,신규,-,,,officetel
460,서울특별시 광진구 구의동,251-157,0251,0157,아델리아 구의타워,월세,18.7400,202606,30,"1,000",68,4,2010,자양로 156,202608~202708,갱신,-,"1,000",65,officetel
461,서울특별시 광진구 구의동,246-14,0246,0014,크레신타워3차,월세,26.9100,202606,30,"1,000",80,12,2006,아차산로 375,202607~202707,신규,-,,,officetel
462,서울특별시 광진구 자양동,794,0794,0000,드림타운,월세,18.2000,202606,30,"1,000",52,4,1983,아차산로 312,202607~202807,신규,-,,,officetel
463,서울특별시 광진구 구의동,251-157,0251,0157,아델리아 구의타워,월세,30.8300,202606,30,"1,000",79,6,2010,자양로 156,202608~202708,갱신,-,"1,000",75,officetel
464,서울특별시 광진구 화양동,94-13,0094,0013,엘리시아1차,전세,15.0500,202606,30,"18,000",0,5,2021,광나루로20길 36-3,202606~202806,갱신,-,"19,000",0,officetel
465,서울특별시 광진구 구의동,243-13,0243,0013,리버 비스타 구의,월세,18.4600,202606,30,"10,000",50,8,2019,아차산로 417,202607~202807,신규,-,,,officetel
466,서울특별시 광진구 자양동,870,0870,0000,이스트폴,월세,34.2000,202606,30,"2,000",156,19,2025,아차산로 400,202607~202707,신규,-,,,officetel
467,서울특별시 광진구 화양동,116-2,0116,0002,화양동 동도센트리움 캠퍼스파크,월세,16.8300,202606,30,"10,000",50,6,2019,광나루로 370,202607~202807,신규,-,,,officetel
468,서울특별시 광진구 화양동,18-9,0018,0009,화양 디펠리체,월세,20.4500,202606,30,"1,000",86,15,2019,광나루로 358,202606~202704,갱신,-,"1,000",79,officetel
469,서울특별시 광진구 자양동,870,0870,0000,이스트폴,월세,32.6600,202606,30,"2,000",150,11,2025,아차산로 400,202607~202707,신규,-,,,officetel
470,서울특별시 광진구 화양동,21-20,0021,0020,광진캠퍼스시티,월세,17.4900,202606,30,"1,000",75,8,2017,동일로 178,202606~202706,신규,-,,,officetel
471,서울특별시 광진구 군자동,473-1,0473,0001,(473-1),월세,18.1000,202606,30,"11,200",55,17,2019,천호대로 530,202608~202708,갱신,-,"10,000",55,officetel
472,서울특별시 광진구 화양동,21-20,0021,0020,광진캠퍼스시티,월세,16.0800,202606,29,500,75,18,2017,동일로 178,202607~202701,신규,-,,,officetel
473,서울특별시 광진구 화양동,193,0193,0000,하이뷰오피스텔,전세,18.4300,202606,29,"23,100",0,14,2020,광나루로 386,202609~202809,갱신,-,"23,100",0,officetel
474,서울특별시 광진구 화양동,94-13,0094,0013,엘리시아1차,월세,15.0500,202606,29,500,90,7,2021,광나루로20길 36-3,202606~202612,신규,-,,,officetel
475,서울특별시 광진구 중곡동,648-12,0648,0012,마인하임648,전세,50.4100,202606,29,"38,400",0,3,2017,능동로37길 10-4,202609~202809,신규,-,,,officetel
476,서울특별시 광진구 중곡동,639-4,0639,0004,정익제이타워1차,월세,15.9000,202606,29,"1,000",86,6,2018,천호대로 531-1,202607~202707,신규,-,,,officetel
477,서울특별시 광진구 자양동,870,0870,0000,이스트폴,월세,32.1300,202606,29,"2,000",141,8,2025,아차산로 400,202607~202707,신규,-,,,officetel
478,서울특별시 광진구 구의동,243-56,0243,0056,아스하임,월세,23.7300,202606,29,"1,000",80,3,2014,자양로18길 84,202606~202806,신규,-,,,officetel
479,서울특별시 광진구 화양동,193,0193,0000,하이뷰오피스텔,전세,18.4300,202606,29,"23,500",0,19,2020,광나루로 386,202609~202809,갱신,-,"23,500",0,officetel
480,서울특별시 광진구 구의동,251-157,0251,0157,아델리아 구의타워,월세,30.8300,202606,28,"1,000",80,4,2010,자양로 156,202607~202707,갱신,-,"1,000",78,officetel
481,서울특별시 광진구 중곡동,341-3,0341,0003,아뜰리에,월세,17.8700,202606,27,"12,000",40,3,2018,능동로38길 38,202607~202807,갱신,-,"12,000",35,officetel
482,서울특별시 광진구 자양동,861,0861,0000,자양 호반써밋,전세,29.9400,202606,27,"40,000",0,16,2021,능동로 69,202607~202807,신규,-,,,officetel
483,서울특별시 광진구 구의동,251-157,0251,0157,아델리아 구의타워,월세,36.4100,202606,27,"1,000",84,5,2010,자양로 156,202609~202701,갱신,-,"1,000",80,officetel
484,서울특별시 광진구 구의동,246-14,0246,0014,크레신타워3차,월세,25.3500,202606,27,"1,000",77,9,2006,아차산로 375,202607~202707,갱신,-,"1,000",74,officetel
485,서울특별시 광진구 구의동,243-13,0243,0013,리버 비스타 구의,월세,19.7900,202606,27,"1,000",90,13,2019,아차산로 417,202608~202808,신규,-,,,officetel
486,서울특별시 광진구 군자동,473-1,0473,0001,(473-1),월세,18.1000,202606,27,"10,000",65,17,2019,천호대로 530,202608~202808,신규,-,,,officetel
487,서울특별시 광진구 중곡동,639-4,0639,0004,정익제이타워1차,월세,16.2200,202606,27,"16,500",29,7,2018,천호대로 531-1,202606~202706,갱신,사용,"16,500",25,officetel
488,서울특별시 광진구 구의동,246-14,0246,0014,크레신타워3차,월세,25.3500,202606,26,"1,000",80,12,2006,아차산로 375,202608~202708,신규,-,,,officetel
489,서울특별시 광진구 자양동,227-7,0227,0007,더샵스타시티,전세,149.7900,202606,26,"126,000",0,6,2007,아차산로 262,202608~202808,갱신,사용,"120,000",0,officetel
490,서울특별시 광진구 구의동,243-13,0243,0013,리버 비스타 구의,월세,19.7900,202606,26,"10,000",50,6,2019,아차산로 417,202608~202707,신규,-,,,officetel
491,서울특별시 광진구 구의동,251-16,0251,0016,롯데홈타워빌,전세,37.6000,202606,26,"27,000",0,5,2018,자양로 154-11,202607~202807,갱신,-,"27,000",0,officetel
492,서울특별시 광진구 구의동,589-10,0589,0010,구의아크로리버,월세,20.0600,202606,26,"1,000",60,4,2004,구의강변로 64,202607~202707,신규,-,,,officetel
493,서울특별시 광진구 화양동,21-23,0021,0023,케이타워 오피스텔 A,월세,19.9300,202606,26,"5,000",50,9,2013,광나루로14길 8,202607~202807,신규,-,,,officetel
494,서울특별시 광진구 화양동,18-9,0018,0009,화양 디펠리체,월세,20.4200,202606,26,"1,000",87,18,2019,광나루로 358,202606~202706,신규,-,,,officetel
495,서울특별시 광진구 구의동,243-56,0243,0056,아스하임,월세,23.7300,202606,26,"1,000",80,4,2014,자양로18길 84,202606~202806,신규,-,,,officetel
496,서울특별시 광진구 화양동,18-9,0018,0009,화양 디펠리체,월세,20.4500,202606,26,"1,000",90,17,2019,광나루로 358,202607~202707,신규,-,,,officetel
497,서울특별시 광진구 화양동,21-20,0021,0020,광진캠퍼스시티,월세,16.0800,202606,26,"1,000",75,8,2017,동일로 178,202607~202707,신규,-,,,officetel
498,서울특별시 광진구 자양동,870,0870,0000,이스트폴,월세,32.1300,202606,25,"2,000",157,16,2025,아차산로 400,202607~202707,신규,-,,,officetel
499,서울특별시 광진구 자양동,794,0794,0000,드림타운,월세,40.7400,202606,25,"1,000",50,2,1983,아차산로 312,202607~202807,신규,-,,,officetel
500,서울특별시 광진구 중곡동,157-6,0157,0006,아스하임,월세,16.7300,202606,25,"10,000",46,14,2019,천호대로 559,202607~202807,갱신,사용,"10,000",42,officetel
501,서울특별시 광진구 화양동,111-75,0111,0075,정익제이타워3차,월세,16.9400,202606,25,"1,000",120,12,2022,능동로19길 7-13,202608~202808,신규,-,,,officetel
502,서울특별시 광진구 화양동,21-23,0021,0023,케이타워 오피스텔 A,월세,19.7800,202606,25,500,75,2,2013,광나루로14길 8,202606~202706,신규,-,,,officetel
503,서울특별시 광진구 중곡동,158-8,0158,0008,JS더빌,전세,15.1900,202606,25,"11,000",0,5,2009,능동로38길 15-4,202607~202807,신규,-,,,officetel
504,서울특별시 광진구 화양동,18-9,0018,0009,화양 디펠리체,월세,20.4200,202606,25,"1,000",90,10,2019,광나루로 358,202607~202806,신규,-,,,officetel
505,서울특별시 광진구 화양동,174,0174,0000,건대 트레비앙 오피스텔,월세,17.4600,202606,25,"5,000",84,8,2023,광나루로 374,202608~202702,갱신,사용,"5,000",80,officetel
506,서울특별시 광진구 군자동,473-21,0473,0021,스테이 더 디자이너스 군자,월세,16.9400,202606,25,"10,500",60,5,2020,천호대로 538,202608~202808,신규,-,,,officetel
507,서울특별시 광진구 화양동,174,0174,0000,건대 트레비앙 오피스텔,월세,17.4600,202606,25,"19,500",7,8,2023,광나루로 374,202608~202808,신규,-,,,officetel
508,서울특별시 광진구 화양동,21-20,0021,0020,광진캠퍼스시티,월세,16.0800,202606,25,"3,000",67,12,2017,동일로 178,202607~202707,신규,-,,,officetel
509,서울특별시 광진구 중곡동,157-6,0157,0006,아스하임,월세,16.0400,202606,24,"12,000",41,10,2019,천호대로 559,202607~202807,신규,-,,,officetel
510,서울특별시 광진구 구의동,199-14,0199,0014,(199-14),월세,27.6300,202606,23,"12,500",18,6,2001,광나루로54길 20,202608~202808,신규,-,,,officetel
511,서울특별시 광진구 화양동,302-24,0302,0024,(302-24),월세,24.6000,202606,23,"3,000",65,4,2002,광나루로 454,202607~202806,신규,-,,,officetel
512,서울특별시 광진구 자양동,779,0779,0000,타워더모스트광진아크로텔,월세,23.9700,202606,23,"20,200",20,10,2014,아차산로 355,202608~202808,신규,-,,,officetel
513,서울특별시 광진구 구의동,251-34,0251,0034,신도브래뉴오피스텔,월세,31.2000,202606,23,"1,000",80,5,2003,자양로 138,202607~202707,신규,-,,,officetel
514,서울특별시 광진구 중곡동,639-4,0639,0004,정익제이타워1차,월세,15.7300,202606,22,"1,000",95,11,2018,천호대로 531-1,202607~202807,신규,-,,,officetel
515,서울특별시 광진구 구의동,243-2,0243,0002,베스트 트레드빌,월세,26.8400,202606,22,"1,000",78,9,2004,자양로18길 96,202607~202707,신규,-,,,officetel
516,서울특별시 광진구 자양동,2-3,0002,0003,더 라움 펜트하우스,월세,58.8200,202606,22,"20,000",400,15,2022,능동로 81,202607~202807,신규,-,,,officetel
517,서울특별시 광진구 중곡동,190-3,0190,0003,위너스텔,월세,20.3500,202606,21,500,55,6,2003,동일로 418,202606~202706,갱신,-,500,54,officetel
518,서울특별시 광진구 군자동,473-21,0473,0021,스테이 더 디자이너스 군자,월세,16.9400,202606,20,"1,000",95,8,2020,천호대로 538,202608~202808,신규,-,,,officetel
519,서울특별시 광진구 중곡동,639-4,0639,0004,정익제이타워1차,월세,15.9000,202606,20,"15,500",20,6,2018,천호대로 531-1,202607~202807,갱신,-,"16,400",10,officetel
520,서울특별시 광진구 중곡동,639-4,0639,0004,정익제이타워1차,월세,16.3700,202606,20,"15,700",20,3,2018,천호대로 531-1,202607~202807,신규,-,,,officetel
521,서울특별시 광진구 자양동,779,0779,0000,타워더모스트광진아크로텔,월세,30.6100,202606,20,"1,000",130,14,2014,아차산로 355,202606~202706,신규,-,,,officetel
522,서울특별시 광진구 중곡동,639-4,0639,0004,정익제이타워1차,월세,16.3700,202606,20,"15,300",20,3,2018,천호대로 531-1,202607~202807,갱신,-,"15,700",20,officetel
523,서울특별시 광진구 자양동,680-9,0680,0009,더 퍼스트 스테이,월세,21.8700,202606,20,"1,100",75,4,2019,자양로16길 12,202607~202807,신규,-,,,officetel
524,서울특별시 광진구 구의동,218-15,0218,0015,와이엔 오피스텔,월세,26.8300,202606,20,"12,000",8,4,2003,아차산로 444,202607~202807,갱신,-,"12,000",5,officetel
525,서울특별시 광진구 중곡동,648-14,0648,0014,아지(AZ)0213,월세,20.4400,202606,20,"13,000",10,10,2015,능동로37길 6,202606~202806,갱신,사용,"15,047",0,officetel
526,서울특별시 광진구 화양동,18-9,0018,0009,화양 디펠리체,월세,20.4200,202606,20,"1,000",90,9,2019,광나루로 358,202608~202808,신규,-,,,officetel
527,서울특별시 광진구 화양동,132-75,0132,0075,엘리시안파크,월세,16.3300,202606,20,"1,000",85,4,2015,군자로 46,202606~202706,신규,-,,,officetel
528,서울특별시 광진구 군자동,91-1,0091,0001,뫼비우스,전세,36.2100,202606,20,"31,250",0,5,2019,동일로 294,202608~202808,신규,-,,,officetel
529,서울특별시 광진구 화양동,17-16,0017,0016,아스하임,월세,18.1200,202606,20,"1,000",105,7,2016,군자로 43,202606~202806,신규,-,,,officetel
530,서울특별시 광진구 화양동,110-37,0110,0037,화양타워,월세,38.6400,202606,19,"1,000",100,4,1999,능동로19길 47,202606~202806,신규,-,,,officetel
531,서울특별시 광진구 자양동,870,0870,0000,이스트폴,월세,24.2100,202606,19,"1,000",115,12,2025,아차산로 400,202606~202706,신규,-,,,officetel
532,서울특별시 광진구 중곡동,157-6,0157,0006,아스하임,월세,16.0400,202606,19,"1,000",85,6,2019,천호대로 559,202607~202707,신규,-,,,officetel
533,서울특별시 광진구 화양동,93-1,0093,0001,DM7 건대,월세,43.8400,202606,19,"3,000",190,12,2024,광나루로20길 40,202606~202706,신규,-,,,officetel
534,서울특별시 광진구 구의동,218-12,0218,0012,다성리버텔,월세,29.9700,202606,19,"2,000",75,2,2002,아차산로 452,202609~202809,신규,-,,,officetel
535,서울특별시 광진구 중곡동,639-6,0639,0006,정익제이타워2차,월세,15.9300,202606,18,"1,000",82,11,2020,천호대로 537,202607~202707,신규,-,,,officetel
536,서울특별시 광진구 자양동,2-3,0002,0003,더 라움 펜트하우스,월세,58.8200,202606,18,"3,500",410,15,2022,능동로 81,202606~202706,신규,-,,,officetel
537,서울특별시 광진구 중곡동,639-6,0639,0006,정익제이타워2차,월세,15.9300,202606,18,500,87,3,2020,천호대로 537,202607~202707,신규,-,,,officetel
538,서울특별시 광진구 군자동,473-21,0473,0021,스테이 더 디자이너스 군자,월세,16.9400,202606,18,"16,000",25,8,2020,천호대로 538,202607~202807,신규,-,,,officetel
539,서울특별시 광진구 구의동,253-19,0253,0019,센트럴빌,월세,32.1900,202606,18,"1,000",74,8,2003,광나루로 486,202607~202807,신규,-,,,officetel
540,서울특별시 광진구 군자동,355-5,0355,0005,에피소드 1(Episode 1),월세,25.8000,202606,17,"18,800",35,15,2014,동일로 190,202608~202808,신규,-,,,officetel
541,서울특별시 광진구 중곡동,190-3,0190,0003,위너스텔,월세,20.7200,202606,17,500,56,6,2003,동일로 418,202606~202706,갱신,-,500,55,officetel
542,서울특별시 광진구 화양동,174,0174,0000,건대 트레비앙 오피스텔,월세,17.4600,202606,17,"1,000",108,3,2023,광나루로 374,202608~202708,신규,-,,,officetel
543,서울특별시 광진구 화양동,174,0174,0000,건대 트레비앙 오피스텔,월세,17.4600,202606,17,"3,000",89,7,2023,광나루로 374,202608~202708,신규,-,,,officetel
544,서울특별시 광진구 화양동,21-23,0021,0023,케이타워 오피스텔 A,월세,19.9300,202606,17,"1,000",70,10,2013,광나루로14길 8,202607~202707,갱신,사용,"1,000",70,officetel
545,서울특별시 광진구 자양동,779,0779,0000,타워더모스트광진아크로텔,월세,23.9700,202606,17,"1,000",100,7,2014,아차산로 355,202606~202706,신규,-,,,officetel
546,서울특별시 광진구 구의동,199-14,0199,0014,(199-14),월세,35.3400,202606,17,"6,000",54,5,2001,광나루로54길 20,202608~202808,갱신,사용,"6,000",50,officetel
547,서울특별시 광진구 자양동,870,0870,0000,이스트폴,월세,32.1300,202606,17,"2,000",151,15,2025,아차산로 400,202607~202706,신규,-,,,officetel
548,서울특별시 광진구 자양동,861,0861,0000,자양 호반써밋,월세,18.7400,202606,17,"1,000",110,5,2021,능동로 69,202607~202707,신규,-,,,officetel
549,서울특별시 광진구 화양동,17-20,0017,0020,더리브오피스텔,전세,12.5300,202606,17,"10,600",0,4,2011,광나루로16길 9-9,202607~202807,신규,-,,,officetel
550,서울특별시 광진구 화양동,174,0174,0000,건대 트레비앙 오피스텔,월세,17.4600,202606,17,"1,000",110,14,2023,광나루로 374,202608~202708,신규,-,,,officetel
551,서울특별시 광진구 화양동,111-35,0111,0035,정익제이타워2차,월세,17.6100,202606,16,"1,000",100,5,2021,광나루로18길 15-1,202607~202707,신규,-,,,officetel
552,서울특별시 광진구 군자동,473-21,0473,0021,스테이 더 디자이너스 군자,월세,16.9400,202606,16,"3,700",85,11,2020,천호대로 538,202607~202807,신규,-,,,officetel
553,서울특별시 광진구 군자동,361-26,0361,0026,디엠세븐세종,월세,14.0100,202606,16,"1,000",95,12,2026,광나루로 381,202606~202806,신규,-,,,officetel
554,서울특별시 광진구 자양동,870,0870,0000,이스트폴,월세,22.4600,202606,16,"1,000",102,16,2025,아차산로 400,202607~202706,신규,-,,,officetel
555,서울특별시 광진구 자양동,2-3,0002,0003,더 라움 펜트하우스,월세,69.7200,202606,16,"10,000",420,22,2022,능동로 81,202608~202808,신규,-,,,officetel
556,서울특별시 광진구 구의동,251-157,0251,0157,아델리아 구의타워,월세,36.4100,202606,16,"1,000",77,7,2010,자양로 156,202606~202706,신규,-,,,officetel
557,서울특별시 광진구 능동,222-7,0222,0007,(222-7),월세,31.7400,202606,16,"7,000",57,3,2017,능동로36길 29,202606~202806,신규,-,,,officetel
558,서울특별시 광진구 화양동,42-7,0042,0007,(42-7),전세,37.2500,202606,16,"31,000",0,3,2016,동일로 122,202607~202807,신규,-,,,officetel
559,서울특별시 광진구 구의동,243-48,0243,0048,(243-48),전세,64.5600,202606,16,"44,000",0,4,2019,자양로18길 90-3,202609~202809,신규,-,,,officetel
560,서울특별시 광진구 화양동,17-16,0017,0016,아스하임,월세,18.1200,202606,16,"1,000",115,3,2016,군자로 43,202606~202708,신규,-,,,officetel
561,서울특별시 광진구 중곡동,648-14,0648,0014,아지(AZ)0213,월세,20.4400,202606,15,"3,000",70,7,2015,능동로37길 6,202607~202707,신규,-,,,officetel
562,서울특별시 광진구 자양동,224-12,0224,0012,(224-12),월세,20.5200,202606,15,"12,000",15,4,2002,아차산로 317,202607~202807,신규,-,,,officetel
563,서울특별시 광진구 구의동,252-16,0252,0016,웰츠타워,월세,24.8200,202606,15,"1,000",87,12,2015,자양로 116,202607~202707,신규,-,,,officetel
564,서울특별시 광진구 군자동,361-26,0361,0026,디엠세븐세종,월세,14.0100,202606,15,"3,000",80,14,2026,광나루로 381,202607~202807,신규,-,,,officetel
565,서울특별시 광진구 군자동,473-21,0473,0021,스테이 더 디자이너스 군자,월세,16.9400,202606,15,"5,000",85,5,2020,천호대로 538,202607~202807,신규,-,,,officetel
566,서울특별시 광진구 구의동,251-25,0251,0025,(251-25),전세,51.7800,202606,15,"36,000",0,7,2017,자양로 146,202608~202808,신규,-,,,officetel
567,서울특별시 광진구 중곡동,190-3,0190,0003,위너스텔,월세,20.7200,202606,13,500,56,4,2003,동일로 418,202606~202706,갱신,-,500,55,officetel
568,서울특별시 광진구 군자동,361-26,0361,0026,디엠세븐세종,월세,14.0000,202606,13,"2,000",85,14,2026,광나루로 381,202606~202706,신규,-,,,officetel
569,서울특별시 광진구 군자동,473-21,0473,0021,스테이 더 디자이너스 군자,월세,17.2500,202606,13,"1,000",94,13,2020,천호대로 538,202608~202708,갱신,-,"1,000",89,officetel
570,서울특별시 광진구 화양동,111-12,0111,0012,빌리브 인테라스,월세,16.8800,202606,13,"10,000",58,13,2021,능동로 172,202607~202807,신규,-,,,officetel
571,서울특별시 광진구 화양동,110-37,0110,0037,화양타워,월세,34.6200,202606,13,"1,000",70,4,1999,능동로19길 47,202606~202707,갱신,-,"1,000",65,officetel
572,서울특별시 광진구 화양동,111-12,0111,0012,빌리브 인테라스,월세,16.8800,202606,13,"20,000",20,4,2021,능동로 172,202608~202808,신규,-,,,officetel
573,서울특별시 광진구 화양동,527,0527,0000,KCC파크타운,월세,25.7900,202606,13,"1,000",80,12,2005,광나루로 410,202606~202806,신규,-,,,officetel
574,서울특별시 광진구 화양동,111-12,0111,0012,빌리브 인테라스,월세,16.8800,202606,13,"1,000",100,8,2021,능동로 172,202606~202706,신규,-,,,officetel
575,서울특별시 광진구 자양동,680-14,0680,0014,16에스티뷰,전세,31.3400,202606,13,"28,870",0,4,2019,자양로16길 20-4,202609~202809,신규,-,,,officetel
576,서울특별시 광진구 자양동,680-6,0680,0006,결,월세,23.5600,202606,13,"29,000",5,5,2020,자양로16길 8-3,202608~202808,갱신,사용,"29,000",0,officetel
577,서울특별시 광진구 화양동,21-22,0021,0022,케이타워 오피스텔 B,월세,18.8500,202606,12,"12,000",10,14,2013,동일로30길 23,202607~202807,신규,-,,,officetel
578,서울특별시 광진구 화양동,174,0174,0000,건대 트레비앙 오피스텔,월세,18.6600,202606,12,"1,000",105,8,2023,광나루로 374,202607~202707,신규,-,,,officetel
579,서울특별시 광진구 구의동,243-13,0243,0013,리버 비스타 구의,월세,22.0600,202606,12,"1,000",87,17,2019,아차산로 417,202608~202708,신규,-,,,officetel
580,서울특별시 광진구 구의동,252-16,0252,0016,웰츠타워,월세,24.8200,202606,12,"1,000",89,15,2015,자양로 116,202606~202706,신규,-,,,officetel
581,서울특별시 광진구 구의동,246-1,0246,0001,테라펠리스 건대 3차,월세,17.0500,202606,12,"4,936",19,6,2021,아차산로55길 11,202607~202806,갱신,-,"4,500",17,officetel
582,서울특별시 광진구 중곡동,639-6,0639,0006,정익제이타워2차,월세,15.9300,202606,12,"3,000",85,10,2020,천호대로 537,202606~202706,갱신,-,"3,000",80,officetel
583,서울특별시 광진구 화양동,17-68,0017,0068,세종에버그린,월세,35.4900,202606,11,"27,250",5,5,2018,광나루로16길 19,202606~202806,갱신,-,"27,250",0,officetel
584,서울특별시 광진구 구의동,633-4,0633,0004,진성파크뷰,월세,34.3800,202606,11,"5,000",155,2,2022,광나루로30길 3,202607~202707,신규,-,,,officetel
585,서울특별시 광진구 화양동,174,0174,0000,건대 트레비앙 오피스텔,월세,17.4600,202606,11,"1,000",105,7,2023,광나루로 374,202607~202707,갱신,-,"1,000",100,officetel
586,서울특별시 광진구 군자동,473-1,0473,0001,(473-1),월세,18.2000,202606,11,"1,000",95,5,2019,천호대로 530,202606~202706,신규,-,,,officetel
587,서울특별시 광진구 화양동,111-89,0111,0089,(111-89),월세,16.9300,202606,11,"15,000",25,5,2021,광나루로20길 34,202607~202807,신규,-,,,officetel
588,서울특별시 광진구 자양동,870,0870,0000,이스트폴,월세,24.2100,202606,11,"1,000",112,11,2025,아차산로 400,202607~202707,신규,-,,,officetel
589,서울특별시 광진구 구의동,243-71,0243,0071,구의동 벨라로사 오피스텔,월세,20.9400,202606,11,"3,000",88,15,2019,아차산로 405,202606~202806,갱신,사용,"3,000",85,officetel
590,서울특별시 광진구 자양동,870,0870,0000,이스트폴,월세,24.2100,202606,10,"1,000",117,10,2025,아차산로 400,202607~202707,신규,-,,,officetel
591,서울특별시 광진구 중곡동,158-8,0158,0008,JS더빌,월세,14.2600,202606,10,"10,000",5,3,2009,능동로38길 15-4,202607~202807,신규,-,,,officetel
592,서울특별시 광진구 화양동,21-22,0021,0022,케이타워 오피스텔 B,월세,18.8500,202606,10,"1,000",80,11,2013,동일로30길 23,202607~202807,신규,-,,,officetel
593,서울특별시 광진구 화양동,527,0527,0000,KCC파크타운,월세,27.6300,202606,10,"2,000",80,3,2005,광나루로 410,202606~202706,신규,-,,,officetel
594,서울특별시 광진구 화양동,21-20,0021,0020,광진캠퍼스시티,월세,17.4900,202606,10,"12,500",25,8,2017,동일로 178,202608~202807,신규,-,,,officetel
595,서울특별시 광진구 구의동,251-157,0251,0157,아델리아 구의타워,월세,18.7400,202606,10,"1,000",66,2,2010,자양로 156,202607~202707,갱신,-,"1,000",65,officetel
596,서울특별시 광진구 화양동,21-20,0021,0020,광진캠퍼스시티,월세,16.0800,202606,09,"1,000",77,18,2017,동일로 178,202607~202707,갱신,사용,"1,000",73,officetel
597,서울특별시 광진구 중곡동,157-6,0157,0006,아스하임,월세,16.7300,202606,09,"2,000",100,14,2019,천호대로 559,202608~202808,신규,-,,,officetel
598,서울특별시 광진구 구의동,246-14,0246,0014,크레신타워3차,월세,25.3500,202606,09,"1,000",77,9,2006,아차산로 375,202607~202707,신규,-,,,officetel
599,서울특별시 광진구 구의동,252-16,0252,0016,웰츠타워,월세,24.8200,202606,09,"1,000",92,14,2015,자양로 116,202608~202707,신규,-,,,officetel
600,서울특별시 광진구 중곡동,157-17,0157,0017,리아리움더언타워,월세,15.5600,202606,08,"1,000",80,11,2017,천호대로109길 9,202606~202806,신규,-,,,officetel
601,서울특별시 광진구 자양동,870,0870,0000,이스트폴,월세,32.1300,202606,08,"2,000",151,13,2025,아차산로 400,202606~202706,신규,-,,,officetel
602,서울특별시 광진구 능동,222-2,0222,0002,군자 아델리제,월세,17.6500,202606,08,"18,600",15,7,2019,천호대로 570,202607~202807,신규,-,,,officetel
603,서울특별시 광진구 화양동,174,0174,0000,건대 트레비앙 오피스텔,월세,18.6600,202606,08,"1,000",105,11,2023,광나루로 374,202607~202802,신규,-,,,officetel
604,서울특별시 광진구 화양동,174,0174,0000,건대 트레비앙 오피스텔,월세,17.4600,202606,08,"1,000",103,9,2023,광나루로 374,202606~202706,신규,-,,,officetel
605,서울특별시 광진구 군자동,361-26,0361,0026,디엠세븐세종,월세,14.0100,202606,08,"1,000",90,9,2026,광나루로 381,202606~202706,신규,-,,,officetel
606,서울특별시 광진구 중곡동,639-4,0639,0004,정익제이타워1차,월세,16.2200,202606,08,"1,000",90,11,2018,천호대로 531-1,202606~202706,신규,-,,,officetel
607,서울특별시 광진구 군자동,361-26,0361,0026,디엠세븐세종,월세,14.0000,202606,06,"3,000",80,8,2026,광나루로 381,202606~202806,신규,-,,,officetel
608,서울특별시 광진구 화양동,2-10,0002,0010,테라팰리스 건대4차,월세,26.5800,202606,06,"2,000",158,10,2023,능동로 157,202607~202707,신규,-,,,officetel
609,서울특별시 광진구 화양동,111-12,0111,0012,빌리브 인테라스,전세,16.8800,202606,06,"20,000",0,9,2021,능동로 172,202607~202807,신규,-,,,officetel
610,서울특별시 광진구 화양동,174,0174,0000,건대 트레비앙 오피스텔,월세,17.4600,202606,06,"1,000",100,9,2023,광나루로 374,202607~202707,신규,-,,,officetel
611,서울특별시 광진구 중곡동,639-6,0639,0006,정익제이타워2차,월세,15.9300,202606,06,"10,000",53,6,2020,천호대로 537,202607~202807,신규,-,,,officetel
612,서울특별시 광진구 중곡동,639-6,0639,0006,정익제이타워2차,월세,15.9300,202606,06,"3,000",68,3,2020,천호대로 537,202608~202708,갱신,-,"3,000",65,officetel
613,서울특별시 광진구 중곡동,157-6,0157,0006,아스하임,전세,16.0400,202606,06,"21,000",0,10,2019,천호대로 559,202606~202806,갱신,사용,"20,000",0,officetel
614,서울특별시 광진구 자양동,861,0861,0000,자양 호반써밋,월세,18.7400,202606,06,"1,000",150,10,2021,능동로 69,202606~202706,신규,-,,,officetel
615,서울특별시 광진구 자양동,2-3,0002,0003,더 라움 펜트하우스,월세,58.8200,202606,06,"3,000",440,22,2022,능동로 81,202606~202706,신규,-,,,officetel
616,서울특별시 광진구 구의동,252-16,0252,0016,웰츠타워,월세,24.8200,202606,05,"1,000",87,6,2015,자양로 116,202607~202707,갱신,사용,"1,000",85,officetel
617,서울특별시 광진구 자양동,779,0779,0000,타워더모스트광진아크로텔,월세,23.9700,202606,05,500,95,17,2014,아차산로 355,202606~202706,갱신,-,500,90,officetel
618,서울특별시 광진구 자양동,779,0779,0000,타워더모스트광진아크로텔,전세,26.3200,202606,05,"22,500",0,7,2014,아차산로 355,202608~202807,갱신,-,"22,500",0,officetel
619,서울특별시 광진구 화양동,21-20,0021,0020,광진캠퍼스시티,월세,16.0800,202606,05,"1,000",75,15,2017,동일로 178,202606~202706,신규,-,,,officetel
620,서울특별시 광진구 구의동,252-16,0252,0016,웰츠타워,월세,24.8200,202606,05,"1,000",92,14,2015,자양로 116,202607~202707,갱신,-,"1,000",91,officetel
621,서울특별시 광진구 자양동,870,0870,0000,이스트폴,월세,23.7100,202606,05,"1,000",117,18,2025,아차산로 400,202606~202706,신규,-,,,officetel
622,서울특별시 광진구 구의동,218-15,0218,0015,와이엔 오피스텔,월세,25.1600,202606,05,"3,000",47,2,2003,아차산로 444,202606~202806,신규,-,,,officetel
623,서울특별시 광진구 중곡동,119-9,0119,0009,중곡에스하임3,월세,26.4800,202606,04,200,53,4,2024,천호대로 621,202606~202808,신규,-,,,officetel
624,서울특별시 광진구 중곡동,119-9,0119,0009,중곡에스하임3,월세,26.4800,202606,04,"4,401",30,4,2024,천호대로 621,202606~202808,신규,-,,,officetel
625,서울특별시 광진구 자양동,870,0870,0000,이스트폴,월세,23.7100,202606,04,"1,000",115,12,2025,아차산로 400,202606~202706,신규,-,,,officetel
626,서울특별시 광진구 화양동,94-13,0094,0013,엘리시아1차,전세,15.0500,202606,04,"19,000",0,6,2021,광나루로20길 36-3,202607~202807,신규,-,,,officetel
627,서울특별시 광진구 구의동,199-14,0199,0014,(199-14),월세,32.8500,202606,04,"12,000",20,3,2001,광나루로54길 20,202608~202808,신규,-,,,officetel
628,서울특별시 광진구 구의동,252-16,0252,0016,웰츠타워,월세,43.6100,202606,04,"1,000",151,16,2015,자양로 116,202607~202707,신규,-,,,officetel
629,서울특별시 광진구 군자동,473-1,0473,0001,(473-1),월세,18.2000,202606,04,"18,000",7,9,2019,천호대로 530,202607~202806,신규,-,,,officetel
630,서울특별시 광진구 화양동,193,0193,0000,하이뷰오피스텔,월세,18.4300,202606,04,"1,000",98,15,2020,광나루로 386,202608~202808,신규,-,,,officetel
631,서울특별시 광진구 중곡동,119-9,0119,0009,중곡에스하임3,월세,29.8900,202606,04,"4,699",48,2,2024,천호대로 621,202606~202808,신규,-,,,officetel
632,서울특별시 광진구 구의동,243-71,0243,0071,구의동 벨라로사 오피스텔,전세,22.3300,202606,04,"20,810",0,14,2019,아차산로 405,202608~202808,갱신,-,"20,200",0,officetel
633,서울특별시 광진구 능동,222-2,0222,0002,군자 아델리제,월세,22.9800,202606,04,"5,500",99,6,2019,천호대로 570,202607~202807,신규,-,,,officetel
634,서울특별시 광진구 자양동,870,0870,0000,이스트폴,월세,24.2100,202606,04,"1,000",112,9,2025,아차산로 400,202606~202706,신규,-,,,officetel
635,서울특별시 광진구 자양동,870,0870,0000,이스트폴,월세,22.4600,202606,04,"1,000",102,17,2025,아차산로 400,202606~202706,신규,-,,,officetel
636,서울특별시 광진구 화양동,193,0193,0000,하이뷰오피스텔,월세,18.5700,202606,03,"1,000",96,14,2020,광나루로 386,202607~202807,신규,-,,,officetel
637,서울특별시 광진구 화양동,21-20,0021,0020,광진캠퍼스시티,월세,16.0800,202606,03,500,85,13,2017,동일로 178,202606~202706,신규,-,,,officetel
638,서울특별시 광진구 군자동,361-26,0361,0026,디엠세븐세종,월세,14.0000,202606,03,"4,000",70,13,2026,광나루로 381,202606~202806,신규,-,,,officetel
639,서울특별시 광진구 화양동,21-20,0021,0020,광진캠퍼스시티,월세,16.0800,202606,03,500,61,14,2017,동일로 178,202606~202706,신규,-,,,officetel
640,서울특별시 광진구 중곡동,157-17,0157,0017,리아리움더언타워,월세,15.4500,202606,03,"2,000",70,6,2017,천호대로109길 9,202607~202807,신규,-,,,officetel
641,서울특별시 광진구 화양동,21-20,0021,0020,광진캠퍼스시티,월세,16.0800,202606,02,"1,000",76,10,2017,동일로 178,202607~202707,갱신,-,"1,000",72,officetel
642,서울특별시 광진구 화양동,21-20,0021,0020,광진캠퍼스시티,월세,24.3800,202606,02,"2,000",115,19,2017,동일로 178,202607~202807,신규,-,,,officetel
643,서울특별시 광진구 중곡동,119-9,0119,0009,중곡에스하임3,월세,26.4800,202606,02,200,53,7,2024,천호대로 621,202606~202808,신규,-,,,officetel
644,서울특별시 광진구 중곡동,119-9,0119,0009,중곡에스하임3,월세,26.4800,202606,02,"7,860",11,7,2024,천호대로 621,202606~202808,신규,-,,,officetel
645,서울특별시 광진구 구의동,251-34,0251,0034,신도브래뉴오피스텔,월세,31.2000,202606,02,"1,000",73,4,2003,자양로 138,202606~202706,신규,-,,,officetel
646,서울특별시 광진구 자양동,222-2,0222,0002,그라시아빌딩,월세,26.0300,202606,02,"5,000",80,2,2022,아차산로 340,202606~202806,신규,-,,,officetel
647,서울특별시 광진구 자양동,870,0870,0000,이스트폴,월세,32.1300,202606,02,"2,000",154,18,2025,아차산로 400,202606~202706,신규,-,,,officetel
648,서울특별시 광진구 구의동,243-71,0243,0071,구의동 벨라로사 오피스텔,전세,22.3300,202606,02,"19,780",0,8,2019,아차산로 405,202606~202806,갱신,사용,"19,130",0,officetel
649,서울특별시 광진구 자양동,779,0779,0000,타워더모스트광진아크로텔,월세,23.9700,202606,01,"11,000",50,10,2014,아차산로 355,202606~202806,신규,-,,,officetel
650,서울특별시 광진구 자양동,767-4,0767,0004,자양오피스텔,전세,30.2400,202606,01,"10,000",0,2,1999,자양로 135,202606~202806,신규,-,,,officetel
651,서울특별시 광진구 화양동,193,0193,0000,하이뷰오피스텔,월세,18.5200,202606,01,"5,000",70,17,2020,광나루로 386,202606~202706,신규,-,,,officetel
652,서울특별시 광진구 자양동,779,0779,0000,타워더모스트광진아크로텔,월세,23.9700,202606,01,"20,000",4,19,2014,아차산로 355,202606~202806,갱신,사용,"20,000",0,officetel
653,서울특별시 광진구 화양동,18-9,0018,0009,화양 디펠리체,월세,20.4200,202606,01,"15,000",35,13,2019,광나루로 358,202607~202807,신규,-,,,officetel
654,서울특별시 광진구 화양동,174,0174,0000,건대 트레비앙 오피스텔,월세,17.4600,202606,01,"1,000",100,5,2023,광나루로 374,202608~202707,신규,-,,,officetel
655,서울특별시 광진구 화양동,174,0174,0000,건대 트레비앙 오피스텔,월세,17.4600,202605,31,"5,000",79,10,2023,광나루로 374,202606~202706,신규,-,,,officetel
656,서울특별시 광진구 화양동,18-9,0018,0009,화양 디펠리체,월세,20.4500,202605,30,"1,000",86,8,2019,광나루로 358,202607~202807,신규,-,,,officetel
657,서울특별시 광진구 화양동,18-9,0018,0009,화양 디펠리체,월세,20.4500,202605,30,"1,000",90,7,2019,광나루로 358,202608~202707,신규,-,,,officetel
658,서울특별시 광진구 광장동,108,0108,0000,효성리버카운티,월세,24.0400,202605,30,"1,000",58,5,2003,아차산로78길 56,202606~202706,신규,-,,,officetel
659,서울특별시 광진구 자양동,779-3,0779,0003,금강태극빌,월세,30.9300,202605,30,"12,000",30,3,2005,아차산로 353,202606~202806,신규,-,,,officetel
660,서울특별시 광진구 구의동,251-171,0251,0171,구의 에코하임,전세,45.3000,202605,30,"38,000",0,4,2025,아차산로49길 93,202608~202808,신규,-,,,officetel
661,서울특별시 광진구 구의동,243-2,0243,0002,베스트 트레드빌,월세,26.8400,202605,30,"4,000",70,4,2004,자양로18길 96,202606~202806,신규,-,,,officetel
662,서울특별시 광진구 자양동,861,0861,0000,자양 호반써밋,월세,21.3800,202605,30,"1,000",104,7,2021,능동로 69,202606~202706,신규,-,,,officetel
663,서울특별시 광진구 중곡동,648-14,0648,0014,아지(AZ)0213,월세,20.6400,202605,30,"1,000",80,8,2015,능동로37길 6,202605~202805,신규,-,,,officetel
664,서울특별시 광진구 화양동,21-20,0021,0020,광진캠퍼스시티,월세,16.0800,202605,30,"3,000",60,7,2017,동일로 178,202605~202705,신규,-,,,officetel
665,서울특별시 광진구 화양동,21-20,0021,0020,광진캠퍼스시티,월세,16.0800,202605,30,"1,000",80,6,2017,동일로 178,202607~202707,신규,-,,,officetel
666,서울특별시 광진구 화양동,21-20,0021,0020,광진캠퍼스시티,월세,16.0800,202605,29,"1,000",71,5,2017,동일로 178,202607~202707,갱신,-,"1,000",68,officetel
667,서울특별시 광진구 중곡동,639-6,0639,0006,정익제이타워2차,월세,15.9300,202605,29,"1,000",90,4,2020,천호대로 537,202605~202705,신규,-,,,officetel
668,서울특별시 광진구 중곡동,157-6,0157,0006,아스하임,월세,16.7300,202605,29,"1,000",83,11,2019,천호대로 559,202607~202707,신규,-,,,officetel
669,서울특별시 광진구 자양동,680-12,0680,0012,큐브스테이트,전세,23.1300,202605,29,"18,900",0,5,2018,자양로16길 16,202606~202806,신규,-,,,officetel
670,서울특별시 광진구 자양동,219-22,0219,0022,더 트윈1,월세,38.8300,202605,29,"30,000",12,5,2020,아차산로46가길 7,202608~202808,신규,-,,,officetel
671,서울특별시 광진구 자양동,870,0870,0000,이스트폴,월세,35.9300,202605,29,"2,000",165,11,2025,아차산로 400,202606~202706,신규,-,,,officetel
672,서울특별시 광진구 자양동,779,0779,0000,타워더모스트광진아크로텔,월세,23.9700,202605,29,"1,000",95,8,2014,아차산로 355,202606~202706,신규,-,,,officetel
673,서울특별시 광진구 화양동,111-75,0111,0075,정익제이타워3차,월세,16.9400,202605,29,"1,000",100,10,2022,능동로19길 7-13,202606~202806,신규,-,,,officetel
674,서울특별시 광진구 화양동,174,0174,0000,건대 트레비앙 오피스텔,월세,17.4600,202605,29,"1,000",103,9,2023,광나루로 374,202606~202706,신규,-,,,officetel
675,서울특별시 광진구 구의동,251-34,0251,0034,신도브래뉴오피스텔,전세,32.1700,202605,29,"14,000",0,7,2003,자양로 138,202607~202807,신규,-,,,officetel
676,서울특별시 광진구 구의동,246-14,0246,0014,크레신타워3차,월세,25.3500,202605,29,"1,000",80,15,2006,아차산로 375,202607~202707,신규,-,,,officetel
677,서울특별시 광진구 군자동,361-26,0361,0026,디엠세븐세종,월세,14.0100,202605,29,"2,000",85,13,2026,광나루로 381,202606~202806,신규,-,,,officetel
678,서울특별시 광진구 군자동,355-1,0355,0001,동원데쟈뷰,전세,17.1600,202605,29,"19,800",0,3,2020,동일로 194,202607~202807,갱신,사용,"19,500",0,officetel
679,서울특별시 광진구 자양동,2-2,0002,0002,건대입구역자이엘라,전세,18.6000,202605,28,"27,000",0,10,2022,능동로 87,202606~202806,신규,-,,,officetel
680,서울특별시 광진구 화양동,18-9,0018,0009,화양 디펠리체,월세,20.4500,202605,28,"5,000",70,10,2019,광나루로 358,202606~202706,신규,-,,,officetel
681,서울특별시 광진구 구의동,253-19,0253,0019,센트럴빌,월세,32.1900,202605,28,"1,000",78,7,2003,광나루로 486,202606~202706,신규,-,,,officetel
682,서울특별시 광진구 중곡동,157-6,0157,0006,아스하임,월세,16.7300,202605,28,"1,000",88,12,2019,천호대로 559,202606~202706,신규,-,,,officetel
683,서울특별시 광진구 군자동,355-1,0355,0001,동원데쟈뷰,월세,17.1600,202605,28,"1,500",85,6,2020,동일로 194,202606~202706,신규,-,,,officetel
684,서울특별시 광진구 구의동,252-16,0252,0016,웰츠타워,월세,24.8200,202605,28,"1,000",89,10,2015,자양로 116,202606~202706,신규,-,,,officetel
685,서울특별시 광진구 자양동,2-3,0002,0003,더 라움 펜트하우스,전세,58.8200,202605,28,"85,000",0,8,2022,능동로 81,202606~202806,신규,-,,,officetel
686,서울특별시 광진구 구의동,251-25,0251,0025,(251-25),월세,29.5800,202605,27,"1,000",90,2,2017,자양로 146,202606~202806,신규,-,,,officetel
687,서울특별시 광진구 구의동,199-8,0199,0008,(199-8),월세,27.0300,202605,26,"1,000",95,5,2017,아차산로 480,202606~202806,신규,-,,,officetel
688,서울특별시 광진구 자양동,870,0870,0000,이스트폴,월세,34.2000,202605,26,"2,000",159,17,2025,아차산로 400,202606~202706,신규,-,,,officetel
689,서울특별시 광진구 중곡동,41-33,0041,0033,비버리캐슬,월세,19.1200,202605,26,"3,000",60,5,2004,능동로 366,202605~202805,신규,-,,,officetel
690,서울특별시 광진구 구의동,251-157,0251,0157,아델리아 구의타워,월세,18.7400,202605,26,"1,000",65,4,2010,자양로 156,202607~202707,신규,-,,,officetel
691,서울특별시 광진구 자양동,859,0859,0000,래미안프리미어팰리스,전세,38.8400,202605,25,"32,000",0,4,2017,아차산로 345,202606~202806,신규,-,,,officetel
692,서울특별시 광진구 자양동,779,0779,0000,타워더모스트광진아크로텔,월세,23.9700,202605,25,"18,000",30,13,2014,아차산로 355,202607~202807,신규,-,,,officetel
693,서울특별시 광진구 중곡동,639-6,0639,0006,정익제이타워2차,월세,15.9300,202605,25,"2,000",87,8,2020,천호대로 537,202606~202806,신규,-,,,officetel
694,서울특별시 광진구 자양동,2-2,0002,0002,건대입구역자이엘라,전세,18.6000,202605,25,"25,200",0,14,2022,능동로 87,202606~202806,신규,-,,,officetel
695,서울특별시 광진구 화양동,21-23,0021,0023,케이타워 오피스텔 A,월세,19.7800,202605,25,"1,000",78,3,2013,광나루로14길 8,202607~202807,신규,-,,,officetel
696,서울특별시 광진구 구의동,251-25,0251,0025,(251-25),월세,29.9800,202605,23,"5,000",85,3,2017,자양로 146,202606~202806,신규,-,,,officetel
697,서울특별시 광진구 중곡동,341-3,0341,0003,아뜰리에,전세,17.9700,202605,23,"19,950",0,3,2018,능동로38길 38,202607~202807,신규,-,,,officetel
698,서울특별시 광진구 군자동,473-1,0473,0001,(473-1),월세,18.2000,202605,23,"18,000",19,10,2019,천호대로 530,202607~202807,갱신,-,"19,350",10,officetel
699,서울특별시 광진구 화양동,21-20,0021,0020,광진캠퍼스시티,전세,16.0800,202605,23,"12,500",0,3,2017,동일로 178,202607~202807,신규,-,,,officetel
700,서울특별시 광진구 화양동,111-12,0111,0012,빌리브 인테라스,월세,16.8800,202605,23,"4,000",85,17,2021,능동로 172,202607~202807,신규,-,,,officetel
701,서울특별시 광진구 자양동,626-3,0626,0003,아스하임,전세,23.0800,202605,23,"23,000",0,4,2017,자양로13길 8,202606~202806,신규,-,,,officetel
702,서울특별시 광진구 능동,222-2,0222,0002,군자 아델리제,월세,22.9800,202605,23,"5,500",96,9,2019,천호대로 570,202606~202806,신규,-,,,officetel
703,서울특별시 광진구 자양동,2-3,0002,0003,더 라움 펜트하우스,월세,58.8200,202605,23,"5,000",390,13,2022,능동로 81,202606~202706,신규,-,,,officetel
704,서울특별시 광진구 중곡동,639-4,0639,0004,정익제이타워1차,월세,15.7300,202605,23,"1,000",87,14,2018,천호대로 531-1,202607~202706,신규,-,,,officetel
705,서울특별시 광진구 화양동,116-2,0116,0002,화양동 동도센트리움 캠퍼스파크,월세,16.8300,202605,22,"16,900",6,6,2019,광나루로 370,202607~202807,신규,-,,,officetel
706,서울특별시 광진구 군자동,473-1,0473,0001,(473-1),월세,18.1000,202605,22,"1,000",100,8,2019,천호대로 530,202606~202801,신규,-,,,officetel
707,서울특별시 광진구 군자동,355,0355,0000,메이저캐슬Ⅲ,전세,29.6800,202605,22,"30,000",0,3,2024,동일로 196,202606~202806,신규,-,,,officetel
708,서울특별시 광진구 구의동,219-17,0219,0017,(219-17),월세,26.4600,202605,22,"12,000",30,6,2000,아차산로 443,202607~202807,신규,-,,,officetel
709,서울특별시 광진구 구의동,75-1,0075,0001,썬-타워빌딩,월세,27.2500,202605,22,"1,100",60,5,2007,천호대로 670,202606~202806,신규,-,,,officetel
710,서울특별시 광진구 화양동,17-92,0017,0092,세종에버그린,전세,35.0000,202605,22,"27,000",0,4,2018,광나루로16길 21,202607~202807,신규,-,,,officetel
711,서울특별시 광진구 화양동,94-9,0094,0009,화양동 프라하임,월세,27.0500,202605,22,"2,000",165,13,2022,능동로 165-1,202606~202706,신규,-,,,officetel
712,서울특별시 광진구 화양동,302-24,0302,0024,(302-24),월세,24.6000,202605,22,"4,000",65,4,2002,광나루로 454,202605~202805,신규,-,,,officetel
713,서울특별시 광진구 중곡동,639-4,0639,0004,정익제이타워1차,월세,16.2200,202605,22,"3,000",80,10,2018,천호대로 531-1,202606~202706,갱신,-,"3,000",76,officetel
714,서울특별시 광진구 자양동,861,0861,0000,자양 호반써밋,월세,21.3800,202605,22,"2,000",115,15,2021,능동로 69,202607~202707,신규,-,,,officetel
715,서울특별시 광진구 자양동,2-2,0002,0002,건대입구역자이엘라,월세,18.1000,202605,22,"16,500",24,8,2022,능동로 87,202605~202805,갱신,-,"17,000",18,officetel
716,서울특별시 광진구 군자동,473-1,0473,0001,(473-1),월세,18.0800,202605,21,"1,000",94,11,2019,천호대로 530,202607~202708,갱신,-,"1,000",90,officetel
717,서울특별시 광진구 자양동,870,0870,0000,이스트폴,월세,32.1300,202605,21,"2,000",157,17,2025,아차산로 400,202606~202706,신규,-,,,officetel
718,서울특별시 광진구 중곡동,157-17,0157,0017,리아리움더언타워,월세,15.4500,202605,21,"1,000",80,3,2017,천호대로109길 9,202606~202806,신규,-,,,officetel
719,서울특별시 광진구 구의동,246-14,0246,0014,크레신타워3차,월세,26.9100,202605,21,"1,000",80,15,2006,아차산로 375,202607~202707,신규,-,,,officetel
720,서울특별시 광진구 군자동,473-1,0473,0001,(473-1),월세,18.1000,202605,20,"5,000",63,3,2019,천호대로 530,202607~202806,갱신,-,"5,000",60,officetel
721,서울특별시 광진구 구의동,243-71,0243,0071,구의동 벨라로사 오피스텔,전세,20.9400,202605,20,"20,950",0,15,2019,아차산로 405,202606~202806,갱신,-,"20,000",1,officetel
722,서울특별시 광진구 화양동,21-23,0021,0023,케이타워 오피스텔 A,월세,19.9300,202605,20,"1,000",73,8,2013,광나루로14길 8,202606~202706,갱신,사용,"1,000",70,officetel
723,서울특별시 광진구 자양동,870,0870,0000,이스트폴,월세,24.2100,202605,20,"1,000",112,8,2025,아차산로 400,202605~202705,신규,-,,,officetel
724,서울특별시 광진구 화양동,94-9,0094,0009,화양동 프라하임,월세,40.1700,202605,20,"2,000",230,9,2022,능동로 165-1,202606~202706,신규,-,,,officetel
725,서울특별시 광진구 화양동,94-9,0094,0009,화양동 프라하임,월세,27.0500,202605,20,"1,000",170,9,2022,능동로 165-1,202605~202705,신규,-,,,officetel
726,서울특별시 광진구 화양동,21-20,0021,0020,광진캠퍼스시티,월세,17.4900,202605,20,"1,090",66,3,2017,동일로 178,202605~202705,신규,-,,,officetel
727,서울특별시 광진구 중곡동,190-3,0190,0003,위너스텔,월세,20.3500,202605,19,500,55,2,2003,동일로 418,202606~202705,신규,-,,,officetel
728,서울특별시 광진구 자양동,680-12,0680,0012,큐브스테이트,월세,36.4400,202605,19,"3,000",140,4,2018,자양로16길 16,202606~202806,신규,-,,,officetel
729,서울특별시 광진구 자양동,870,0870,0000,이스트폴,월세,23.7100,202605,19,"1,000",113,9,2025,아차산로 400,202605~202705,신규,-,,,officetel
730,서울특별시 광진구 화양동,18-9,0018,0009,화양 디펠리체,월세,20.4500,202605,19,"1,000",90,12,2019,광나루로 358,202608~202807,신규,-,,,officetel
731,서울특별시 광진구 화양동,111-12,0111,0012,빌리브 인테라스,월세,16.8800,202605,19,"21,100",6,18,2021,능동로 172,202607~202807,신규,-,,,officetel
732,서울특별시 광진구 구의동,76-1,0076,0001,그랜드파크 오피스텔,월세,32.6400,202605,19,"3,000",115,5,2017,천호대로 666,202607~202806,신규,-,,,officetel
733,서울특별시 광진구 구의동,246-14,0246,0014,크레신타워3차,월세,25.3500,202605,19,"1,000",78,9,2006,아차산로 375,202607~202807,신규,-,,,officetel
734,서울특별시 광진구 구의동,253-19,0253,0019,센트럴빌,월세,32.1900,202605,19,"1,500",75,5,2003,광나루로 486,202605~202805,신규,-,,,officetel
735,서울특별시 광진구 구의동,252-16,0252,0016,웰츠타워,월세,24.8200,202605,19,"1,000",88,10,2015,자양로 116,202606~202705,신규,-,,,officetel
736,서울특별시 광진구 구의동,251-170,0251,0170,아하바 하우스,전세,57.1600,202605,19,"38,900",0,4,2016,아차산로49길 95,202606~202806,갱신,사용,"38,000",0,officetel
737,서울특별시 광진구 구의동,246-1,0246,0001,테라펠리스 건대 3차,월세,17.0500,202605,19,"5,016",19,6,2021,아차산로55길 11,202607~202806,갱신,-,"4,783",18,officetel
738,서울특별시 광진구 구의동,246-14,0246,0014,크레신타워3차,월세,25.3500,202605,18,"1,100",73,9,2006,아차산로 375,202606~202806,갱신,사용,"1,100",70,officetel
739,서울특별시 광진구 구의동,75-1,0075,0001,썬-타워빌딩,월세,25.6900,202605,18,"1,100",57,6,2007,천호대로 670,202605~202705,신규,-,,,officetel
740,서울특별시 광진구 광장동,108,0108,0000,효성리버카운티,월세,27.8000,202605,18,"1,000",65,2,2003,아차산로78길 56,202606~202706,신규,-,,,officetel
741,서울특별시 광진구 화양동,302-24,0302,0024,(302-24),월세,24.6000,202605,17,"3,000",70,4,2002,광나루로 454,202605~202805,신규,-,,,officetel
742,서울특별시 광진구 능동,222-2,0222,0002,군자 아델리제,월세,17.6500,202605,16,"1,000",90,9,2019,천호대로 570,202606~202706,신규,-,,,officetel
743,서울특별시 광진구 구의동,246-1,0246,0001,테라펠리스 건대 3차,월세,17.1900,202605,16,"1,000",100,5,2021,아차산로55길 11,202606~202806,신규,-,,,officetel
744,서울특별시 광진구 구의동,589-10,0589,0010,구의아크로리버,월세,26.0000,202605,16,"1,000",70,3,2004,구의강변로 64,202606~202706,신규,-,,,officetel
745,서울특별시 광진구 화양동,193,0193,0000,하이뷰오피스텔,전세,18.5700,202605,16,"21,983",0,17,2020,광나루로 386,202606~202706,갱신,-,"20,936",0,officetel
746,서울특별시 광진구 군자동,361-26,0361,0026,디엠세븐세종,월세,14.0000,202605,16,"3,000",80,7,2026,광나루로 381,202605~202805,신규,-,,,officetel
747,서울특별시 광진구 군자동,473-1,0473,0001,(473-1),월세,16.6800,202605,16,"13,000",50,16,2019,천호대로 530,202605~202702,갱신,사용,"17,100",25,officetel
748,서울특별시 광진구 중곡동,157-17,0157,0017,리아리움더언타워,월세,15.4500,202605,16,"2,000",75,8,2017,천호대로109길 9,202605~202805,신규,-,,,officetel
749,서울특별시 광진구 중곡동,639-6,0639,0006,정익제이타워2차,월세,15.9300,202605,16,"1,000",90,5,2020,천호대로 537,202606~202706,신규,-,,,officetel
750,서울특별시 광진구 중곡동,649-11,0649,0011,평강오피스텔,월세,24.0500,202605,16,300,100,10,2020,능동로37길 9,202605~202702,신규,-,,,officetel
751,서울특별시 광진구 화양동,111-12,0111,0012,빌리브 인테라스,월세,16.8800,202605,16,"21,000",18,16,2021,능동로 172,202605~202805,신규,-,,,officetel
752,서울특별시 광진구 중곡동,649-11,0649,0011,평강오피스텔,월세,24.0500,202605,16,300,100,10,2020,능동로37길 9,202605~202702,신규,-,,,officetel
753,서울특별시 광진구 자양동,680-9,0680,0009,더 퍼스트 스테이,월세,32.0500,202605,16,"3,000",140,3,2019,자양로16길 12,202606~202806,신규,-,,,officetel
754,서울특별시 광진구 자양동,219-22,0219,0022,더 트윈1,월세,42.7300,202605,16,"30,000",17,5,2020,아차산로46가길 7,202607~202807,신규,-,,,officetel
755,서울특별시 광진구 자양동,861,0861,0000,자양 호반써밋,월세,29.9400,202605,16,"3,000",150,5,2021,능동로 69,202606~202806,신규,-,,,officetel
756,서울특별시 광진구 화양동,193,0193,0000,하이뷰오피스텔,월세,18.4300,202605,16,"20,000",11,11,2020,광나루로 386,202607~202807,신규,-,,,officetel
757,서울특별시 광진구 화양동,110-37,0110,0037,화양타워,월세,33.7000,202605,16,"1,000",100,4,1999,능동로19길 47,202607~202808,신규,-,,,officetel
758,서울특별시 광진구 구의동,253-19,0253,0019,센트럴빌,월세,32.1900,202605,15,"1,000",72,4,2003,광나루로 486,202606~202702,신규,-,,,officetel
759,서울특별시 광진구 화양동,193,0193,0000,하이뷰오피스텔,월세,18.5700,202605,15,"1,000",88,5,2020,광나루로 386,202608~202708,신규,-,,,officetel
760,서울특별시 광진구 화양동,111-102,0111,0102,아스하임,월세,17.1500,202605,15,"1,000",86,5,2018,광나루로 382,202606~202806,갱신,-,"1,000",82,officetel
761,서울특별시 광진구 화양동,94-13,0094,0013,엘리시아1차,월세,15.0500,202605,15,500,90,3,2021,광나루로20길 36-3,202605~202611,신규,-,,,officetel
762,서울특별시 광진구 자양동,2-3,0002,0003,더 라움 펜트하우스,월세,58.8200,202605,15,"20,000",450,6,2022,능동로 81,202607~202702,갱신,-,"20,000",450,officetel
763,서울특별시 광진구 자양동,779,0779,0000,타워더모스트광진아크로텔,월세,27.1700,202605,15,"1,000",95,7,2014,아차산로 355,202606~202806,갱신,-,"1,000",90,officetel
764,서울특별시 광진구 자양동,870,0870,0000,이스트폴,월세,24.2100,202605,15,"1,000",115,15,2025,아차산로 400,202605~202705,신규,-,,,officetel
765,서울특별시 광진구 자양동,870,0870,0000,이스트폴,월세,24.2100,202605,15,"1,000",115,14,2025,아차산로 400,202605~202705,신규,-,,,officetel
766,서울특별시 광진구 구의동,243-13,0243,0013,리버 비스타 구의,월세,19.7900,202605,14,"10,000",50,15,2019,아차산로 417,202606~202806,신규,-,,,officetel
767,서울특별시 광진구 구의동,246-68,0246,0068,라퓨타 빌딩,월세,12.4000,202605,14,"3,000",55,7,2019,자양로18길 34-5,202606~202806,갱신,-,"3,000",55,officetel
768,서울특별시 광진구 구의동,199-14,0199,0014,(199-14),월세,37.2600,202605,14,"15,600",5,6,2001,광나루로54길 20,202608~202808,갱신,-,"15,600",5,officetel
769,서울특별시 광진구 구의동,253-19,0253,0019,센트럴빌,월세,32.1900,202605,14,"1,000",73,3,2003,광나루로 486,202606~202806,신규,-,,,officetel
770,서울특별시 광진구 구의동,243-13,0243,0013,리버 비스타 구의,전세,21.0000,202605,14,"20,000",0,13,2019,아차산로 417,202606~202806,갱신,사용,"20,000",0,officetel
771,서울특별시 광진구 자양동,767-4,0767,0004,자양오피스텔,전세,30.2400,202605,14,"10,000",0,7,1999,자양로 135,202605~202805,신규,-,,,officetel
772,서울특별시 광진구 자양동,2-2,0002,0002,건대입구역자이엘라,전세,18.6000,202605,14,"27,000",0,9,2022,능동로 87,202605~202805,신규,-,,,officetel
773,서울특별시 광진구 중곡동,639-4,0639,0004,정익제이타워1차,월세,16.3700,202605,14,"13,000",50,12,2018,천호대로 531-1,202606~202806,신규,-,,,officetel
774,서울특별시 광진구 화양동,18-9,0018,0009,화양 디펠리체,월세,20.4500,202605,14,"1,000",90,16,2019,광나루로 358,202606~202806,신규,-,,,officetel
775,서울특별시 광진구 화양동,193,0193,0000,하이뷰오피스텔,월세,18.5700,202605,14,"1,000",92,12,2020,광나루로 386,202606~202802,신규,-,,,officetel
776,서울특별시 광진구 화양동,112-14,0112,0014,(112-14),월세,19.2000,202605,13,"3,000",71,8,2015,능동로19길 15,202606~202806,신규,-,,,officetel
777,서울특별시 광진구 중곡동,648-14,0648,0014,아지(AZ)0213,월세,20.6400,202605,13,"1,000",80,9,2015,능동로37길 6,202605~202805,신규,-,,,officetel
778,서울특별시 광진구 군자동,361-26,0361,0026,디엠세븐세종,월세,14.1000,202605,13,"2,000",80,8,2026,광나루로 381,202605~202705,신규,-,,,officetel
779,서울특별시 광진구 군자동,473-21,0473,0021,스테이 더 디자이너스 군자,월세,17.2500,202605,13,"2,000",83,12,2020,천호대로 538,202607~202707,신규,-,,,officetel
780,서울특별시 광진구 구의동,251-157,0251,0157,아델리아 구의타워,월세,18.7400,202605,13,"1,000",65,8,2010,자양로 156,202606~202706,신규,-,,,officetel
781,서울특별시 광진구 자양동,870,0870,0000,이스트폴,월세,23.7100,202605,13,"1,000",109,8,2025,아차산로 400,202605~202705,신규,-,,,officetel
782,서울특별시 광진구 자양동,870,0870,0000,이스트폴,월세,23.7100,202605,13,"1,000",113,17,2025,아차산로 400,202605~202705,신규,-,,,officetel
783,서울특별시 광진구 자양동,794,0794,0000,드림타운,월세,27.3300,202605,13,"1,000",65,2,1983,아차산로 312,202606~202806,신규,-,,,officetel
784,서울특별시 광진구 자양동,767-4,0767,0004,자양오피스텔,전세,30.8700,202605,13,"10,000",0,9,1999,자양로 135,202605~202805,신규,-,,,officetel
785,서울특별시 광진구 군자동,473-1,0473,0001,(473-1),월세,18.2000,202605,12,500,90,11,2019,천호대로 530,202606~202706,갱신,-,500,86,officetel
786,서울특별시 광진구 화양동,111-102,0111,0102,아스하임,월세,18.8400,202605,12,"1,000",110,4,2018,광나루로 382,202605~202705,신규,-,,,officetel
787,서울특별시 광진구 군자동,355-1,0355,0001,동원데쟈뷰,전세,17.1600,202605,12,"19,800",0,2,2020,동일로 194,202607~202806,신규,-,,,officetel
788,서울특별시 광진구 중곡동,639-4,0639,0004,정익제이타워1차,월세,16.2200,202605,12,"2,000",85,11,2018,천호대로 531-1,202605~202805,신규,-,,,officetel
789,서울특별시 광진구 화양동,174,0174,0000,건대 트레비앙 오피스텔,전세,17.4600,202605,11,"21,000",0,10,2023,광나루로 374,202606~202806,신규,-,,,officetel
790,서울특별시 광진구 중곡동,157-6,0157,0006,아스하임,전세,16.7300,202605,11,"21,000",0,6,2019,천호대로 559,202606~202806,신규,-,,,officetel
791,서울특별시 광진구 화양동,111-12,0111,0012,빌리브 인테라스,월세,16.8800,202605,11,"10,000",63,14,2021,능동로 172,202606~202706,신규,-,,,officetel
792,서울특별시 광진구 중곡동,639-6,0639,0006,정익제이타워2차,월세,15.9300,202605,11,"1,000",84,9,2020,천호대로 537,202606~202706,신규,-,,,officetel
793,서울특별시 광진구 군자동,355-1,0355,0001,동원데쟈뷰,월세,17.1600,202605,11,"12,000",40,10,2020,동일로 194,202606~202806,갱신,-,"2,000",80,officetel
794,서울특별시 광진구 군자동,473-1,0473,0001,(473-1),월세,18.0800,202605,11,"10,000",60,10,2019,천호대로 530,202606~202806,신규,-,,,officetel
795,서울특별시 광진구 자양동,779,0779,0000,타워더모스트광진아크로텔,월세,23.9700,202605,10,"1,000",92,19,2014,아차산로 355,202605~202705,신규,-,,,officetel
796,서울특별시 광진구 구의동,253-19,0253,0019,센트럴빌,월세,32.1900,202605,10,"5,000",65,8,2003,광나루로 486,202607~202807,신규,-,,,officetel
797,서울특별시 광진구 구의동,243-13,0243,0013,리버 비스타 구의,월세,21.0000,202605,10,"8,000",60,11,2019,아차산로 417,202606~202806,신규,-,,,officetel
798,서울특별시 광진구 화양동,174,0174,0000,건대 트레비앙 오피스텔,월세,17.4600,202605,09,"1,000",105,12,2023,광나루로 374,202606~202706,갱신,-,"1,000",100,officetel
799,서울특별시 광진구 화양동,193,0193,0000,하이뷰오피스텔,월세,18.5700,202605,09,"23,400",3,11,2020,광나루로 386,202605~202805,신규,-,,,officetel
800,서울특별시 광진구 화양동,94-9,0094,0009,화양동 프라하임,월세,26.8500,202605,09,"1,000",170,8,2022,능동로 165-1,202605~202705,신규,-,,,officetel
801,서울특별시 광진구 중곡동,639-4,0639,0004,정익제이타워1차,월세,16.3700,202605,09,"11,000",40,3,2018,천호대로 531-1,202607~202807,신규,-,,,officetel
802,서울특별시 광진구 화양동,21-20,0021,0020,광진캠퍼스시티,월세,16.0800,202605,09,500,70,15,2017,동일로 178,202605~202608,신규,-,,,officetel
803,서울특별시 광진구 화양동,193,0193,0000,하이뷰오피스텔,전세,18.5700,202605,08,"23,500",0,11,2020,광나루로 386,202605~202805,신규,-,,,officetel
804,서울특별시 광진구 화양동,21-20,0021,0020,광진캠퍼스시티,월세,16.0800,202605,08,"11,000",40,17,2017,동일로 178,202608~202808,신규,-,,,officetel
805,서울특별시 광진구 화양동,111-22,0111,0022,정익제이타워,월세,17.0900,202605,08,"1,000",90,4,2016,능동로19길 7-10,202605~202802,갱신,사용,"1,000",90,officetel
806,서울특별시 광진구 자양동,219-6,0219,0006,자양오피스텔,월세,46.4100,202605,08,"5,000",83,3,2003,아차산로46가길 19,202606~202805,신규,-,,,officetel
807,서울특별시 광진구 자양동,2-2,0002,0002,건대입구역자이엘라,전세,18.6000,202605,08,"25,200",0,9,2022,능동로 87,202606~202806,신규,-,,,officetel
808,서울특별시 광진구 구의동,667,0667,0000,강변에스케이뷰,월세,28.0100,202605,08,"1,000",82,3,2017,아차산로 431,202606~202706,신규,-,,,officetel
809,서울특별시 광진구 구의동,199-23,0199,0023,현대13차폴라트리움,월세,50.4000,202605,08,"3,000",120,2,2006,구의강변로 102,202606~202806,신규,-,,,officetel
810,서울특별시 광진구 자양동,870,0870,0000,이스트폴,월세,23.7100,202605,07,"1,000",109,9,2025,아차산로 400,202605~202705,신규,-,,,officetel
811,서울특별시 광진구 중곡동,157-6,0157,0006,아스하임,월세,16.0400,202605,07,"1,000",77,9,2019,천호대로 559,202606~202706,갱신,-,"1,000",74,officetel
812,서울특별시 광진구 중곡동,157-17,0157,0017,리아리움더언타워,월세,14.3000,202605,07,"2,000",70,9,2017,천호대로109길 9,202605~202805,신규,-,,,officetel
813,서울특별시 광진구 화양동,21-20,0021,0020,광진캠퍼스시티,월세,17.4900,202605,07,"1,000",70,18,2017,동일로 178,202605~202705,신규,-,,,officetel
814,서울특별시 광진구 자양동,779,0779,0000,타워더모스트광진아크로텔,월세,23.9700,202605,07,"19,200",8,6,2014,아차산로 355,202607~202807,갱신,사용,"20,200",0,officetel
815,서울특별시 광진구 화양동,21-20,0021,0020,광진캠퍼스시티,월세,16.0800,202605,06,"1,000",78,12,2017,동일로 178,202608~202708,갱신,-,"1,000",75,officetel
816,서울특별시 광진구 중곡동,639-4,0639,0004,정익제이타워1차,월세,15.7300,202605,06,"1,000",95,9,2018,천호대로 531-1,202605~202705,신규,-,,,officetel
817,서울특별시 광진구 자양동,870,0870,0000,이스트폴,월세,34.2000,202605,06,"2,000",162,18,2025,아차산로 400,202605~202705,신규,-,,,officetel
818,서울특별시 광진구 중곡동,639-4,0639,0004,정익제이타워1차,월세,15.7300,202605,06,"1,000",95,12,2018,천호대로 531-1,202606~202806,신규,-,,,officetel
819,서울특별시 광진구 구의동,253-19,0253,0019,센트럴빌,월세,32.1900,202605,06,"1,000",75,10,2003,광나루로 486,202606~202806,신규,-,,,officetel
820,서울특별시 광진구 군자동,473-1,0473,0001,(473-1),월세,18.0800,202605,06,"11,700",60,17,2019,천호대로 530,202605~202805,신규,-,,,officetel
821,서울특별시 광진구 화양동,21-23,0021,0023,케이타워 오피스텔 A,월세,19.9300,202605,06,"11,900",35,2,2013,광나루로14길 8,202605~202805,갱신,사용,"11,900",25,officetel
822,서울특별시 광진구 화양동,111-12,0111,0012,빌리브 인테라스,월세,16.8800,202605,06,"10,000",63,14,2021,능동로 172,202606~202706,신규,-,,,officetel
823,서울특별시 광진구 화양동,21-20,0021,0020,광진캠퍼스시티,월세,17.4900,202605,06,"4,000",60,6,2017,동일로 178,202605~202705,신규,-,,,officetel
824,서울특별시 광진구 자양동,870,0870,0000,이스트폴,월세,23.7100,202605,06,"1,000",109,11,2025,아차산로 400,202605~202705,신규,-,,,officetel
825,서울특별시 광진구 자양동,870,0870,0000,이스트폴,월세,23.7100,202605,06,"1,000",113,17,2025,아차산로 400,202605~202705,신규,-,,,officetel
826,서울특별시 광진구 능동,255-18,0255,0018,노블레스 빌,월세,23.9600,202605,06,"14,300",20,2,2003,천호대로 632,202606~202806,신규,-,,,officetel
827,서울특별시 광진구 자양동,870,0870,0000,이스트폴,월세,23.7100,202605,06,"1,000",113,16,2025,아차산로 400,202605~202705,신규,-,,,officetel
828,서울특별시 광진구 화양동,302-24,0302,0024,(302-24),월세,24.6000,202605,05,"1,000",80,6,2002,광나루로 454,202605~202805,신규,-,,,officetel
829,서울특별시 광진구 구의동,253-19,0253,0019,센트럴빌,월세,32.1900,202605,05,"1,000",75,5,2003,광나루로 486,202606~202806,신규,-,,,officetel
830,서울특별시 광진구 자양동,779,0779,0000,타워더모스트광진아크로텔,월세,23.9700,202605,05,"1,000",83,20,2014,아차산로 355,202605~202705,신규,-,,,officetel
831,서울특별시 광진구 구의동,243-2,0243,0002,베스트 트레드빌,전세,26.8400,202605,05,"13,700",0,13,2004,자양로18길 96,202606~202806,신규,-,,,officetel
832,서울특별시 광진구 중곡동,157-6,0157,0006,아스하임,월세,16.0400,202605,05,"1,000",85,7,2019,천호대로 559,202605~202705,신규,-,,,officetel
833,서울특별시 광진구 화양동,17-92,0017,0092,세종에버그린,월세,35.0000,202605,05,"26,000",5,3,2018,광나루로16길 21,202608~202808,신규,-,,,officetel
834,서울특별시 광진구 광장동,108,0108,0000,효성리버카운티,월세,24.0400,202605,04,"1,000",58,9,2003,아차산로78길 56,202605~202705,갱신,-,"1,000",55,officetel
835,서울특별시 광진구 군자동,473-1,0473,0001,(473-1),월세,18.2000,202605,04,"18,000",30,12,2019,천호대로 530,202606~202806,신규,-,,,officetel
836,서울특별시 광진구 구의동,218-12,0218,0012,다성리버텔,월세,33.9700,202605,04,"2,000",90,7,2002,아차산로 452,202605~202805,신규,-,,,officetel
837,서울특별시 광진구 중곡동,639-6,0639,0006,정익제이타워2차,월세,15.9300,202605,04,"17,000",20,6,2020,천호대로 537,202606~202806,신규,-,,,officetel
838,서울특별시 광진구 화양동,21-20,0021,0020,광진캠퍼스시티,월세,17.4900,202605,04,"1,000",75,3,2017,동일로 178,202605~202705,신규,-,,,officetel
839,서울특별시 광진구 자양동,870,0870,0000,이스트폴,월세,47.2400,202605,04,"2,000",239,19,2025,아차산로 400,202605~202705,신규,-,,,officetel
840,서울특별시 광진구 광장동,108,0108,0000,효성리버카운티,월세,28.7500,202605,04,"1,000",65,6,2003,아차산로78길 56,202605~202705,신규,-,,,officetel
841,서울특별시 광진구 군자동,473-1,0473,0001,(473-1),월세,16.6800,202605,04,"2,000",85,4,2019,천호대로 530,202605~202705,신규,-,,,officetel
842,서울특별시 광진구 구의동,253-19,0253,0019,센트럴빌,월세,32.1900,202605,03,"1,000",75,4,2003,광나루로 486,202606~202806,신규,-,,,officetel
843,서울특별시 광진구 구의동,199-14,0199,0014,(199-14),월세,35.2200,202605,02,"2,000",73,2,2001,광나루로54길 20,202608~202808,갱신,사용,"2,000",70,officetel
844,서울특별시 광진구 중곡동,639-4,0639,0004,정익제이타워1차,월세,15.9000,202605,02,"1,000",84,14,2018,천호대로 531-1,202605~202705,갱신,-,"1,000",80,officetel
845,서울특별시 광진구 화양동,302-24,0302,0024,(302-24),월세,24.6000,202605,02,"2,000",65,3,2002,광나루로 454,202605~202805,신규,-,,,officetel
846,서울특별시 광진구 화양동,302-24,0302,0024,(302-24),월세,24.9000,202605,02,"4,000",65,3,2002,광나루로 454,202605~202805,신규,-,,,officetel
847,서울특별시 광진구 화양동,21-20,0021,0020,광진캠퍼스시티,월세,17.4900,202605,02,"1,000",75,10,2017,동일로 178,202605~202705,신규,-,,,officetel
848,서울특별시 광진구 구의동,243-13,0243,0013,리버 비스타 구의,월세,19.7900,202605,01,"19,000",10,7,2019,아차산로 417,202607~202806,신규,-,,,officetel
849,서울특별시 광진구 광장동,108,0108,0000,효성리버카운티,월세,24.0400,202605,01,"1,000",55,7,2003,아차산로78길 56,202605~202705,신규,-,,,officetel
850,서울특별시 광진구 군자동,478-3,0478,0003,(478-3),월세,22.6100,202605,01,"1,000",90,7,2020,군자로 184,202605~202805,신규,-,,,officetel
851,서울특별시 광진구 중곡동,41-33,0041,0033,비버리캐슬,월세,28.1200,202605,01,"5,000",68,5,2004,능동로 366,202605~202805,신규,-,,,officetel
852,서울특별시 광진구 자양동,779,0779,0000,타워더모스트광진아크로텔,월세,23.9700,202605,01,"1,000",92,5,2014,아차산로 355,202605~202705,신규,-,,,officetel
853,서울특별시 광진구 중곡동,639-4,0639,0004,정익제이타워1차,월세,16.3700,202605,01,500,81,10,2018,천호대로 531-1,202606~202706,신규,-,,,officetel
854,서울특별시 광진구 구의동,243-2,0243,0002,베스트 트레드빌,월세,26.8400,202605,01,"1,000",67,4,2004,자양로18길 96,202606~202806,갱신,-,"1,000",65,officetel
855,서울특별시 광진구 자양동,2-2,0002,0002,건대입구역자이엘라,전세,18.9100,202604,30,"26,000",0,10,2022,능동로 87,202606~202806,갱신,사용,"26,000",0,officetel
856,서울특별시 광진구 구의동,243-13,0243,0013,리버 비스타 구의,월세,20.8700,202604,30,500,70,15,2019,아차산로 417,202605~202805,신규,-,,,officetel
857,서울특별시 광진구 구의동,251-34,0251,0034,신도브래뉴오피스텔,월세,20.0800,202604,30,"3,000",45,9,2003,자양로 138,202605~202705,갱신,-,"3,000",40,officetel
858,서울특별시 광진구 능동,222-7,0222,0007,(222-7),월세,20.9400,202604,30,"5,000",60,5,2017,능동로36길 29,202607~202807,갱신,사용,"5,000",57,officetel
859,서울특별시 광진구 능동,255-18,0255,0018,노블레스 빌,월세,23.9600,202604,29,"14,000",10,2,2003,천호대로 632,202606~202806,신규,-,,,officetel
860,서울특별시 광진구 화양동,18-9,0018,0009,화양 디펠리체,월세,20.4500,202604,29,"1,000",83,4,2019,광나루로 358,202605~202705,신규,-,,,officetel
861,서울특별시 광진구 화양동,94-13,0094,0013,엘리시아1차,월세,15.0500,202604,29,"15,000",12,5,2021,광나루로20길 36-3,202606~202805,신규,-,,,officetel
862,서울특별시 광진구 화양동,110-37,0110,0037,화양타워,월세,44.3900,202604,29,"1,500",125,6,1999,능동로19길 47,202608~202808,신규,-,,,officetel
863,서울특별시 광진구 자양동,870,0870,0000,이스트폴,월세,23.7100,202604,29,"1,000",113,16,2025,아차산로 400,202605~202705,신규,-,,,officetel
864,서울특별시 광진구 자양동,870,0870,0000,이스트폴,월세,35.9300,202604,29,"2,000",168,12,2025,아차산로 400,202604~202704,신규,-,,,officetel
865,서울특별시 광진구 자양동,870,0870,0000,이스트폴,월세,24.2100,202604,29,"1,000",115,13,2025,아차산로 400,202606~202706,갱신,-,"1,000",113,officetel
866,서울특별시 광진구 자양동,854,0854,0000,광진트라팰리스,월세,41.0800,202604,29,"2,000",145,2,2006,뚝섬로34길 67,202605~202805,신규,-,,,officetel
867,서울특별시 광진구 자양동,870,0870,0000,이스트폴,월세,32.1300,202604,29,"2,000",151,11,2025,아차산로 400,202605~202705,신규,-,,,officetel
868,서울특별시 광진구 능동,255-18,0255,0018,노블레스 빌,월세,35.5700,202604,29,"19,000",20,3,2003,천호대로 632,202606~202806,신규,-,,,officetel
869,서울특별시 광진구 화양동,21-20,0021,0020,광진캠퍼스시티,월세,16.0800,202604,28,"1,000",78,5,2017,동일로 178,202606~202806,신규,-,,,officetel
870,서울특별시 광진구 중곡동,639-4,0639,0004,정익제이타워1차,월세,15.9700,202604,28,"2,000",85,7,2018,천호대로 531-1,202605~202805,신규,-,,,officetel
871,서울특별시 광진구 구의동,71-5,0071,0005,(71-5),월세,26.3800,202604,28,"1,000",110,8,2025,자양로 260,202606~202805,신규,-,,,officetel
872,서울특별시 광진구 구의동,252-16,0252,0016,웰츠타워,월세,24.8200,202604,28,"1,000",88,15,2015,자양로 116,202605~202705,신규,-,,,officetel
873,서울특별시 광진구 화양동,21-22,0021,0022,케이타워 오피스텔 B,월세,18.8500,202604,27,"12,000",35,5,2013,동일로30길 23,202605~202805,신규,-,,,officetel
874,서울특별시 광진구 화양동,93-1,0093,0001,DM7 건대,월세,36.2700,202604,27,"2,500",200,10,2024,광나루로20길 40,202604~202804,신규,-,,,officetel
875,서울특별시 광진구 구의동,218-15,0218,0015,와이엔 오피스텔,월세,25.1600,202604,27,"11,000",10,5,2003,아차산로 444,202605~202805,신규,-,,,officetel
876,서울특별시 광진구 구의동,253-19,0253,0019,센트럴빌,월세,32.1900,202604,27,"13,400",13,4,2003,광나루로 486,202605~202805,갱신,사용,"13,400",0,officetel
877,서울특별시 광진구 자양동,854,0854,0000,광진트라팰리스,월세,59.2500,202604,25,"3,000",168,4,2006,뚝섬로34길 67,202606~202806,갱신,사용,"3,000",160,officetel
878,서울특별시 광진구 자양동,861,0861,0000,자양 호반써밋,전세,29.9400,202604,25,"40,000",0,10,2021,능동로 69,202606~202806,신규,-,,,officetel
879,서울특별시 광진구 자양동,870,0870,0000,이스트폴,월세,24.2100,202604,25,"1,000",111,9,2025,아차산로 400,202604~202704,신규,-,,,officetel
880,서울특별시 광진구 자양동,779,0779,0000,타워더모스트광진아크로텔,월세,23.9700,202604,25,"1,000",89,15,2014,아차산로 355,202605~202705,갱신,-,"1,000",85,officetel
881,서울특별시 광진구 중곡동,648-14,0648,0014,아지(AZ)0213,월세,20.8500,202604,25,"2,000",70,7,2015,능동로37길 6,202606~202806,갱신,-,"2,000",65,officetel
882,서울특별시 광진구 군자동,361-26,0361,0026,디엠세븐세종,월세,14.3700,202604,25,"3,000",80,8,2026,광나루로 381,202605~202805,신규,-,,,officetel
883,서울특별시 광진구 군자동,473-1,0473,0001,(473-1),월세,18.1000,202604,25,"1,000",86,12,2019,천호대로 530,202606~202706,신규,-,,,officetel
884,서울특별시 광진구 군자동,473-21,0473,0021,스테이 더 디자이너스 군자,월세,16.9400,202604,25,"1,000",90,6,2020,천호대로 538,202605~202705,신규,-,,,officetel
885,서울특별시 광진구 화양동,21-20,0021,0020,광진캠퍼스시티,월세,17.4900,202604,25,"1,000",75,14,2017,동일로 178,202604~202704,신규,-,,,officetel
886,서울특별시 광진구 화양동,75-6,0075,0006,선인팰리스,월세,18.5700,202604,25,500,65,6,2013,군자로6길 50-2,202604~202804,신규,-,,,officetel
887,서울특별시 광진구 화양동,17-60,0017,0060,(17-60),월세,28.5000,202604,25,"1,000",60,2,2014,동일로28길 49-11,202605~202805,신규,-,,,officetel
888,서울특별시 광진구 구의동,252-16,0252,0016,웰츠타워,월세,24.7500,202604,24,"1,000",87,11,2015,자양로 116,202605~202705,신규,-,,,officetel
889,서울특별시 광진구 구의동,243-71,0243,0071,구의동 벨라로사 오피스텔,전세,22.3300,202604,24,"21,860",0,11,2019,아차산로 405,202606~202806,신규,-,,,officetel
890,서울특별시 광진구 중곡동,190-3,0190,0003,위너스텔,월세,20.3500,202604,24,500,55,6,2003,동일로 418,202604~202704,갱신,-,500,54,officetel
891,서울특별시 광진구 군자동,473-1,0473,0001,(473-1),월세,18.0800,202604,24,"1,000",90,3,2019,천호대로 530,202604~202704,신규,-,,,officetel
892,서울특별시 광진구 군자동,473-1,0473,0001,(473-1),월세,16.6800,202604,24,"10,000",31,17,2019,천호대로 530,202605~202805,신규,-,,,officetel
893,서울특별시 광진구 중곡동,639-4,0639,0004,정익제이타워1차,월세,15.9700,202604,24,"2,000",85,7,2018,천호대로 531-1,202605~202805,신규,-,,,officetel
894,서울특별시 광진구 화양동,23-5,0023,0005,더 메종 건대,월세,17.7100,202604,23,"1,000",113,16,2022,동일로 174,202606~202706,신규,-,,,officetel
895,서울특별시 광진구 화양동,21-22,0021,0022,케이타워 오피스텔 B,월세,18.8500,202604,23,"1,000",80,18,2013,동일로30길 23,202604~202804,신규,-,,,officetel
896,서울특별시 광진구 구의동,218-12,0218,0012,다성리버텔,월세,33.9700,202604,23,"1,000",90,6,2002,아차산로 452,202605~202705,신규,-,,,officetel
897,서울특별시 광진구 구의동,243-71,0243,0071,구의동 벨라로사 오피스텔,전세,22.3300,202604,23,"18,940",0,4,2019,아차산로 405,202606~202806,갱신,-,"18,340",0,officetel
898,서울특별시 광진구 화양동,21-20,0021,0020,광진캠퍼스시티,월세,16.0800,202604,23,"1,000",80,7,2017,동일로 178,202604~202804,신규,-,,,officetel
899,서울특별시 광진구 군자동,473-1,0473,0001,(473-1),월세,18.2000,202604,23,"2,000",95,17,2019,천호대로 530,202606~202706,신규,-,,,officetel
900,서울특별시 광진구 구의동,252-16,0252,0016,웰츠타워,월세,24.8200,202604,22,"1,000",91,13,2015,자양로 116,202605~202705,신규,-,,,officetel
901,서울특별시 광진구 화양동,21-20,0021,0020,광진캠퍼스시티,월세,16.0800,202604,22,"1,000",80,13,2017,동일로 178,202605~202705,신규,-,,,officetel
902,서울특별시 광진구 군자동,355-1,0355,0001,동원데쟈뷰,전세,17.1600,202604,22,"19,800",0,3,2020,동일로 194,202606~202806,신규,-,,,officetel
903,서울특별시 광진구 중곡동,639-6,0639,0006,정익제이타워2차,월세,15.9300,202604,22,"17,000",18,8,2020,천호대로 537,202606~202806,신규,-,,,officetel
904,서울특별시 광진구 구의동,252-16,0252,0016,웰츠타워,월세,24.8200,202604,22,"1,000",87,12,2015,자양로 116,202605~202705,신규,-,,,officetel
905,서울특별시 광진구 중곡동,639-4,0639,0004,정익제이타워1차,월세,15.9000,202604,22,"1,000",90,10,2018,천호대로 531-1,202605~202805,신규,-,,,officetel
906,서울특별시 광진구 자양동,219-8,0219,0008,제이 타워,월세,13.3800,202604,21,60,31,7,2020,아차산로 356,202604~202806,신규,-,,,officetel
907,서울특별시 광진구 중곡동,190-3,0190,0003,위너스텔,월세,20.3500,202604,21,500,55,3,2003,동일로 418,202604~202704,갱신,-,500,54,officetel
908,서울특별시 광진구 구의동,243-71,0243,0071,구의동 벨라로사 오피스텔,전세,20.9400,202604,21,"21,000",0,8,2019,아차산로 405,202605~202805,갱신,사용,"19,999",2,officetel
909,서울특별시 광진구 구의동,199-14,0199,0014,(199-14),월세,30.7800,202604,21,"11,000",28,6,2001,광나루로54길 20,202607~202806,갱신,사용,"11,000",25,officetel
910,서울특별시 광진구 구의동,246-1,0246,0001,테라펠리스 건대 3차,월세,17.1900,202604,21,60,44,7,2021,아차산로55길 11,202604~202806,신규,-,,,officetel
911,서울특별시 광진구 자양동,779,0779,0000,타워더모스트광진아크로텔,전세,30.6100,202604,21,"25,800",0,10,2014,아차산로 355,202605~202805,갱신,사용,"25,000",0,officetel
912,서울특별시 광진구 자양동,2-2,0002,0002,건대입구역자이엘라,월세,18.1200,202604,21,"1,000",125,14,2022,능동로 87,202605~202805,신규,-,,,officetel
913,서울특별시 광진구 화양동,18-9,0018,0009,화양 디펠리체,월세,20.4500,202604,21,"3,000",69,18,2019,광나루로 358,202607~202707,신규,-,,,officetel
914,서울특별시 광진구 화양동,93-3,0093,0003,캠퍼니안,월세,42.4200,202604,21,"1,000",90,4,2004,능동로16길 9,202605~202705,신규,-,,,officetel
915,서울특별시 광진구 군자동,473-1,0473,0001,(473-1),월세,18.1000,202604,21,"1,500",95,17,2019,천호대로 530,202606~202706,신규,-,,,officetel
916,서울특별시 광진구 자양동,779,0779,0000,타워더모스트광진아크로텔,월세,23.9700,202604,20,"1,000",90,21,2014,아차산로 355,202605~202705,갱신,-,"1,000",88,officetel
917,서울특별시 광진구 중곡동,157-6,0157,0006,아스하임,전세,16.7300,202604,20,"19,000",0,10,2019,천호대로 559,202605~202805,신규,-,,,officetel
918,서울특별시 광진구 구의동,199-8,0199,0008,(199-8),월세,33.0800,202604,20,"3,000",105,9,2017,아차산로 480,202606~202806,신규,-,,,officetel
919,서울특별시 광진구 화양동,23-5,0023,0005,더 메종 건대,월세,16.4400,202604,20,"1,000",95,18,2022,동일로 174,202604~202804,신규,-,,,officetel
920,서울특별시 광진구 화양동,110-37,0110,0037,화양타워,월세,38.6400,202604,20,"1,000",115,6,1999,능동로19길 47,202606~202808,신규,-,,,officetel
921,서울특별시 광진구 화양동,527,0527,0000,KCC파크타운,월세,25.7900,202604,20,"1,000",80,11,2005,광나루로 410,202604~202804,신규,-,,,officetel
922,서울특별시 광진구 화양동,23-5,0023,0005,더 메종 건대,월세,16.6600,202604,20,"14,400",38,14,2022,동일로 174,202605~202805,신규,-,,,officetel
923,서울특별시 광진구 군자동,361-26,0361,0026,디엠세븐세종,월세,14.3700,202604,19,"2,000",85,7,2026,광나루로 381,202605~202705,신규,-,,,officetel
924,서울특별시 광진구 화양동,174,0174,0000,건대 트레비앙 오피스텔,전세,17.4600,202604,18,"19,950",0,16,2023,광나루로 374,202605~202805,신규,-,,,officetel
925,서울특별시 광진구 중곡동,341-3,0341,0003,아뜰리에,월세,17.8700,202604,18,"11,000",45,4,2018,능동로38길 38,202604~202804,갱신,사용,"11,000",40,officetel
926,서울특별시 광진구 화양동,49-12,0049,0012,글로벌시티,월세,20.2300,202604,18,"2,000",61,3,2003,아차산로 205,202606~202806,신규,-,,,officetel
927,서울특별시 광진구 구의동,218-12,0218,0012,다성리버텔,월세,33.9700,202604,18,"1,000",85,5,2002,아차산로 452,202605~202805,신규,-,,,officetel
928,서울특별시 광진구 구의동,246-14,0246,0014,크레신타워3차,전세,25.3500,202604,18,"14,400",0,7,2006,아차산로 375,202605~202705,갱신,사용,"14,400",0,officetel
929,서울특별시 광진구 구의동,251-34,0251,0034,신도브래뉴오피스텔,월세,36.8600,202604,18,"1,000",85,10,2003,자양로 138,202605~202705,신규,-,,,officetel
930,서울특별시 광진구 화양동,174,0174,0000,건대 트레비앙 오피스텔,월세,18.6600,202604,18,"1,000",105,10,2023,광나루로 374,202605~202705,신규,-,,,officetel
931,서울특별시 광진구 화양동,21-23,0021,0023,케이타워 오피스텔 A,월세,19.9300,202604,18,"1,000",75,9,2013,광나루로14길 8,202604~202704,신규,-,,,officetel
932,서울특별시 광진구 군자동,361-26,0361,0026,디엠세븐세종,월세,14.0000,202604,18,"1,000",100,11,2026,광나루로 381,202605~202805,신규,-,,,officetel
933,서울특별시 광진구 군자동,361-26,0361,0026,디엠세븐세종,월세,14.1000,202604,18,"2,000",80,9,2026,광나루로 381,202605~202704,신규,-,,,officetel
934,서울특별시 광진구 화양동,112-14,0112,0014,(112-14),월세,15.8600,202604,17,"1,000",69,8,2015,능동로19길 15,202605~202805,신규,-,,,officetel
935,서울특별시 광진구 화양동,21-2,0021,0002,브라운스톤 화양,전세,59.5300,202604,17,"37,000",0,4,2006,광나루로 346,202605~202805,신규,-,,,officetel
936,서울특별시 광진구 화양동,174,0174,0000,건대 트레비앙 오피스텔,전세,17.4600,202604,17,"21,000",0,5,2023,광나루로 374,202606~202806,신규,-,,,officetel
937,서울특별시 광진구 군자동,361-26,0361,0026,디엠세븐세종,월세,14.0000,202604,17,"3,000",80,13,2026,광나루로 381,202604~202704,신규,-,,,officetel
938,서울특별시 광진구 화양동,29-25,0029,0025,DM7 화양,월세,14.1000,202604,17,"2,000",85,12,2025,능동로16길 12,202605~202704,신규,-,,,officetel
939,서울특별시 광진구 자양동,779,0779,0000,타워더모스트광진아크로텔,월세,30.6100,202604,17,"2,000",120,19,2014,아차산로 355,202605~202705,신규,-,,,officetel
940,서울특별시 광진구 구의동,198-5,0198,0005,강변아파트,월세,41.3600,202604,17,"1,000",80,2,2004,광나루로54길 23,202605~202705,신규,-,,,officetel
941,서울특별시 광진구 화양동,527,0527,0000,KCC파크타운,월세,25.7900,202604,16,"1,000",85,11,2005,광나루로 410,202605~202708,신규,-,,,officetel
942,서울특별시 광진구 구의동,252-16,0252,0016,웰츠타워,월세,29.8900,202604,16,"1,000",105,11,2015,자양로 116,202605~202705,신규,-,,,officetel
943,서울특별시 광진구 군자동,473-1,0473,0001,(473-1),전세,18.1000,202604,16,"18,550",0,5,2019,천호대로 530,202605~202705,신규,-,,,officetel
944,서울특별시 광진구 구의동,243-13,0243,0013,리버 비스타 구의,월세,18.4600,202604,16,"19,000",7,11,2019,아차산로 417,202606~202806,신규,-,,,officetel
945,서울특별시 광진구 중곡동,639-6,0639,0006,정익제이타워2차,월세,15.9300,202604,16,"1,000",72,5,2020,천호대로 537,202605~202607,신규,-,,,officetel
946,서울특별시 광진구 화양동,174,0174,0000,건대 트레비앙 오피스텔,월세,17.4600,202604,15,"1,000",100,8,2023,광나루로 374,202604~202704,신규,-,,,officetel
947,서울특별시 광진구 자양동,608-21,0608,0021,제이원하이텔,월세,23.9400,202604,15,"2,000",70,6,2004,자양번영로 34,202605~202805,신규,-,,,officetel
948,서울특별시 광진구 능동,222-2,0222,0002,군자 아델리제,월세,17.6500,202604,15,"1,000",90,3,2019,천호대로 570,202605~202705,신규,-,,,officetel
949,서울특별시 광진구 화양동,2-10,0002,0010,테라팰리스 건대4차,월세,38.2000,202604,15,"2,000",190,8,2023,능동로 157,202606~202706,신규,-,,,officetel
950,서울특별시 광진구 중곡동,157-17,0157,0017,리아리움더언타워,월세,18.5000,202604,15,"2,000",80,5,2017,천호대로109길 9,202605~202705,신규,-,,,officetel
951,서울특별시 광진구 군자동,476-2,0476,0002,(476-2),월세,29.6400,202604,15,"1,000",75,5,2003,군자로 180,202604~202804,신규,-,,,officetel
952,서울특별시 광진구 구의동,251-34,0251,0034,신도브래뉴오피스텔,월세,32.1700,202604,14,"1,000",78,7,2003,자양로 138,202604~202704,신규,-,,,officetel
953,서울특별시 광진구 중곡동,158-8,0158,0008,JS더빌,전세,14.2600,202604,14,"10,300",0,4,2009,능동로38길 15-4,202605~202805,신규,-,,,officetel
954,서울특별시 광진구 화양동,21-20,0021,0020,광진캠퍼스시티,월세,16.0800,202604,14,"1,000",75,9,2017,동일로 178,202604~202704,신규,-,,,officetel
955,서울특별시 광진구 구의동,589-10,0589,0010,구의아크로리버,월세,38.3200,202604,14,"1,000",100,3,2004,구의강변로 64,202604~202704,신규,-,,,officetel
956,서울특별시 광진구 자양동,779,0779,0000,타워더모스트광진아크로텔,월세,23.9700,202604,14,"20,000",20,6,2014,아차산로 355,202606~202806,신규,-,,,officetel
957,서울특별시 광진구 구의동,71-5,0071,0005,(71-5),월세,24.2100,202604,13,"1,000",100,9,2025,자양로 260,202605~202805,신규,-,,,officetel
958,서울특별시 광진구 중곡동,158-31,0158,0031,홀가하우스,월세,23.7300,202604,13,300,100,11,2021,능동로38길 5-3,202605~202611,신규,-,,,officetel
959,서울특별시 광진구 화양동,111-12,0111,0012,빌리브 인테라스,전세,16.8800,202604,13,"22,100",0,13,2021,능동로 172,202606~202806,갱신,-,"22,100",0,officetel
960,서울특별시 광진구 중곡동,639-6,0639,0006,정익제이타워2차,월세,15.9300,202604,13,"17,000",15,8,2020,천호대로 537,202605~202805,신규,-,,,officetel
961,서울특별시 광진구 구의동,243-13,0243,0013,리버 비스타 구의,전세,19.7900,202604,12,"17,000",0,4,2019,아차산로 417,202605~202805,신규,-,,,officetel
962,서울특별시 광진구 화양동,93-3,0093,0003,캠퍼니안,월세,42.4200,202604,11,"1,000",95,3,2004,능동로16길 9,202605~202805,신규,-,,,officetel
963,서울특별시 광진구 자양동,227-7,0227,0007,더샵스타시티,전세,149.7900,202604,11,"136,000",0,9,2007,아차산로 262,202605~202805,갱신,사용,"130,000",0,officetel
964,서울특별시 광진구 자양동,861,0861,0000,자양 호반써밋,월세,21.3800,202604,11,"1,000",120,19,2021,능동로 69,202604~202704,신규,-,,,officetel
965,서울특별시 광진구 구의동,75-1,0075,0001,썬-타워빌딩,월세,25.6900,202604,11,"1,100",60,7,2007,천호대로 670,202604~202711,신규,-,,,officetel
966,서울특별시 광진구 중곡동,639-4,0639,0004,정익제이타워1차,월세,16.2200,202604,11,"1,000",86,5,2018,천호대로 531-1,202605~202705,신규,-,,,officetel
967,서울특별시 광진구 중곡동,639-6,0639,0006,정익제이타워2차,월세,15.9300,202604,11,"2,000",88,8,2020,천호대로 537,202604~202704,갱신,-,"2,000",85,officetel
968,서울특별시 광진구 화양동,18-9,0018,0009,화양 디펠리체,월세,20.4500,202604,11,"15,000",25,13,2019,광나루로 358,202606~202806,신규,-,,,officetel
969,서울특별시 광진구 화양동,21-20,0021,0020,광진캠퍼스시티,월세,16.0800,202604,11,"1,000",76,19,2017,동일로 178,202605~202705,신규,-,,,officetel
970,서울특별시 광진구 화양동,527,0527,0000,KCC파크타운,전세,25.7900,202604,10,"16,850",0,15,2005,광나루로 410,202605~202805,신규,-,,,officetel
971,서울특별시 광진구 화양동,302-24,0302,0024,(302-24),월세,24.9000,202604,10,"1,000",70,3,2002,광나루로 454,202604~202804,갱신,-,"1,000",65,officetel
972,서울특별시 광진구 자양동,219-23,0219,0023,더 트윈2,월세,20.3500,202604,10,"1,000",69,3,2020,아차산로46가길 5,202606~202806,갱신,-,"1,000",66,officetel
973,서울특별시 광진구 화양동,21-20,0021,0020,광진캠퍼스시티,월세,16.0800,202604,10,"12,000",30,17,2017,동일로 178,202605~202805,신규,-,,,officetel
974,서울특별시 광진구 자양동,680-2,0680,0002,안틸리아 자양,전세,25.4600,202604,10,"34,000",0,7,2022,자양로 92,202606~202806,신규,-,,,officetel
975,서울특별시 광진구 구의동,252-16,0252,0016,웰츠타워,월세,24.8200,202604,10,"1,000",87,13,2015,자양로 116,202605~202705,신규,-,,,officetel
976,서울특별시 광진구 군자동,473-21,0473,0021,스테이 더 디자이너스 군자,월세,16.9400,202604,10,"2,000",90,10,2020,천호대로 538,202605~202704,신규,-,,,officetel
977,서울특별시 광진구 자양동,779,0779,0000,타워더모스트광진아크로텔,월세,25.2100,202604,09,"20,400",6,9,2014,아차산로 355,202605~202805,신규,-,,,officetel
978,서울특별시 광진구 화양동,174,0174,0000,건대 트레비앙 오피스텔,월세,17.4600,202604,09,"1,000",105,6,2023,광나루로 374,202606~202806,갱신,-,"1,000",100,officetel
979,서울특별시 광진구 화양동,21-23,0021,0023,케이타워 오피스텔 A,월세,19.7800,202604,09,"3,000",61,11,2013,광나루로14길 8,202604~202804,신규,-,,,officetel
980,서울특별시 광진구 화양동,21-23,0021,0023,케이타워 오피스텔 A,월세,19.9300,202604,09,"5,000",50,15,2013,광나루로14길 8,202605~202705,신규,-,,,officetel
981,서울특별시 광진구 중곡동,119-9,0119,0009,중곡에스하임3,월세,28.8300,202604,09,"4,735",49,7,2024,천호대로 621,202604~202806,신규,-,,,officetel
982,서울특별시 광진구 구의동,71-5,0071,0005,(71-5),월세,24.2100,202604,09,"1,000",100,10,2025,자양로 260,202604~202804,신규,-,,,officetel
983,서울특별시 광진구 자양동,219-23,0219,0023,더 트윈2,월세,38.8300,202604,09,"3,000",113,4,2020,아차산로46가길 5,202606~202806,신규,-,,,officetel
984,서울특별시 광진구 중곡동,158-8,0158,0008,JS더빌,전세,14.6200,202604,08,"11,000",0,3,2009,능동로38길 15-4,202605~202805,신규,-,,,officetel
985,서울특별시 광진구 중곡동,119-9,0119,0009,중곡에스하임3,월세,29.9700,202604,08,"2,890",30,4,2024,천호대로 621,202604~202806,신규,-,,,officetel
986,서울특별시 광진구 중곡동,119-9,0119,0009,중곡에스하임3,월세,26.4800,202604,08,"4,305",44,3,2024,천호대로 621,202604~202806,신규,-,,,officetel
987,서울특별시 광진구 중곡동,119-9,0119,0009,중곡에스하임3,월세,26.4800,202604,08,"4,305",44,3,2024,천호대로 621,202604~202806,신규,-,,,officetel
988,서울특별시 광진구 중곡동,119-9,0119,0009,중곡에스하임3,월세,26.1300,202604,08,"4,199",43,7,2024,천호대로 621,202604~202806,신규,-,,,officetel
989,서울특별시 광진구 중곡동,119-9,0119,0009,중곡에스하임3,월세,26.4800,202604,08,"10,661",9,3,2024,천호대로 621,202604~202806,신규,-,,,officetel
990,서울특별시 광진구 중곡동,119-9,0119,0009,중곡에스하임3,월세,26.1300,202604,08,"9,980",11,7,2024,천호대로 621,202604~202806,신규,-,,,officetel
991,서울특별시 광진구 화양동,111-12,0111,0012,빌리브 인테라스,월세,16.8800,202604,08,"10,000",58,6,2021,능동로 172,202606~202806,신규,-,,,officetel
992,서울특별시 광진구 화양동,17-92,0017,0092,세종에버그린,월세,33.7100,202604,08,"3,000",137,5,2018,광나루로16길 21,202604~202704,갱신,-,"3,000",130,officetel
993,서울특별시 광진구 중곡동,158-8,0158,0008,JS더빌,전세,14.6200,202604,08,"10,500",0,3,2009,능동로38길 15-4,202605~202805,신규,-,,,officetel
994,서울특별시 광진구 중곡동,119-9,0119,0009,중곡에스하임3,월세,29.8900,202604,07,"11,896",10,6,2024,천호대로 621,202604~202806,신규,-,,,officetel
995,서울특별시 광진구 화양동,17-68,0017,0068,세종에버그린,월세,35.0000,202604,07,"3,000",110,5,2018,광나루로16길 19,202604~202704,신규,-,,,officetel
996,서울특별시 광진구 중곡동,341-3,0341,0003,아뜰리에,월세,17.9700,202604,07,"10,000",41,5,2018,능동로38길 38,202606~202806,신규,-,,,officetel
997,서울특별시 광진구 중곡동,190-3,0190,0003,위너스텔,월세,20.7200,202604,07,300,51,6,2003,동일로 418,202604~202704,갱신,-,300,50,officetel
998,서울특별시 광진구 중곡동,119-9,0119,0009,중곡에스하임3,월세,29.9700,202604,07,"1,156",33,5,2024,천호대로 621,202604~202806,신규,-,,,officetel
999,서울특별시 광진구 중곡동,119-9,0119,0009,중곡에스하임3,월세,29.9700,202604,07,"2,890",30,6,2024,천호대로 621,202604~202806,신규,-,,,officetel
1000,서울특별시 광진구 중곡동,119-9,0119,0009,중곡에스하임3,월세,29.9700,202604,07,"2,890",30,5,2024,천호대로 621,202604~202806,신규,-,,,officetel
1001,서울특별시 광진구 중곡동,119-9,0119,0009,중곡에스하임3,월세,29.8900,202604,07,"4,804",50,6,2024,천호대로 621,202604~202806,신규,-,,,officetel
1002,서울특별시 광진구 중곡동,119-9,0119,0009,중곡에스하임3,월세,29.8900,202604,07,"2,819",29,2,2024,천호대로 621,202604~202806,신규,-,,,officetel
1003,서울특별시 광진구 중곡동,119-9,0119,0009,중곡에스하임3,월세,29.9700,202604,07,"7,158",6,6,2024,천호대로 621,202604~202806,신규,-,,,officetel
1004,서울특별시 광진구 군자동,361-26,0361,0026,디엠세븐세종,월세,14.3700,202604,06,"3,000",80,14,2026,광나루로 381,202604~202804,신규,-,,,officetel
1005,서울특별시 광진구 구의동,589-10,0589,0010,구의아크로리버,월세,25.3400,202604,06,"15,000",25,3,2004,구의강변로 64,202604~202804,갱신,-,"16,000",10,officetel
1006,서울특별시 광진구 중곡동,119-9,0119,0009,중곡에스하임3,월세,29.8900,202604,06,"4,754",49,3,2024,천호대로 621,202604~202806,신규,-,,,officetel
1007,서울특별시 광진구 중곡동,639-4,0639,0004,정익제이타워1차,월세,16.2200,202604,06,"3,000",78,13,2018,천호대로 531-1,202605~202705,갱신,사용,"3,000",74,officetel
1008,서울특별시 광진구 화양동,112-14,0112,0014,(112-14),월세,17.8500,202604,06,"2,000",76,9,2015,능동로19길 15,202604~202708,신규,-,,,officetel
1009,서울특별시 광진구 화양동,111-12,0111,0012,빌리브 인테라스,월세,16.8800,202604,05,"1,000",98,9,2021,능동로 172,202607~202807,신규,-,,,officetel
1010,서울특별시 광진구 구의동,218-12,0218,0012,다성리버텔,월세,34.8800,202604,04,"1,000",90,4,2002,아차산로 452,202604~202804,신규,-,,,officetel
1011,서울특별시 광진구 중곡동,639-4,0639,0004,정익제이타워1차,월세,16.2200,202604,04,"1,000",73,9,2018,천호대로 531-1,202604~202804,신규,-,,,officetel
1012,서울특별시 광진구 군자동,473-1,0473,0001,(473-1),월세,18.1300,202604,04,"3,000",82,6,2019,천호대로 530,202604~202804,신규,-,,,officetel
1013,서울특별시 광진구 구의동,243-2,0243,0002,베스트 트레드빌,월세,26.8400,202604,04,"1,000",75,11,2004,자양로18길 96,202604~202804,신규,-,,,officetel
1014,서울특별시 광진구 구의동,199-14,0199,0014,(199-14),월세,32.8500,202604,04,"5,000",55,4,2001,광나루로54길 20,202606~202806,신규,-,,,officetel
1015,서울특별시 광진구 구의동,252-16,0252,0016,웰츠타워,월세,43.6100,202604,03,"1,000",139,7,2015,자양로 116,202605~202704,신규,-,,,officetel
1016,서울특별시 광진구 중곡동,648-12,0648,0012,마인하임648,월세,66.5100,202604,03,"1,000",60,3,2017,능동로37길 10-4,202604~202804,갱신,-,"3,000",30,officetel
1017,서울특별시 광진구 화양동,21-20,0021,0020,광진캠퍼스시티,월세,17.4900,202604,03,"1,000",80,13,2017,동일로 178,202604~202704,신규,-,,,officetel
1018,서울특별시 광진구 구의동,252-16,0252,0016,웰츠타워,월세,24.7500,202604,03,"1,000",90,15,2015,자양로 116,202604~202704,신규,-,,,officetel
1019,서울특별시 광진구 중곡동,639-6,0639,0006,정익제이타워2차,월세,15.9300,202604,03,"3,500",73,14,2020,천호대로 537,202605~202805,갱신,-,"3,500",70,officetel
1020,서울특별시 광진구 구의동,251-157,0251,0157,아델리아 구의타워,월세,18.7400,202604,03,"1,000",65,7,2010,자양로 156,202604~202704,신규,-,,,officetel
1021,서울특별시 광진구 화양동,527,0527,0000,KCC파크타운,월세,32.1600,202604,03,"1,000",80,8,2005,광나루로 410,202606~202806,신규,-,,,officetel
1022,서울특별시 광진구 구의동,251-169,0251,0169,더집,월세,55.8200,202604,03,"2,000",85,3,2021,자양로 154-30,202606~202805,신규,-,,,officetel
1023,서울특별시 광진구 구의동,252-16,0252,0016,웰츠타워,월세,24.8200,202604,03,"1,000",89,17,2015,자양로 116,202604~202704,신규,-,,,officetel
1024,서울특별시 광진구 화양동,111-12,0111,0012,빌리브 인테라스,월세,16.8800,202604,02,"10,000",60,15,2021,능동로 172,202605~202705,신규,-,,,officetel
1025,서울특별시 광진구 자양동,2-3,0002,0003,더 라움 펜트하우스,월세,58.8200,202604,02,"5,000",420,20,2022,능동로 81,202604~202704,신규,-,,,officetel
1026,서울특별시 광진구 중곡동,41-33,0041,0033,비버리캐슬,월세,22.2000,202604,02,"10,000",25,4,2004,능동로 366,202605~202805,신규,-,,,officetel
1027,서울특별시 광진구 화양동,21-2,0021,0002,브라운스톤 화양,전세,41.1400,202604,02,"25,000",0,3,2006,광나루로 346,202605~202805,신규,-,,,officetel
1028,서울특별시 광진구 화양동,17-68,0017,0068,세종에버그린,월세,33.7100,202604,02,"27,000",10,3,2018,광나루로16길 19,202606~202805,신규,-,,,officetel
1029,서울특별시 광진구 군자동,473-21,0473,0021,스테이 더 디자이너스 군자,월세,16.9400,202604,02,"16,000",30,11,2020,천호대로 538,202605~202805,신규,-,,,officetel
1030,서울특별시 광진구 구의동,243-13,0243,0013,리버 비스타 구의,월세,19.7900,202604,01,"1,000",85,5,2019,아차산로 417,202604~202704,갱신,사용,"1,000",82,officetel
1031,서울특별시 광진구 광장동,108,0108,0000,효성리버카운티,월세,30.4400,202604,01,300,65,3,2003,아차산로78길 56,202605~202705,신규,-,,,officetel
1032,서울특별시 광진구 중곡동,41-33,0041,0033,비버리캐슬,월세,22.8000,202604,01,"2,000",65,4,2004,능동로 366,202604~202704,신규,-,,,officetel
1033,서울특별시 광진구 구의동,253-19,0253,0019,센트럴빌,월세,32.1900,202604,01,300,50,8,2003,광나루로 486,202604~202903,신규,-,,,officetel
1034,서울특별시 광진구 구의동,243-13,0243,0013,리버 비스타 구의,월세,18.4600,202603,31,"10,000",55,15,2019,아차산로 417,202606~202806,신규,-,,,officetel
1035,서울특별시 광진구 화양동,17-20,0017,0020,더리브오피스텔,월세,12.5300,202603,31,"9,300",5,2,2011,광나루로16길 9-9,202604~202804,신규,-,,,officetel
1036,서울특별시 광진구 중곡동,190-3,0190,0003,위너스텔,월세,20.7200,202603,31,300,53,3,2003,동일로 418,202604~202703,갱신,-,300,52,officetel
1037,서울특별시 광진구 군자동,473-21,0473,0021,스테이 더 디자이너스 군자,월세,16.9400,202603,31,"1,000",84,9,2020,천호대로 538,202605~202705,신규,-,,,officetel
1038,서울특별시 광진구 화양동,21-20,0021,0020,광진캠퍼스시티,월세,16.0800,202603,30,"1,000",73,11,2017,동일로 178,202604~202704,갱신,-,"1,000",70,officetel
1039,서울특별시 광진구 자양동,779,0779,0000,타워더모스트광진아크로텔,월세,23.9700,202603,30,"1,000",89,9,2014,아차산로 355,202604~202704,갱신,-,"1,000",85,officetel
1040,서울특별시 광진구 자양동,779,0779,0000,타워더모스트광진아크로텔,월세,30.6100,202603,30,"1,000",130,19,2014,아차산로 355,202605~202804,신규,-,,,officetel
1041,서울특별시 광진구 자양동,779,0779,0000,타워더모스트광진아크로텔,월세,23.9700,202603,30,"1,000",95,10,2014,아차산로 355,202605~202705,신규,-,,,officetel
1042,서울특별시 광진구 자양동,779,0779,0000,타워더모스트광진아크로텔,월세,23.9700,202603,30,"1,000",95,12,2014,아차산로 355,202604~202704,갱신,-,"1,000",90,officetel
1043,서울특별시 광진구 자양동,870,0870,0000,이스트폴,월세,23.7100,202603,30,"1,000",109,13,2025,아차산로 400,202604~202704,신규,-,,,officetel
1044,서울특별시 광진구 군자동,473-1,0473,0001,(473-1),월세,18.2000,202603,30,"1,000",89,16,2019,천호대로 530,202604~202704,신규,-,,,officetel
1045,서울특별시 광진구 자양동,680-6,0680,0006,결,전세,26.4300,202603,28,"28,000",0,5,2020,자양로16길 8-3,202605~202805,신규,-,,,officetel
1046,서울특별시 광진구 화양동,21-22,0021,0022,케이타워 오피스텔 B,월세,18.8500,202603,28,"1,000",85,6,2013,동일로30길 23,202605~202805,신규,-,,,officetel
1047,서울특별시 광진구 군자동,473-1,0473,0001,(473-1),월세,18.2000,202603,28,"1,000",95,15,2019,천호대로 530,202604~202704,신규,-,,,officetel
1048,서울특별시 광진구 화양동,21-20,0021,0020,광진캠퍼스시티,월세,16.0800,202603,28,"1,000",75,9,2017,동일로 178,202603~202703,신규,-,,,officetel
1049,서울특별시 광진구 화양동,20-16,0020,0016,(20-16),전세,26.2800,202603,28,"21,000",0,3,2021,광나루로12길 11,202604~202804,신규,-,,,officetel
1050,서울특별시 광진구 화양동,21-20,0021,0020,광진캠퍼스시티,월세,16.0800,202603,27,"1,000",79,20,2017,동일로 178,202604~202704,신규,-,,,officetel
1051,서울특별시 광진구 중곡동,158-8,0158,0008,JS더빌,전세,15.1200,202603,27,"11,100",0,5,2009,능동로38길 15-4,202604~202804,신규,-,,,officetel
1052,서울특별시 광진구 화양동,121-9,0121,0009,더 퍼스트,월세,38.9900,202603,27,"1,000",71,4,2022,능동로19길 49,202604~202804,신규,-,,,officetel
1053,서울특별시 광진구 중곡동,639-6,0639,0006,정익제이타워2차,월세,15.9300,202603,27,500,73,4,2020,천호대로 537,202604~202704,신규,-,,,officetel
1054,서울특별시 광진구 능동,222-2,0222,0002,군자 아델리제,월세,22.9800,202603,27,"2,000",97,6,2019,천호대로 570,202604~202804,신규,-,,,officetel
1055,서울특별시 광진구 자양동,680-14,0680,0014,16에스티뷰,전세,31.3400,202603,27,"29,000",0,5,2019,자양로16길 20-4,202606~202806,신규,-,,,officetel
1056,서울특별시 광진구 화양동,21-20,0021,0020,광진캠퍼스시티,월세,16.0800,202603,26,"1,000",83,19,2017,동일로 178,202604~202704,신규,-,,,officetel
1057,서울특별시 광진구 구의동,243-13,0243,0013,리버 비스타 구의,월세,18.4600,202603,26,"1,000",90,5,2019,아차산로 417,202604~202804,신규,-,,,officetel
1058,서울특별시 광진구 군자동,478-3,0478,0003,(478-3),월세,20.3700,202603,26,"1,000",85,8,2020,군자로 184,202604~202804,갱신,-,"1,000",80,officetel
1059,서울특별시 광진구 화양동,21-23,0021,0023,케이타워 오피스텔 A,월세,19.9300,202603,26,"12,000",18,10,2013,광나루로14길 8,202604~202804,신규,-,,,officetel
1060,서울특별시 광진구 자양동,794,0794,0000,드림타운,월세,27.3300,202603,25,"1,000",65,4,1983,아차산로 312,202605~202805,신규,-,,,officetel
1061,서울특별시 광진구 화양동,20-16,0020,0016,(20-16),전세,26.2800,202603,25,"25,000",0,6,2021,광나루로12길 11,202604~202804,신규,-,,,officetel
1062,서울특별시 광진구 화양동,18-9,0018,0009,화양 디펠리체,월세,20.4500,202603,25,"16,000",20,7,2019,광나루로 358,202603~202803,갱신,-,"19,000",0,officetel
1063,서울특별시 광진구 화양동,20-3,0020,0003,(20-3),전세,25.0700,202603,25,"14,000",0,3,2015,광나루로12길 5,202605~202805,신규,-,,,officetel
1064,서울특별시 광진구 구의동,251-177,0251,0177,솔렌시아,월세,42.2600,202603,25,"26,300",4,5,2015,자양로 154,202604~202804,신규,-,,,officetel
1065,서울특별시 광진구 자양동,779,0779,0000,타워더모스트광진아크로텔,월세,23.9700,202603,24,"1,000",95,16,2014,아차산로 355,202603~202703,신규,-,,,officetel
1066,서울특별시 광진구 화양동,21-20,0021,0020,광진캠퍼스시티,월세,16.0800,202603,24,"1,000",75,4,2017,동일로 178,202604~202703,신규,-,,,officetel
1067,서울특별시 광진구 화양동,527,0527,0000,KCC파크타운,월세,32.1600,202603,24,"1,000",95,10,2005,광나루로 410,202604~202804,신규,-,,,officetel
1068,서울특별시 광진구 화양동,111-35,0111,0035,정익제이타워2차,월세,17.3000,202603,24,"1,000",100,7,2021,광나루로18길 15-1,202603~202702,신규,-,,,officetel
1069,서울특별시 광진구 구의동,252-16,0252,0016,웰츠타워,월세,25.1600,202603,24,"1,000",86,11,2015,자양로 116,202604~202704,신규,-,,,officetel
1070,서울특별시 광진구 군자동,355-1,0355,0001,동원데쟈뷰,월세,17.1600,202603,24,"1,000",92,7,2020,동일로 194,202605~202805,신규,-,,,officetel
1071,서울특별시 광진구 구의동,252-16,0252,0016,웰츠타워,월세,29.7100,202603,24,"1,000",105,7,2015,자양로 116,202604~202704,신규,-,,,officetel
1072,서울특별시 광진구 자양동,2-2,0002,0002,건대입구역자이엘라,전세,18.6000,202603,24,"21,000",0,8,2022,능동로 87,202605~202705,신규,-,,,officetel
1073,서울특별시 광진구 화양동,174,0174,0000,건대 트레비앙 오피스텔,월세,17.4600,202603,23,"3,000",95,9,2023,광나루로 374,202604~202704,신규,-,,,officetel
1074,서울특별시 광진구 자양동,2-3,0002,0003,더 라움 펜트하우스,월세,72.8100,202603,23,"20,000",400,20,2022,능동로 81,202604~202612,신규,-,,,officetel
1075,서울특별시 광진구 구의동,251-34,0251,0034,신도브래뉴오피스텔,월세,30.7100,202603,23,"1,000",77,6,2003,자양로 138,202605~202705,신규,-,,,officetel
1076,서울특별시 광진구 구의동,218-15,0218,0015,와이엔 오피스텔,월세,26.8300,202603,22,"1,000",70,7,2003,아차산로 444,202604~202804,신규,-,,,officetel
1077,서울특별시 광진구 구의동,253-19,0253,0019,센트럴빌,월세,32.1900,202603,22,"15,000",10,10,2003,광나루로 486,202604~202804,신규,-,,,officetel
1078,서울특별시 광진구 중곡동,157-6,0157,0006,아스하임,전세,16.0400,202603,21,"19,800",0,13,2019,천호대로 559,202603~202703,갱신,-,"19,800",0,officetel
1079,서울특별시 광진구 자양동,779,0779,0000,타워더모스트광진아크로텔,월세,23.9700,202603,21,"20,000",8,8,2014,아차산로 355,202605~202805,신규,-,,,officetel
1080,서울특별시 광진구 구의동,589-10,0589,0010,구의아크로리버,월세,39.3400,202603,21,"1,000",90,4,2004,구의강변로 64,202604~202704,신규,-,,,officetel
1081,서울특별시 광진구 화양동,111-12,0111,0012,빌리브 인테라스,전세,16.8800,202603,21,"23,000",0,17,2021,능동로 172,202606~202806,신규,-,,,officetel
1082,서울특별시 광진구 자양동,859,0859,0000,래미안프리미어팰리스,월세,42.4100,202603,21,"10,000",95,4,2017,아차산로 345,202604~202804,갱신,사용,"10,000",90,officetel
1083,서울특별시 광진구 자양동,779,0779,0000,타워더모스트광진아크로텔,월세,23.9700,202603,21,"7,000",72,5,2014,아차산로 355,202604~202804,신규,-,,,officetel
1084,서울특별시 광진구 자양동,861,0861,0000,자양 호반써밋,월세,18.7400,202603,21,"3,000",100,19,2021,능동로 69,202605~202705,신규,-,,,officetel
1085,서울특별시 광진구 화양동,111-12,0111,0012,빌리브 인테라스,전세,16.8800,202603,21,"23,000",0,17,2021,능동로 172,202606~202806,신규,-,,,officetel
1086,서울특별시 광진구 화양동,111-12,0111,0012,빌리브 인테라스,월세,16.8800,202603,21,"10,000",55,11,2021,능동로 172,202604~202804,신규,-,,,officetel
1087,서울특별시 광진구 군자동,473-1,0473,0001,(473-1),월세,18.1000,202603,21,"2,000",90,4,2019,천호대로 530,202604~202704,신규,-,,,officetel
1088,서울특별시 광진구 화양동,174,0174,0000,건대 트레비앙 오피스텔,월세,18.6600,202603,21,"4,000",85,9,2023,광나루로 374,202604~202704,신규,-,,,officetel
1089,서울특별시 광진구 중곡동,639-6,0639,0006,정익제이타워2차,월세,15.9300,202603,21,"1,000",95,5,2020,천호대로 537,202603~202703,신규,-,,,officetel
1090,서울특별시 광진구 화양동,21-22,0021,0022,케이타워 오피스텔 B,월세,18.8500,202603,20,"1,500",80,18,2013,동일로30길 23,202604~202804,신규,-,,,officetel
1091,서울특별시 광진구 화양동,111-12,0111,0012,빌리브 인테라스,월세,16.8800,202603,20,"10,000",60,18,2021,능동로 172,202603~202803,신규,-,,,officetel
1092,서울특별시 광진구 중곡동,639-6,0639,0006,정익제이타워2차,월세,15.9300,202603,20,"5,000",80,12,2020,천호대로 537,202604~202704,신규,-,,,officetel
1093,서울특별시 광진구 화양동,111-102,0111,0102,아스하임,전세,18.9400,202603,20,"20,000",0,5,2018,광나루로 382,202604~202804,신규,-,,,officetel
1094,서울특별시 광진구 화양동,193,0193,0000,하이뷰오피스텔,전세,18.4300,202603,20,"23,000",0,13,2020,광나루로 386,202604~202804,신규,-,,,officetel
1095,서울특별시 광진구 화양동,17-20,0017,0020,더리브오피스텔,전세,19.5400,202603,20,"15,000",0,2,2011,광나루로16길 9-9,202604~202804,신규,-,,,officetel
1096,서울특별시 광진구 능동,222-7,0222,0007,(222-7),월세,31.7400,202603,20,"8,000",67,3,2017,능동로36길 29,202605~202805,신규,-,,,officetel
1097,서울특별시 광진구 자양동,859,0859,0000,래미안프리미어팰리스,전세,35.3900,202603,20,"27,900",0,4,2017,아차산로 345,202605~202805,신규,-,,,officetel
1098,서울특별시 광진구 자양동,870,0870,0000,이스트폴,월세,22.4600,202603,20,"1,000",99,14,2025,아차산로 400,202605~202705,갱신,-,"1,000",98,officetel
1099,서울특별시 광진구 구의동,547-7,0547,0007,광진해모로리버뷰,월세,40.4700,202603,20,"3,000",120,2,2009,강변역로4길 56,202605~202805,신규,-,,,officetel
1100,서울특별시 광진구 군자동,473-1,0473,0001,(473-1),월세,16.6800,202603,20,"1,000",90,14,2019,천호대로 530,202605~202805,신규,-,,,officetel
1101,서울특별시 광진구 구의동,71-5,0071,0005,(71-5),월세,24.2100,202603,20,"1,000",100,7,2025,자양로 260,202603~202803,신규,-,,,officetel
1102,서울특별시 광진구 화양동,21-22,0021,0022,케이타워 오피스텔 B,월세,18.8500,202603,19,"11,000",35,4,2013,동일로30길 23,202604~202804,신규,-,,,officetel
1103,서울특별시 광진구 자양동,779,0779,0000,타워더모스트광진아크로텔,월세,23.9700,202603,18,"6,000",73,16,2014,아차산로 355,202604~202804,신규,-,,,officetel
1104,서울특별시 광진구 자양동,870,0870,0000,이스트폴,월세,24.2100,202603,18,"1,000",110,10,2025,아차산로 400,202603~202703,신규,-,,,officetel
1105,서울특별시 광진구 군자동,473-21,0473,0021,스테이 더 디자이너스 군자,월세,16.9400,202603,18,"15,750",23,3,2020,천호대로 538,202603~202803,신규,-,,,officetel
1106,서울특별시 광진구 군자동,355-1,0355,0001,동원데쟈뷰,월세,17.1600,202603,18,"2,000",80,10,2020,동일로 194,202603~202803,갱신,-,"2,000",76,officetel
1107,서울특별시 광진구 구의동,252-16,0252,0016,웰츠타워,월세,29.8900,202603,18,"1,000",104,8,2015,자양로 116,202604~202704,신규,-,,,officetel
1108,서울특별시 광진구 중곡동,639-6,0639,0006,정익제이타워2차,월세,15.9300,202603,18,"1,000",89,8,2020,천호대로 537,202604~202704,신규,-,,,officetel
1109,서울특별시 광진구 구의동,243-13,0243,0013,리버 비스타 구의,월세,21.0000,202603,18,"1,000",85,12,2019,아차산로 417,202603~202610,신규,-,,,officetel
1110,서울특별시 광진구 화양동,18-9,0018,0009,화양 디펠리체,월세,20.4500,202603,18,"2,000",80,11,2019,광나루로 358,202603~202609,갱신,-,"2,000",55,officetel
1111,서울특별시 광진구 화양동,18-9,0018,0009,화양 디펠리체,월세,20.2800,202603,18,"1,000",77,4,2019,광나루로 358,202603~202703,신규,-,,,officetel
1112,서울특별시 광진구 구의동,246-1,0246,0001,테라펠리스 건대 3차,월세,17.1900,202603,17,60,44,7,2021,아차산로55길 11,202603~202806,신규,-,,,officetel
1113,서울특별시 광진구 화양동,21-20,0021,0020,광진캠퍼스시티,월세,16.0800,202603,17,"1,000",76,6,2017,동일로 178,202604~202704,갱신,사용,"1,000",72,officetel
1114,서울특별시 광진구 화양동,21-20,0021,0020,광진캠퍼스시티,월세,16.0800,202603,17,"1,000",76,3,2017,동일로 178,202604~202704,갱신,사용,"1,000",72,officetel
1115,서울특별시 광진구 화양동,17-16,0017,0016,아스하임,월세,18.8300,202603,17,"1,000",80,8,2016,군자로 43,202605~202708,신규,-,,,officetel
1116,서울특별시 광진구 화양동,20-16,0020,0016,(20-16),전세,26.2800,202603,17,"25,000",0,5,2021,광나루로12길 11,202603~202803,신규,-,,,officetel
1117,서울특별시 광진구 중곡동,639-6,0639,0006,정익제이타워2차,월세,15.9300,202603,17,"1,000",89,7,2020,천호대로 537,202603~202703,갱신,-,"1,000",85,officetel
1118,서울특별시 광진구 군자동,361-26,0361,0026,디엠세븐세종,월세,15.6900,202603,17,"1,000",100,13,2026,광나루로 381,202603~202703,신규,-,,,officetel
1119,서울특별시 광진구 군자동,473-21,0473,0021,스테이 더 디자이너스 군자,월세,16.9400,202603,17,"2,000",95,14,2020,천호대로 538,202603~202703,신규,-,,,officetel
1120,서울특별시 광진구 자양동,779,0779,0000,타워더모스트광진아크로텔,월세,23.9700,202603,17,"1,000",83,15,2014,아차산로 355,202604~202704,신규,-,,,officetel
1121,서울특별시 광진구 자양동,870,0870,0000,이스트폴,월세,23.7100,202603,17,"1,000",115,14,2025,아차산로 400,202605~202705,갱신,-,"1,000",113,officetel
1122,서울특별시 광진구 자양동,219-8,0219,0008,제이 타워,월세,14.1200,202603,17,60,33,8,2020,아차산로 356,202603~202806,신규,-,,,officetel
1123,서울특별시 광진구 자양동,779,0779,0000,타워더모스트광진아크로텔,월세,23.9700,202603,17,"1,000",83,15,2014,아차산로 355,202604~202704,신규,-,,,officetel
1124,서울특별시 광진구 화양동,174,0174,0000,건대 트레비앙 오피스텔,월세,17.4600,202603,16,"1,000",105,10,2023,광나루로 374,202604~202704,신규,-,,,officetel
1125,서울특별시 광진구 구의동,243-2,0243,0002,베스트 트레드빌,월세,26.8400,202603,16,"1,000",70,12,2004,자양로18길 96,202604~202804,신규,-,,,officetel
1126,서울특별시 광진구 군자동,361-26,0361,0026,디엠세븐세종,월세,14.3700,202603,16,"1,000",100,12,2026,광나루로 381,202603~202803,신규,-,,,officetel
1127,서울특별시 광진구 구의동,218-12,0218,0012,다성리버텔,월세,33.9700,202603,16,"1,000",80,6,2002,아차산로 452,202604~202804,신규,-,,,officetel
1128,서울특별시 광진구 군자동,361-26,0361,0026,디엠세븐세종,전세,15.5200,202603,16,"18,000",0,8,2026,광나루로 381,202604~202804,신규,-,,,officetel
1129,서울특별시 광진구 중곡동,639-6,0639,0006,정익제이타워2차,월세,15.9300,202603,16,"1,000",90,9,2020,천호대로 537,202603~202703,신규,-,,,officetel
1130,서울특별시 광진구 화양동,174,0174,0000,건대 트레비앙 오피스텔,전세,17.4600,202603,16,"22,000",0,8,2023,광나루로 374,202604~202804,신규,-,,,officetel
1131,서울특별시 광진구 화양동,2-10,0002,0010,테라팰리스 건대4차,월세,38.2000,202603,16,"2,000",190,6,2023,능동로 157,202603~202703,신규,-,,,officetel
1132,서울특별시 광진구 중곡동,639-4,0639,0004,정익제이타워1차,월세,16.2200,202603,16,"1,000",85,6,2018,천호대로 531-1,202605~202705,신규,-,,,officetel
1133,서울특별시 광진구 자양동,779,0779,0000,타워더모스트광진아크로텔,월세,23.9700,202603,16,"1,000",95,13,2014,아차산로 355,202603~202703,신규,-,,,officetel
1134,서울특별시 광진구 자양동,779,0779,0000,타워더모스트광진아크로텔,월세,23.9700,202603,16,"1,000",94,21,2014,아차산로 355,202605~202705,신규,-,,,officetel
1135,서울특별시 광진구 광장동,396-13,0396,0013,(396-13),월세,95.2600,202603,15,"40,000",80,8,2000,천호대로 796,-,-,-,,,officetel
1136,서울특별시 광진구 중곡동,639-6,0639,0006,정익제이타워2차,월세,15.9300,202603,14,"3,000",80,7,2020,천호대로 537,202603~202703,신규,-,,,officetel
1137,서울특별시 광진구 군자동,473-21,0473,0021,스테이 더 디자이너스 군자,월세,16.9400,202603,14,"5,000",65,11,2020,천호대로 538,202604~202704,갱신,-,"5,000",63,officetel
1138,서울특별시 광진구 화양동,527,0527,0000,KCC파크타운,월세,25.7900,202603,14,"1,000",80,9,2005,광나루로 410,202603~202703,신규,-,,,officetel
1139,서울특별시 광진구 화양동,174,0174,0000,건대 트레비앙 오피스텔,월세,17.4600,202603,14,"1,000",105,6,2023,광나루로 374,202603~202703,신규,-,,,officetel
1140,서울특별시 광진구 화양동,111-35,0111,0035,정익제이타워2차,월세,17.3000,202603,14,"1,000",100,4,2021,광나루로18길 15-1,202604~202704,신규,-,,,officetel
1141,서울특별시 광진구 구의동,251-16,0251,0016,롯데홈타워빌,전세,37.6000,202603,14,"28,600",0,5,2018,자양로 154-11,202604~202804,신규,-,,,officetel
1142,서울특별시 광진구 구의동,218-12,0218,0012,다성리버텔,월세,33.9700,202603,14,"2,000",80,8,2002,아차산로 452,202603~202803,갱신,-,"2,000",70,officetel
1143,서울특별시 광진구 광장동,108,0108,0000,효성리버카운티,월세,27.8000,202603,14,"1,000",63,6,2003,아차산로78길 56,202605~202805,갱신,-,"1,000",60,officetel
1144,서울특별시 광진구 화양동,193,0193,0000,하이뷰오피스텔,월세,18.4300,202603,14,"1,000",92,5,2020,광나루로 386,202605~202705,신규,-,,,officetel
1145,서울특별시 광진구 화양동,17-16,0017,0016,아스하임,월세,18.8300,202603,14,"1,000",95,7,2016,군자로 43,202603~202703,신규,-,,,officetel
1146,서울특별시 광진구 화양동,17-16,0017,0016,아스하임,월세,18.8300,202603,14,"1,000",82,3,2016,군자로 43,202603~202703,신규,-,,,officetel
1147,서울특별시 광진구 화양동,21-22,0021,0022,케이타워 오피스텔 B,월세,18.8500,202603,13,"10,000",40,13,2013,동일로30길 23,202604~202804,신규,-,,,officetel
1148,서울특별시 광진구 화양동,193,0193,0000,하이뷰오피스텔,월세,18.4300,202603,13,"7,000",50,8,2020,광나루로 386,202605~202805,갱신,-,"7,000",50,officetel
1149,서울특별시 광진구 화양동,193,0193,0000,하이뷰오피스텔,전세,18.5700,202603,13,"22,500",0,10,2020,광나루로 386,202605~202805,신규,-,,,officetel
1150,서울특별시 광진구 구의동,246-14,0246,0014,크레신타워3차,월세,25.3500,202603,13,"1,000",77,11,2006,아차산로 375,202603~202703,신규,-,,,officetel
1151,서울특별시 광진구 군자동,473-21,0473,0021,스테이 더 디자이너스 군자,월세,16.9400,202603,13,"15,500",30,14,2020,천호대로 538,202604~202804,신규,-,,,officetel
1152,서울특별시 광진구 군자동,473-21,0473,0021,스테이 더 디자이너스 군자,월세,16.9400,202603,13,"5,000",65,3,2020,천호대로 538,202605~202705,신규,-,,,officetel
1153,서울특별시 광진구 중곡동,639-6,0639,0006,정익제이타워2차,월세,15.9300,202603,13,"17,000",15,13,2020,천호대로 537,202605~202805,신규,-,,,officetel
1154,서울특별시 광진구 자양동,2-2,0002,0002,건대입구역자이엘라,전세,18.1000,202603,12,"23,100",0,9,2022,능동로 87,202605~202805,신규,-,,,officetel
1155,서울특별시 광진구 구의동,252-16,0252,0016,웰츠타워,월세,24.8200,202603,11,"1,000",90,15,2015,자양로 116,202603~202703,신규,-,,,officetel
1156,서울특별시 광진구 중곡동,648-14,0648,0014,아지(AZ)0213,월세,20.6400,202603,11,"3,000",75,7,2015,능동로37길 6,202603~202703,신규,-,,,officetel
1157,서울특별시 광진구 중곡동,190-3,0190,0003,위너스텔,월세,20.3500,202603,11,500,55,6,2003,동일로 418,202603~202703,신규,-,,,officetel
1158,서울특별시 광진구 광장동,530-7,0530,0007,광장동 이노빌 오피스텔,월세,95.2800,202603,11,"45,000",100,8,2005,광나루로 585,202606~202806,신규,-,,,officetel
1159,서울특별시 광진구 군자동,355-1,0355,0001,동원데쟈뷰,월세,17.1600,202603,11,"19,000",8,10,2020,동일로 194,202604~202804,신규,-,,,officetel
1160,서울특별시 광진구 군자동,473-21,0473,0021,스테이 더 디자이너스 군자,월세,16.9400,202603,11,"15,700",25,4,2020,천호대로 538,202603~202802,갱신,-,"16,000",20,officetel
1161,서울특별시 광진구 구의동,243-13,0243,0013,리버 비스타 구의,전세,19.7900,202603,11,"17,800",0,7,2019,아차산로 417,202605~202805,신규,-,,,officetel
1162,서울특별시 광진구 구의동,243-13,0243,0013,리버 비스타 구의,월세,20.8700,202603,11,"1,000",95,10,2019,아차산로 417,202604~202704,신규,-,,,officetel
1163,서울특별시 광진구 구의동,253-19,0253,0019,센트럴빌,월세,32.1900,202603,11,"6,000",60,9,2003,광나루로 486,202604~202704,갱신,-,"6,000",55,officetel
1164,서울특별시 광진구 구의동,243-56,0243,0056,아스하임,월세,30.1800,202603,11,"18,000",20,3,2014,자양로18길 84,202605~202805,신규,-,,,officetel
1165,서울특별시 광진구 화양동,193,0193,0000,하이뷰오피스텔,월세,18.5700,202603,10,"20,000",15,5,2020,광나루로 386,202605~202805,신규,-,,,officetel
1166,서울특별시 광진구 화양동,21-23,0021,0023,케이타워 오피스텔 A,월세,19.9300,202603,10,"1,000",70,7,2013,광나루로14길 8,202604~202704,신규,-,,,officetel
1167,서울특별시 광진구 화양동,20-16,0020,0016,(20-16),전세,26.2800,202603,10,"25,000",0,4,2021,광나루로12길 11,202604~202804,신규,-,,,officetel
1168,서울특별시 광진구 구의동,246-1,0246,0001,테라펠리스 건대 3차,월세,17.1900,202603,10,"4,926",20,8,2021,아차산로55길 11,202607~202806,갱신,-,"4,923",18,officetel
1169,서울특별시 광진구 자양동,859,0859,0000,래미안프리미어팰리스,월세,54.1100,202603,10,"10,000",138,4,2017,아차산로 345,202603~202703,갱신,사용,"10,000",130,officetel
1170,서울특별시 광진구 구의동,199-14,0199,0014,(199-14),월세,32.8500,202603,10,"12,800",15,8,2001,광나루로54길 20,202605~202805,갱신,-,"12,000",15,officetel
1171,서울특별시 광진구 구의동,252-16,0252,0016,웰츠타워,월세,24.8200,202603,10,"1,000",90,14,2015,자양로 116,202604~202704,신규,-,,,officetel
1172,서울특별시 광진구 화양동,193,0193,0000,하이뷰오피스텔,월세,18.5700,202603,10,"3,000",80,13,2020,광나루로 386,202605~202805,신규,-,,,officetel
1173,서울특별시 광진구 군자동,473-1,0473,0001,(473-1),월세,18.0800,202603,10,"1,000",95,13,2019,천호대로 530,202603~202703,신규,-,,,officetel
1174,서울특별시 광진구 자양동,2-3,0002,0003,더 라움 펜트하우스,월세,58.8200,202603,09,"5,000",380,6,2022,능동로 81,202603~202703,신규,-,,,officetel
1175,서울특별시 광진구 중곡동,648-14,0648,0014,아지(AZ)0213,월세,20.6400,202603,09,"1,000",70,7,2015,능동로37길 6,202603~202703,신규,-,,,officetel
1176,서울특별시 광진구 구의동,243-2,0243,0002,베스트 트레드빌,월세,26.8400,202603,09,"1,000",70,6,2004,자양로18길 96,202604~202804,신규,-,,,officetel
1177,서울특별시 광진구 구의동,633-4,0633,0004,진성파크뷰,월세,31.6500,202603,09,"5,000",150,5,2022,광나루로30길 3,202603~202803,신규,-,,,officetel
1178,서울특별시 광진구 구의동,243-71,0243,0071,구의동 벨라로사 오피스텔,월세,20.9400,202603,09,"20,000",13,12,2019,아차산로 405,202603~202803,갱신,사용,"20,000",10,officetel
1179,서울특별시 광진구 중곡동,649-11,0649,0011,평강오피스텔,월세,28.4000,202603,09,200,100,5,2020,능동로37길 9,202603~202609,신규,-,,,officetel
1180,서울특별시 광진구 화양동,93-1,0093,0001,DM7 건대,월세,43.8400,202603,09,"5,000",180,10,2024,광나루로20길 40,202604~202804,신규,-,,,officetel
1181,서울특별시 광진구 화양동,111-12,0111,0012,빌리브 인테라스,월세,16.8800,202603,09,"1,000",100,16,2021,능동로 172,202603~202703,신규,-,,,officetel
1182,서울특별시 광진구 화양동,21-20,0021,0020,광진캠퍼스시티,월세,16.0800,202603,09,"1,000",70,11,2017,동일로 178,202603~202703,신규,-,,,officetel
1183,서울특별시 광진구 중곡동,157-6,0157,0006,아스하임,전세,16.7300,202603,09,"19,000",0,10,2019,천호대로 559,202605~202805,신규,-,,,officetel
1184,서울특별시 광진구 중곡동,639-4,0639,0004,정익제이타워1차,월세,15.9700,202603,09,500,89,13,2018,천호대로 531-1,202604~202704,갱신,-,500,85,officetel
1185,서울특별시 광진구 구의동,251-161,0251,0161,하우트빌,전세,44.9800,202603,08,"36,000",0,6,2020,자양로 154-9,202605~202805,신규,-,,,officetel
1186,서울특별시 광진구 군자동,361-26,0361,0026,디엠세븐세종,월세,15.6900,202603,07,"1,000",100,12,2026,광나루로 381,202603~202703,신규,-,,,officetel
1187,서울특별시 광진구 광장동,108,0108,0000,효성리버카운티,월세,27.8000,202603,07,"10,000",20,7,2003,아차산로78길 56,202603~202803,신규,-,,,officetel
1188,서울특별시 광진구 화양동,111-35,0111,0035,정익제이타워2차,월세,17.6100,202603,07,"1,000",100,8,2021,광나루로18길 15-1,202603~202703,신규,-,,,officetel
1189,서울특별시 광진구 중곡동,639-6,0639,0006,정익제이타워2차,월세,15.9300,202603,07,"16,000",15,14,2020,천호대로 537,202604~202803,갱신,-,"19,000",10,officetel
1190,서울특별시 광진구 구의동,589-10,0589,0010,구의아크로리버,전세,41.0400,202603,07,"21,600",0,4,2004,구의강변로 64,202603~202803,신규,-,,,officetel
1191,서울특별시 광진구 구의동,243-13,0243,0013,리버 비스타 구의,월세,22.0600,202603,07,"10,000",51,14,2019,아차산로 417,202604~202704,신규,-,,,officetel
1192,서울특별시 광진구 화양동,23-37,0023,0037,까사펠리즈 화양,월세,27.2100,202603,07,"17,000",45,4,2025,광나루로12길 20,202604~202804,신규,-,,,officetel
1193,서울특별시 광진구 중곡동,157-6,0157,0006,아스하임,월세,16.7300,202603,07,"1,000",77,6,2019,천호대로 559,202603~202703,신규,-,,,officetel
1194,서울특별시 광진구 군자동,355-1,0355,0001,동원데쟈뷰,월세,17.1600,202603,07,"4,000",70,8,2020,동일로 194,202603~202703,갱신,-,"5,000",70,officetel
1195,서울특별시 광진구 군자동,361-26,0361,0026,디엠세븐세종,월세,15.5200,202603,06,500,105,11,2026,광나루로 381,202603~202703,신규,-,,,officetel
1196,서울특별시 광진구 중곡동,157-6,0157,0006,아스하임,월세,16.0400,202603,06,"2,000",100,11,2019,천호대로 559,202603~202703,신규,-,,,officetel
1197,서울특별시 광진구 중곡동,639-4,0639,0004,정익제이타워1차,월세,16.3700,202603,06,"1,000",90,14,2018,천호대로 531-1,202603~202703,신규,-,,,officetel
1198,서울특별시 광진구 중곡동,190-3,0190,0003,위너스텔,월세,20.3500,202603,06,500,55,4,2003,동일로 418,202603~202803,신규,-,,,officetel
1199,서울특별시 광진구 중곡동,648-14,0648,0014,아지(AZ)0213,월세,20.4400,202603,06,"1,000",83,10,2015,능동로37길 6,202604~202704,신규,-,,,officetel
1200,서울특별시 광진구 구의동,667,0667,0000,강변에스케이뷰,월세,28.0100,202603,06,"20,700",5,2,2017,아차산로 431,202605~202805,신규,-,,,officetel
1201,서울특별시 광진구 군자동,361-26,0361,0026,디엠세븐세종,월세,15.5200,202603,06,"1,000",100,10,2026,광나루로 381,202603~202703,신규,-,,,officetel
1202,서울특별시 광진구 구의동,252-16,0252,0016,웰츠타워,월세,43.6100,202603,06,"1,000",140,5,2015,자양로 116,202603~202703,신규,-,,,officetel
1203,서울특별시 광진구 구의동,246-38,0246,0038,구의역 에떼르넬 비욘드,월세,23.7600,202603,05,"1,000",130,7,2024,아차산로 391,202603~202703,신규,-,,,officetel
1204,서울특별시 광진구 화양동,302-24,0302,0024,(302-24),월세,24.9000,202603,05,"2,000",75,2,2002,광나루로 454,202603~202803,신규,-,,,officetel
1205,서울특별시 광진구 화양동,21-20,0021,0020,광진캠퍼스시티,월세,17.4900,202603,05,"12,500",30,5,2017,동일로 178,202604~202804,신규,-,,,officetel
1206,서울특별시 광진구 화양동,21-20,0021,0020,광진캠퍼스시티,월세,16.0800,202603,05,"1,000",75,8,2017,동일로 178,202603~202703,신규,-,,,officetel
1207,서울특별시 광진구 구의동,253-19,0253,0019,센트럴빌,월세,32.1900,202603,05,"4,000",58,2,2003,광나루로 486,202603~202803,신규,-,,,officetel
1208,서울특별시 광진구 구의동,252-16,0252,0016,웰츠타워,월세,24.8200,202603,05,"1,000",86,6,2015,자양로 116,202603~202703,신규,-,,,officetel
1209,서울특별시 광진구 군자동,473-1,0473,0001,(473-1),월세,18.1000,202603,05,"1,000",83,12,2019,천호대로 530,202603~202703,신규,-,,,officetel
1210,서울특별시 광진구 자양동,227-7,0227,0007,더샵스타시티,전세,174.2400,202603,05,"126,000",0,11,2007,아차산로 262,202605~202705,갱신,사용,"120,000",0,officetel
1211,서울특별시 광진구 자양동,680-6,0680,0006,결,월세,23.7800,202603,05,"20,000",30,6,2020,자양로16길 8-3,202604~202804,신규,-,,,officetel
1212,서울특별시 광진구 화양동,17-20,0017,0020,더리브오피스텔,전세,19.4300,202603,04,"16,000",0,7,2011,광나루로16길 9-9,202604~202804,신규,-,,,officetel
1213,서울특별시 광진구 능동,222-2,0222,0002,군자 아델리제,전세,17.6500,202603,04,"19,000",0,10,2019,천호대로 570,202604~202804,신규,-,,,officetel
1214,서울특별시 광진구 화양동,174,0174,0000,건대 트레비앙 오피스텔,월세,17.4600,202603,04,"1,000",104,7,2023,광나루로 374,202603~202703,신규,-,,,officetel
1215,서울특별시 광진구 화양동,193,0193,0000,하이뷰오피스텔,월세,18.5700,202603,04,"23,400",5,11,2020,광나루로 386,202605~202805,신규,-,,,officetel
1216,서울특별시 광진구 중곡동,648-14,0648,0014,아지(AZ)0213,월세,20.4400,202603,03,"1,000",85,8,2015,능동로37길 6,202603~202703,신규,-,,,officetel
1217,서울특별시 광진구 군자동,473-21,0473,0021,스테이 더 디자이너스 군자,월세,16.9400,202603,03,"2,000",84,9,2020,천호대로 538,202603~202703,신규,-,,,officetel
1218,서울특별시 광진구 군자동,361-26,0361,0026,디엠세븐세종,월세,14.0000,202603,03,"2,000",100,12,2026,광나루로 381,202603~202703,신규,-,,,officetel
1219,서울특별시 광진구 군자동,361-26,0361,0026,디엠세븐세종,월세,15.5200,202603,03,"1,000",100,7,2026,광나루로 381,202603~202703,신규,-,,,officetel
1220,서울특별시 광진구 화양동,23-5,0023,0005,더 메종 건대,월세,18.8300,202603,03,"1,000",100,15,2022,동일로 174,202604~202704,신규,-,,,officetel
1221,서울특별시 광진구 중곡동,648-14,0648,0014,아지(AZ)0213,월세,20.6400,202603,03,"1,000",80,4,2015,능동로37길 6,202603~202803,신규,-,,,officetel
1222,서울특별시 광진구 자양동,861,0861,0000,자양 호반써밋,전세,18.7400,202603,03,"24,000",0,12,2021,능동로 69,202604~202804,신규,-,,,officetel
1223,서울특별시 광진구 군자동,361-26,0361,0026,디엠세븐세종,월세,15.8400,202603,02,"1,000",105,11,2026,광나루로 381,202603~202703,신규,-,,,officetel
1224,서울특별시 광진구 화양동,111-88,0111,0088,신원리브웰 화양동 주상복합,월세,15.2700,202603,02,"1,000",90,7,2019,능동로 170,202603~202803,신규,-,,,officetel
1225,서울특별시 광진구 자양동,2-3,0002,0003,더 라움 펜트하우스,월세,58.8200,202603,02,"5,000",390,11,2022,능동로 81,202603~202703,갱신,-,"5,000",380,officetel
1226,서울특별시 광진구 화양동,29-25,0029,0025,DM7 화양,월세,14.1000,202603,02,"1,000",100,10,2025,능동로16길 12,202603~202803,신규,-,,,officetel
1227,서울특별시 광진구 구의동,246-14,0246,0014,크레신타워3차,월세,25.3500,202603,02,"1,000",77,15,2006,아차산로 375,202603~202703,신규,-,,,officetel
1228,서울특별시 광진구 구의동,246-1,0246,0001,테라펠리스 건대 3차,월세,17.0500,202603,02,"3,000",81,5,2021,아차산로55길 11,202603~202703,신규,-,,,officetel
1229,서울특별시 광진구 구의동,667,0667,0000,강변에스케이뷰,전세,28.0100,202603,02,"20,500",0,2,2017,아차산로 431,202603~202803,갱신,사용,"20,500",0,officetel
1230,서울특별시 광진구 구의동,251-34,0251,0034,신도브래뉴오피스텔,월세,33.1500,202603,02,"1,000",75,8,2003,자양로 138,202604~202704,신규,-,,,officetel
1231,서울특별시 광진구 화양동,111-12,0111,0012,빌리브 인테라스,월세,16.8800,202603,02,"21,000",15,11,2021,능동로 172,202604~202804,신규,-,,,officetel
1232,서울특별시 광진구 군자동,361-26,0361,0026,디엠세븐세종,월세,14.0100,202603,01,"1,000",100,12,2026,광나루로 381,202603~202702,신규,-,,,officetel
1233,서울특별시 광진구 화양동,94-9,0094,0009,화양동 프라하임,전세,26.8500,202603,01,"34,000",0,13,2022,능동로 165-1,202605~202805,신규,-,,,officetel
1234,서울특별시 광진구 군자동,361-26,0361,0026,디엠세븐세종,월세,15.5300,202603,01,"1,000",100,10,2026,광나루로 381,202603~202702,신규,-,,,officetel
1235,서울특별시 광진구 구의동,251-177,0251,0177,솔렌시아,월세,42.1000,202603,01,"3,000",130,5,2015,자양로 154,202603~202802,신규,-,,,officetel
1236,서울특별시 광진구 화양동,21-20,0021,0020,광진캠퍼스시티,월세,17.4900,202602,28,"12,000",30,4,2017,동일로 178,202602~202802,신규,-,,,officetel
1237,서울특별시 광진구 구의동,251-31,0251,0031,로젠스톤,월세,19.7100,202602,28,"12,000",25,5,2017,자양로 144,202604~202804,신규,-,,,officetel
1238,서울특별시 광진구 중곡동,639-6,0639,0006,정익제이타워2차,월세,15.9300,202602,28,"1,000",90,6,2020,천호대로 537,202603~202703,신규,-,,,officetel
1239,서울특별시 광진구 구의동,253-19,0253,0019,센트럴빌,월세,32.1900,202602,28,"3,000",65,5,2003,광나루로 486,202604~202804,신규,-,,,officetel
1240,서울특별시 광진구 구의동,243-71,0243,0071,구의동 벨라로사 오피스텔,전세,20.9400,202602,28,"21,000",0,12,2019,아차산로 405,202603~202803,갱신,사용,"20,380",0,officetel
1241,서울특별시 광진구 구의동,199-8,0199,0008,(199-8),월세,27.0300,202602,28,"3,000",90,9,2017,아차산로 480,202603~202803,갱신,사용,"3,000",85,officetel
1242,서울특별시 광진구 자양동,779,0779,0000,타워더모스트광진아크로텔,월세,23.9700,202602,28,"1,000",95,22,2014,아차산로 355,202602~202702,갱신,사용,"1,000",90,officetel
1243,서울특별시 광진구 자양동,861,0861,0000,자양 호반써밋,월세,21.3800,202602,28,"10,000",75,14,2021,능동로 69,202602~202802,신규,-,,,officetel
1244,서울특별시 광진구 군자동,361-26,0361,0026,디엠세븐세종,월세,14.0000,202602,28,"1,000",100,12,2026,광나루로 381,202603~202702,신규,-,,,officetel
1245,서울특별시 광진구 군자동,361-26,0361,0026,디엠세븐세종,월세,15.5300,202602,28,"1,000",100,12,2026,광나루로 381,202602~202702,신규,-,,,officetel
1246,서울특별시 광진구 화양동,21-20,0021,0020,광진캠퍼스시티,월세,16.0800,202602,28,"1,000",75,14,2017,동일로 178,202602~202702,신규,-,,,officetel
1247,서울특별시 광진구 화양동,174,0174,0000,건대 트레비앙 오피스텔,월세,17.4600,202602,28,"1,000",105,7,2023,광나루로 374,202602~202702,신규,-,,,officetel
1248,서울특별시 광진구 화양동,23-37,0023,0037,까사펠리즈 화양,월세,22.0100,202602,28,"15,000",30,3,2025,광나루로12길 20,202603~202803,신규,-,,,officetel
1249,서울특별시 광진구 화양동,21-23,0021,0023,케이타워 오피스텔 A,월세,19.7800,202602,28,"1,000",80,8,2013,광나루로14길 8,202603~202803,신규,-,,,officetel
1250,서울특별시 광진구 화양동,111-35,0111,0035,정익제이타워2차,월세,17.3000,202602,28,"1,000",100,3,2021,광나루로18길 15-1,202602~202702,신규,-,,,officetel
1251,서울특별시 광진구 군자동,355-1,0355,0001,동원데쟈뷰,월세,17.1600,202602,27,"15,000",38,2,2020,동일로 194,202606~202806,갱신,사용,"15,000",35,officetel
1252,서울특별시 광진구 자양동,2-2,0002,0002,건대입구역자이엘라,전세,18.6000,202602,27,"27,500",0,13,2022,능동로 87,202602~202802,신규,-,,,officetel
1253,서울특별시 광진구 자양동,767-4,0767,0004,자양오피스텔,전세,30.2400,202602,27,"7,800",0,9,1999,자양로 135,202602~202802,갱신,사용,"10,000",0,officetel
1254,서울특별시 광진구 구의동,547-7,0547,0007,광진해모로리버뷰,월세,49.9200,202602,27,"5,000",80,1,2009,강변역로4길 56,202603~202803,신규,-,,,officetel
1255,서울특별시 광진구 구의동,598-2,0598,0002,평강오피스텔,월세,26.5200,202602,27,"2,000",70,3,2003,구의강변로 27,202603~202703,신규,-,,,officetel
1256,서울특별시 광진구 중곡동,648-14,0648,0014,아지(AZ)0213,월세,20.6400,202602,27,"1,000",80,11,2015,능동로37길 6,202602~202702,신규,-,,,officetel
1257,서울특별시 광진구 화양동,20-30,0020,0030,(20-30),월세,17.6800,202602,27,"5,000",85,5,2021,동일로30길 16,202603~202703,신규,-,,,officetel
1258,서울특별시 광진구 화양동,110-37,0110,0037,화양타워,월세,34.6200,202602,27,"1,000",105,5,1999,능동로19길 47,202602~202802,신규,-,,,officetel
1259,서울특별시 광진구 화양동,23-37,0023,0037,까사펠리즈 화양,월세,22.0100,202602,27,"2,000",95,4,2025,광나루로12길 20,202602~202702,신규,-,,,officetel
1260,서울특별시 광진구 화양동,174,0174,0000,건대 트레비앙 오피스텔,월세,17.4600,202602,27,"1,000",105,5,2023,광나루로 374,202603~202702,신규,-,,,officetel
1261,서울특별시 광진구 화양동,302-24,0302,0024,(302-24),월세,24.9000,202602,27,"2,000",70,4,2002,광나루로 454,202602~202802,신규,-,,,officetel
1262,서울특별시 광진구 화양동,174,0174,0000,건대 트레비앙 오피스텔,월세,17.4600,202602,27,"1,000",116,17,2023,광나루로 374,202602~202702,신규,-,,,officetel
1263,서울특별시 광진구 구의동,243-71,0243,0071,구의동 벨라로사 오피스텔,월세,20.9400,202602,27,"20,000",4,11,2019,아차산로 405,202603~202803,갱신,-,"20,000",2,officetel
1264,서울특별시 광진구 군자동,361-26,0361,0026,디엠세븐세종,월세,15.5200,202602,26,"1,000",100,9,2026,광나루로 381,202602~202702,신규,-,,,officetel
1265,서울특별시 광진구 화양동,110-37,0110,0037,화양타워,월세,38.6400,202602,26,"1,000",100,4,1999,능동로19길 47,202602~202802,신규,-,,,officetel
1266,서울특별시 광진구 구의동,252-16,0252,0016,웰츠타워,월세,24.8200,202602,26,"1,000",90,17,2015,자양로 116,202603~202703,신규,-,,,officetel
1267,서울특별시 광진구 화양동,111-89,0111,0089,(111-89),월세,16.9300,202602,26,"1,000",90,4,2021,광나루로20길 34,202602~202802,신규,-,,,officetel
1268,서울특별시 광진구 화양동,111-12,0111,0012,빌리브 인테라스,월세,16.8800,202602,26,"21,000",15,3,2021,능동로 172,202602~202802,신규,-,,,officetel
1269,서울특별시 광진구 자양동,870,0870,0000,이스트폴,월세,32.1300,202602,26,"2,000",156,18,2025,아차산로 400,202604~202704,갱신,-,"2,000",154,officetel
1270,서울특별시 광진구 자양동,859,0859,0000,래미안프리미어팰리스,월세,45.7500,202602,25,"1,000",136,4,2017,아차산로 345,202604~202709,신규,-,,,officetel
1271,서울특별시 광진구 군자동,355-1,0355,0001,동원데쟈뷰,월세,17.1600,202602,25,"16,000",25,4,2020,동일로 194,202603~202803,신규,-,,,officetel
1272,서울특별시 광진구 중곡동,639-6,0639,0006,정익제이타워2차,월세,15.9300,202602,25,"1,000",95,11,2020,천호대로 537,202602~202702,신규,-,,,officetel
1273,서울특별시 광진구 중곡동,639-4,0639,0004,정익제이타워1차,월세,15.7300,202602,25,"3,000",60,10,2018,천호대로 531-1,202603~202802,갱신,사용,"3,000",60,officetel
1274,서울특별시 광진구 중곡동,648-14,0648,0014,아지(AZ)0213,월세,20.6400,202602,25,"1,000",80,6,2015,능동로37길 6,202602~202702,신규,-,,,officetel
1275,서울특별시 광진구 구의동,246-1,0246,0001,테라펠리스 건대 3차,전세,17.0500,202602,25,"23,000",0,5,2021,아차산로55길 11,202604~202804,갱신,-,"23,000",0,officetel
1276,서울특별시 광진구 구의동,251-34,0251,0034,신도브래뉴오피스텔,월세,30.7100,202602,25,"1,000",75,5,2003,자양로 138,202604~202704,신규,-,,,officetel
1277,서울특별시 광진구 중곡동,158-8,0158,0008,JS더빌,전세,14.2600,202602,25,"10,000",0,2,2009,능동로38길 15-4,202604~202804,신규,-,,,officetel
1278,서울특별시 광진구 군자동,361-26,0361,0026,디엠세븐세종,월세,15.5300,202602,24,"1,000",100,8,2026,광나루로 381,202602~202702,신규,-,,,officetel
1279,서울특별시 광진구 자양동,227-7,0227,0007,더샵스타시티,월세,174.2400,202602,24,"75,000",350,19,2007,아차산로 262,202605~202805,신규,-,,,officetel
1280,서울특별시 광진구 화양동,21-22,0021,0022,케이타워 오피스텔 B,월세,18.8500,202602,24,500,69,8,2013,동일로30길 23,202602~202702,갱신,-,500,66,officetel
1281,서울특별시 광진구 화양동,17-16,0017,0016,아스하임,전세,18.8300,202602,24,"17,000",0,8,2016,군자로 43,202603~202803,신규,-,,,officetel
1282,서울특별시 광진구 군자동,361-26,0361,0026,디엠세븐세종,월세,15.5200,202602,24,"1,000",100,14,2026,광나루로 381,202602~202702,신규,-,,,officetel
1283,서울특별시 광진구 군자동,361-26,0361,0026,디엠세븐세종,월세,15.5300,202602,24,"1,000",100,11,2026,광나루로 381,202602~202702,신규,-,,,officetel
1284,서울특별시 광진구 화양동,111-22,0111,0022,정익제이타워,월세,17.3800,202602,23,"1,000",85,4,2016,능동로19길 7-10,202602~202702,신규,-,,,officetel
1285,서울특별시 광진구 화양동,111-22,0111,0022,정익제이타워,월세,17.0900,202602,23,"1,000",90,4,2016,능동로19길 7-10,202603~202702,신규,-,,,officetel
1286,서울특별시 광진구 구의동,251-157,0251,0157,아델리아 구의타워,월세,18.7400,202602,23,"1,000",65,6,2010,자양로 156,202604~202704,신규,-,,,officetel
1287,서울특별시 광진구 구의동,80-29,0080,0029,구의동 홀가하우스,월세,21.3700,202602,23,"2,000",120,4,2020,자양로 211,202603~202703,신규,-,,,officetel
1288,서울특별시 광진구 광장동,108,0108,0000,효성리버카운티,월세,27.8000,202602,23,"1,000",65,8,2003,아차산로78길 56,202603~202703,신규,-,,,officetel
1289,서울특별시 광진구 군자동,361-26,0361,0026,디엠세븐세종,월세,14.0100,202602,23,"1,000",100,11,2026,광나루로 381,202603~202703,신규,-,,,officetel
1290,서울특별시 광진구 자양동,779,0779,0000,타워더모스트광진아크로텔,월세,22.7600,202602,21,"1,000",95,12,2014,아차산로 355,202603~202703,신규,-,,,officetel
1291,서울특별시 광진구 중곡동,157-6,0157,0006,아스하임,월세,16.7300,202602,21,"20,000",20,15,2019,천호대로 559,202602~202702,신규,-,,,officetel
1292,서울특별시 광진구 구의동,253-19,0253,0019,센트럴빌,월세,32.1900,202602,21,"15,000",10,3,2003,광나루로 486,202604~202804,신규,-,,,officetel
1293,서울특별시 광진구 구의동,251-177,0251,0177,솔렌시아,전세,45.3100,202602,21,"27,000",0,5,2015,자양로 154,202603~202803,갱신,-,"25,000",0,officetel
1294,서울특별시 광진구 군자동,361-26,0361,0026,디엠세븐세종,월세,15.8400,202602,21,"2,000",100,13,2026,광나루로 381,202602~202702,신규,-,,,officetel
1295,서울특별시 광진구 군자동,361-26,0361,0026,디엠세븐세종,월세,15.5300,202602,21,"1,000",100,7,2026,광나루로 381,202603~202703,신규,-,,,officetel
1296,서울특별시 광진구 군자동,355-1,0355,0001,동원데쟈뷰,월세,17.1600,202602,21,"1,000",90,9,2020,동일로 194,202604~202704,갱신,-,"1,000",90,officetel
1297,서울특별시 광진구 군자동,355-1,0355,0001,동원데쟈뷰,전세,17.1600,202602,21,"19,000",0,6,2020,동일로 194,202602~202702,갱신,-,"19,000",0,officetel
1298,서울특별시 광진구 군자동,473-21,0473,0021,스테이 더 디자이너스 군자,월세,16.9400,202602,21,"2,000",81,10,2020,천호대로 538,202603~202703,신규,-,,,officetel
1299,서울특별시 광진구 군자동,473-1,0473,0001,(473-1),월세,18.0800,202602,21,"2,000",95,10,2019,천호대로 530,202602~202802,신규,-,,,officetel
1300,서울특별시 광진구 군자동,473-1,0473,0001,(473-1),월세,18.1000,202602,21,"1,000",100,14,2019,천호대로 530,202604~202704,신규,-,,,officetel
1301,서울특별시 광진구 화양동,21-20,0021,0020,광진캠퍼스시티,월세,24.3800,202602,21,"1,000",90,17,2017,동일로 178,202602~202702,신규,-,,,officetel
1302,서울특별시 광진구 화양동,21-20,0021,0020,광진캠퍼스시티,월세,16.0800,202602,21,"1,000",80,16,2017,동일로 178,202602~202702,신규,-,,,officetel
1303,서울특별시 광진구 화양동,302-24,0302,0024,(302-24),월세,24.6000,202602,21,"3,000",70,6,2002,광나루로 454,202602~202802,신규,-,,,officetel
1304,서울특별시 광진구 화양동,18-9,0018,0009,화양 디펠리체,월세,20.4500,202602,21,"1,000",70,4,2019,광나루로 358,202602~202702,갱신,-,"1,000",70,officetel
1305,서울특별시 광진구 화양동,111-12,0111,0012,빌리브 인테라스,월세,16.8800,202602,21,"4,000",83,17,2021,능동로 172,202603~202703,갱신,-,"4,000",78,officetel
1306,서울특별시 광진구 화양동,112-14,0112,0014,(112-14),월세,15.8600,202602,21,"1,000",66,7,2015,능동로19길 15,202603~202703,신규,-,,,officetel
1307,서울특별시 광진구 화양동,110-37,0110,0037,화양타워,월세,41.2200,202602,21,"1,500",110,6,1999,능동로19길 47,202602~202802,신규,-,,,officetel
1308,서울특별시 광진구 중곡동,157-17,0157,0017,리아리움더언타워,월세,18.5000,202602,21,"4,000",70,7,2017,천호대로109길 9,202603~202703,신규,-,,,officetel
1309,서울특별시 광진구 자양동,779,0779,0000,타워더모스트광진아크로텔,월세,25.2100,202602,21,"1,000",95,12,2014,아차산로 355,202603~202703,신규,-,,,officetel
1310,서울특별시 광진구 화양동,18-9,0018,0009,화양 디펠리체,월세,20.4200,202602,20,"16,000",20,17,2019,광나루로 358,202603~202803,갱신,-,"17,000",15,officetel
1311,서울특별시 광진구 화양동,18-9,0018,0009,화양 디펠리체,월세,20.4200,202602,20,"16,000",20,17,2019,광나루로 358,202603~202803,갱신,-,"17,000",15,officetel
1312,서울특별시 광진구 군자동,473-1,0473,0001,(473-1),월세,18.0800,202602,20,"10,000",63,14,2019,천호대로 530,202602~202702,갱신,-,"10,000",60,officetel
1313,서울특별시 광진구 화양동,18-9,0018,0009,화양 디펠리체,월세,20.4200,202602,20,"17,000",17,17,2019,광나루로 358,202603~202803,갱신,-,"17,000",15,officetel
1314,서울특별시 광진구 화양동,21-20,0021,0020,광진캠퍼스시티,월세,17.4900,202602,20,"6,000",65,19,2017,동일로 178,202602~202702,신규,-,,,officetel
1315,서울특별시 광진구 구의동,251-157,0251,0157,아델리아 구의타워,월세,18.7400,202602,20,"1,000",65,5,2010,자양로 156,202602~202702,갱신,-,"1,000",65,officetel
1316,서울특별시 광진구 구의동,251-157,0251,0157,아델리아 구의타워,월세,18.7400,202602,20,"1,000",65,7,2010,자양로 156,202603~202702,갱신,-,"1,000",65,officetel
1317,서울특별시 광진구 구의동,251-157,0251,0157,아델리아 구의타워,월세,18.7400,202602,20,"1,000",65,7,2010,자양로 156,202603~202702,갱신,-,"1,000",65,officetel
1318,서울특별시 광진구 중곡동,648-14,0648,0014,아지(AZ)0213,월세,20.4400,202602,20,"1,000",85,9,2015,능동로37길 6,202603~202803,신규,-,,,officetel
1319,서울특별시 광진구 자양동,779,0779,0000,타워더모스트광진아크로텔,월세,23.9700,202602,20,"1,000",95,5,2014,아차산로 355,202603~202803,신규,-,,,officetel
1320,서울특별시 광진구 군자동,361-26,0361,0026,디엠세븐세종,월세,15.5300,202602,20,"1,000",100,9,2026,광나루로 381,202602~202702,신규,-,,,officetel
1321,서울특별시 광진구 화양동,132-75,0132,0075,엘리시안파크,월세,16.1800,202602,20,"1,000",85,4,2015,군자로 46,202602~202802,신규,-,,,officetel
1322,서울특별시 광진구 화양동,29-25,0029,0025,DM7 화양,월세,14.1000,202602,20,"1,000",90,7,2025,능동로16길 12,202602~202702,신규,-,,,officetel
1323,서울특별시 광진구 화양동,111-22,0111,0022,정익제이타워,월세,17.3800,202602,20,"1,000",100,3,2016,능동로19길 7-10,202602~202802,신규,-,,,officetel
1324,서울특별시 광진구 화양동,21-22,0021,0022,케이타워 오피스텔 B,월세,18.8500,202602,20,"1,000",69,2,2013,동일로30길 23,202603~202802,신규,-,,,officetel
1325,서울특별시 광진구 화양동,174,0174,0000,건대 트레비앙 오피스텔,월세,18.6600,202602,19,"1,000",110,6,2023,광나루로 374,202602~202702,신규,-,,,officetel
1326,서울특별시 광진구 광장동,108,0108,0000,효성리버카운티,월세,30.4400,202602,19,"1,000",63,4,2003,아차산로78길 56,202603~202703,신규,-,,,officetel
1327,서울특별시 광진구 구의동,251-157,0251,0157,아델리아 구의타워,월세,18.7400,202602,19,"1,000",65,8,2010,자양로 156,202603~202703,신규,-,,,officetel
1328,서울특별시 광진구 자양동,227-7,0227,0007,더샵스타시티,월세,174.2400,202602,19,"10,000",600,5,2007,아차산로 262,202605~202805,신규,-,,,officetel
1329,서울특별시 광진구 중곡동,639-4,0639,0004,정익제이타워1차,월세,16.2200,202602,19,"1,000",85,14,2018,천호대로 531-1,202604~202703,신규,-,,,officetel
1330,서울특별시 광진구 화양동,19-13,0019,0013,라벨메종,월세,18.5600,202602,19,"13,200",6,2,2013,광나루로14길 33,202602~202702,갱신,-,"13,200",0,officetel
1331,서울특별시 광진구 화양동,23-5,0023,0005,더 메종 건대,월세,16.4400,202602,19,"1,000",100,14,2022,동일로 174,202602~202702,신규,-,,,officetel
1332,서울특별시 광진구 중곡동,158-8,0158,0008,JS더빌,전세,14.2600,202602,19,"10,000",0,4,2009,능동로38길 15-4,202603~202803,신규,-,,,officetel
1333,서울특별시 광진구 중곡동,158-8,0158,0008,JS더빌,전세,14.8500,202602,19,"11,000",0,4,2009,능동로38길 15-4,202602~202802,신규,-,,,officetel
1334,서울특별시 광진구 화양동,19-57,0019,0057,(19-57),전세,78.0500,202602,19,"37,000",0,5,2012,광나루로16길 14,202603~202803,신규,-,,,officetel
1335,서울특별시 광진구 화양동,111-22,0111,0022,정익제이타워,월세,17.0900,202602,19,"1,000",90,5,2016,능동로19길 7-10,202602~202802,신규,-,,,officetel
1336,서울특별시 광진구 화양동,111-12,0111,0012,빌리브 인테라스,월세,16.8800,202602,18,"1,000",91,15,2021,능동로 172,202602~202702,신규,-,,,officetel
1337,서울특별시 광진구 중곡동,190-3,0190,0003,위너스텔,월세,20.7200,202602,16,500,55,3,2003,동일로 418,202602~202702,갱신,-,500,54,officetel
1338,서울특별시 광진구 구의동,251-157,0251,0157,아델리아 구의타워,월세,18.7400,202602,16,"1,000",65,8,2010,자양로 156,202602~202702,갱신,-,"1,000",65,officetel
1339,서울특별시 광진구 구의동,218-12,0218,0012,다성리버텔,월세,33.9700,202602,16,"1,000",80,9,2002,아차산로 452,202602~202802,신규,-,,,officetel
1340,서울특별시 광진구 자양동,767-4,0767,0004,자양오피스텔,월세,30.8700,202602,15,500,60,5,1999,자양로 135,202602~202802,신규,-,,,officetel
1341,서울특별시 광진구 자양동,779,0779,0000,타워더모스트광진아크로텔,월세,32.1800,202602,14,"1,000",130,9,2014,아차산로 355,202604~202704,신규,-,,,officetel
1342,서울특별시 광진구 구의동,633-4,0633,0004,진성파크뷰,월세,34.3800,202602,14,"5,000",155,3,2022,광나루로30길 3,202602~202702,신규,-,,,officetel
1343,서울특별시 광진구 화양동,174,0174,0000,건대 트레비앙 오피스텔,월세,18.6600,202602,14,"1,000",100,4,2023,광나루로 374,202603~202702,신규,-,,,officetel
1344,서울특별시 광진구 화양동,21-20,0021,0020,광진캠퍼스시티,월세,17.4900,202602,14,"1,000",75,6,2017,동일로 178,202602~202702,신규,-,,,officetel
1345,서울특별시 광진구 중곡동,649-11,0649,0011,평강오피스텔,월세,20.7700,202602,14,300,100,11,2020,능동로37길 9,202605~202608,신규,-,,,officetel
1346,서울특별시 광진구 중곡동,649-11,0649,0011,평강오피스텔,월세,20.7700,202602,14,200,100,11,2020,능동로37길 9,202602~202605,신규,-,,,officetel
1347,서울특별시 광진구 화양동,21-20,0021,0020,광진캠퍼스시티,월세,16.0800,202602,14,"1,000",83,13,2017,동일로 178,202602~202702,신규,-,,,officetel
1348,서울특별시 광진구 화양동,94-13,0094,0013,엘리시아1차,월세,15.0500,202602,14,500,90,7,2021,광나루로20길 36-3,202602~202608,신규,-,,,officetel
1349,서울특별시 광진구 화양동,174,0174,0000,건대 트레비앙 오피스텔,전세,17.4600,202602,13,"21,000",0,10,2023,광나루로 374,202602~202802,신규,-,,,officetel
1350,서울특별시 광진구 화양동,21-23,0021,0023,케이타워 오피스텔 A,월세,19.7800,202602,13,"1,000",75,11,2013,광나루로14길 8,202604~202804,신규,-,,,officetel
1351,서울특별시 광진구 자양동,779,0779,0000,타워더모스트광진아크로텔,월세,30.6100,202602,13,"8,000",95,20,2014,아차산로 355,202604~202804,신규,-,,,officetel
1352,서울특별시 광진구 자양동,779-3,0779,0003,금강태극빌,월세,25.0800,202602,13,"12,000",25,10,2005,아차산로 353,202604~202804,신규,-,,,officetel
1353,서울특별시 광진구 광장동,120,0120,0000,주성아우라 오피스텔,전세,29.8300,202602,13,"13,450",0,2,2011,아차산로78길 33,202602~202802,갱신,-,"14,300",0,officetel
1354,서울특별시 광진구 광장동,108,0108,0000,효성리버카운티,월세,28.7500,202602,13,"1,000",70,10,2003,아차산로78길 56,202602~202702,신규,-,,,officetel
1355,서울특별시 광진구 광장동,102,0102,0000,현대골든텔,전세,26.7300,202602,13,"12,500",0,9,1991,아차산로78길 75,202602~202802,신규,-,,,officetel
1356,서울특별시 광진구 광장동,102,0102,0000,현대골든텔,전세,26.7300,202602,13,"12,500",0,9,1991,아차산로78길 75,202602~202802,신규,-,,,officetel
1357,서울특별시 광진구 구의동,243-71,0243,0071,구의동 벨라로사 오피스텔,월세,20.9400,202602,13,"19,300",2,5,2019,아차산로 405,202602~202802,갱신,-,"19,300",0,officetel
1358,서울특별시 광진구 구의동,246-14,0246,0014,크레신타워3차,월세,25.3500,202602,13,"1,000",74,8,2006,아차산로 375,202602~202702,신규,-,,,officetel
1359,서울특별시 광진구 구의동,243-13,0243,0013,리버 비스타 구의,월세,22.0600,202602,13,"19,000",10,16,2019,아차산로 417,202603~202803,신규,-,,,officetel
1360,서울특별시 광진구 화양동,21-20,0021,0020,광진캠퍼스시티,월세,16.0800,202602,13,"1,000",75,5,2017,동일로 178,202602~202702,신규,-,,,officetel
1361,서울특별시 광진구 화양동,111-88,0111,0088,신원리브웰 화양동 주상복합,월세,15.2700,202602,12,"3,000",76,9,2019,능동로 170,202603~202801,신규,-,,,officetel
1362,서울특별시 광진구 구의동,253-19,0253,0019,센트럴빌,월세,32.1900,202602,12,"1,000",74,2,2003,광나루로 486,202602~202802,신규,-,,,officetel
1363,서울특별시 광진구 구의동,598-2,0598,0002,평강오피스텔,월세,25.5000,202602,12,"4,000",60,2,2003,구의강변로 27,202602~202802,신규,-,,,officetel
1364,서울특별시 광진구 구의동,252-16,0252,0016,웰츠타워,월세,29.8900,202602,12,"1,000",109,17,2015,자양로 116,202603~202703,신규,-,,,officetel
1365,서울특별시 광진구 화양동,21-22,0021,0022,케이타워 오피스텔 B,월세,18.8500,202602,12,"1,000",75,2,2013,동일로30길 23,202602~202802,신규,-,,,officetel
1366,서울특별시 광진구 화양동,21-22,0021,0022,케이타워 오피스텔 B,월세,18.8500,202602,12,"9,500",20,7,2013,동일로30길 23,202602~202702,갱신,-,"9,500",17,officetel
1367,서울특별시 광진구 화양동,17-68,0017,0068,세종에버그린,전세,33.7100,202602,12,"26,000",0,6,2018,광나루로16길 19,202604~202804,신규,-,,,officetel
1368,서울특별시 광진구 구의동,243-13,0243,0013,리버 비스타 구의,월세,19.7900,202602,12,"1,000",90,12,2019,아차산로 417,202603~202803,신규,-,,,officetel
1369,서울특별시 광진구 화양동,111-12,0111,0012,빌리브 인테라스,월세,16.8800,202602,12,"1,000",110,8,2021,능동로 172,202602~202702,신규,-,,,officetel
1370,서울특별시 광진구 화양동,18-9,0018,0009,화양 디펠리체,월세,20.4500,202602,12,"1,000",80,14,2019,광나루로 358,202602~202702,갱신,-,"1,000",75,officetel
1371,서울특별시 광진구 자양동,2-2,0002,0002,건대입구역자이엘라,월세,18.6000,202602,12,"5,000",100,18,2022,능동로 87,202602~202702,신규,-,,,officetel
1372,서울특별시 광진구 화양동,21-20,0021,0020,광진캠퍼스시티,월세,16.0800,202602,12,"5,000",60,16,2017,동일로 178,202602~202802,신규,-,,,officetel
1373,서울특별시 광진구 화양동,18-9,0018,0009,화양 디펠리체,월세,20.4500,202602,11,"5,000",70,18,2019,광나루로 358,202603~202803,신규,-,,,officetel
1374,서울특별시 광진구 화양동,18-9,0018,0009,화양 디펠리체,월세,20.4500,202602,11,"1,000",84,13,2019,광나루로 358,202602~202702,갱신,-,"1,000",80,officetel
1375,서울특별시 광진구 화양동,21-20,0021,0020,광진캠퍼스시티,월세,16.0800,202602,11,"1,000",64,4,2017,동일로 178,202603~202703,신규,-,,,officetel
1376,서울특별시 광진구 화양동,21-20,0021,0020,광진캠퍼스시티,월세,17.4900,202602,11,"1,000",75,12,2017,동일로 178,202602~202702,신규,-,,,officetel
1377,서울특별시 광진구 화양동,21-23,0021,0023,케이타워 오피스텔 A,월세,19.9300,202602,11,"5,000",50,15,2013,광나루로14길 8,202604~202804,신규,-,,,officetel
1378,서울특별시 광진구 화양동,19-13,0019,0013,라벨메종,월세,18.4300,202602,11,"5,000",60,2,2013,광나루로14길 33,202602~202802,신규,-,,,officetel
1379,서울특별시 광진구 자양동,779,0779,0000,타워더모스트광진아크로텔,전세,22.7600,202602,11,"18,400",0,16,2014,아차산로 355,202603~202803,신규,-,,,officetel
1380,서울특별시 광진구 구의동,243-71,0243,0071,구의동 벨라로사 오피스텔,월세,20.9400,202602,11,"19,200",3,4,2019,아차산로 405,202602~202802,갱신,-,"19,360",0,officetel
1381,서울특별시 광진구 구의동,252-16,0252,0016,웰츠타워,월세,24.8200,202602,11,"1,000",86,4,2015,자양로 116,202602~202702,신규,-,,,officetel
1382,서울특별시 광진구 중곡동,639-4,0639,0004,정익제이타워1차,월세,15.9000,202602,10,"1,000",90,4,2018,천호대로 531-1,202602~202702,신규,-,,,officetel
1383,서울특별시 광진구 구의동,252-16,0252,0016,웰츠타워,월세,24.8200,202602,10,"1,000",89,17,2015,자양로 116,202602~202702,신규,-,,,officetel
1384,서울특별시 광진구 자양동,859,0859,0000,래미안프리미어팰리스,월세,49.7400,202602,10,"3,000",121,4,2017,아차산로 345,202602~202802,갱신,사용,"3,000",110,officetel
1385,서울특별시 광진구 구의동,253-19,0253,0019,센트럴빌,월세,32.1900,202602,10,"1,000",73,5,2003,광나루로 486,202602~202802,신규,-,,,officetel
1386,서울특별시 광진구 중곡동,639-6,0639,0006,정익제이타워2차,월세,15.9300,202602,10,"2,000",76,10,2020,천호대로 537,202603~202703,신규,-,,,officetel
1387,서울특별시 광진구 중곡동,341-3,0341,0003,아뜰리에,월세,17.8300,202602,10,"12,000",40,3,2018,능동로38길 38,202603~202802,신규,-,,,officetel
1388,서울특별시 광진구 광장동,108,0108,0000,효성리버카운티,월세,24.0400,202602,10,"1,000",55,6,2003,아차산로78길 56,202603~202703,신규,-,,,officetel
1389,서울특별시 광진구 자양동,870,0870,0000,이스트폴,월세,35.9300,202602,10,"2,000",162,10,2025,아차산로 400,202603~202703,신규,-,,,officetel
1390,서울특별시 광진구 화양동,21-22,0021,0022,케이타워 오피스텔 B,월세,18.8500,202602,10,"1,000",80,17,2013,동일로30길 23,202602~202702,신규,-,,,officetel
1391,서울특별시 광진구 화양동,21-22,0021,0022,케이타워 오피스텔 B,월세,18.8500,202602,10,"1,000",80,8,2013,동일로30길 23,202602~202702,신규,-,,,officetel
1392,서울특별시 광진구 화양동,21-23,0021,0023,케이타워 오피스텔 A,월세,19.7800,202602,10,"1,000",73,15,2013,광나루로14길 8,202602~202702,갱신,-,"1,000",70,officetel
1393,서울특별시 광진구 화양동,94-9,0094,0009,화양동 프라하임,월세,32.7200,202602,10,"1,000",200,12,2022,능동로 165-1,202603~202703,신규,-,,,officetel
1394,서울특별시 광진구 중곡동,157-17,0157,0017,리아리움더언타워,월세,15.5600,202602,10,"3,500",70,6,2017,천호대로109길 9,202602~202802,신규,-,,,officetel
1395,서울특별시 광진구 화양동,17-16,0017,0016,아스하임,월세,18.8300,202602,10,"1,000",90,5,2016,군자로 43,202602~202702,신규,-,,,officetel
1396,서울특별시 광진구 화양동,17-16,0017,0016,아스하임,월세,18.8300,202602,10,"3,000",70,6,2016,군자로 43,202602~202702,갱신,-,"3,000",66,officetel
1397,서울특별시 광진구 화양동,193,0193,0000,하이뷰오피스텔,월세,18.5700,202602,10,"1,000",86,8,2020,광나루로 386,202605~202705,신규,-,,,officetel
1398,서울특별시 광진구 화양동,174,0174,0000,건대 트레비앙 오피스텔,전세,17.4600,202602,10,"21,000",0,16,2023,광나루로 374,202603~202803,신규,-,,,officetel
1399,서울특별시 광진구 화양동,23-5,0023,0005,더 메종 건대,전세,17.7100,202602,10,"24,500",0,16,2022,동일로 174,202603~202803,신규,-,,,officetel
1400,서울특별시 광진구 중곡동,639-4,0639,0004,정익제이타워1차,월세,16.2200,202602,10,500,90,3,2018,천호대로 531-1,202602~202702,신규,-,,,officetel
1401,서울특별시 광진구 능동,222-2,0222,0002,군자 아델리제,월세,17.6500,202602,10,"5,000",63,3,2019,천호대로 570,202602~202802,신규,-,,,officetel
1402,서울특별시 광진구 화양동,527,0527,0000,KCC파크타운,월세,25.7900,202602,09,"1,000",80,12,2005,광나루로 410,202604~202704,신규,-,,,officetel
1403,서울특별시 광진구 구의동,246-14,0246,0014,크레신타워3차,월세,25.3500,202602,09,"1,000",77,14,2006,아차산로 375,202602~202702,신규,-,,,officetel
1404,서울특별시 광진구 화양동,93-3,0093,0003,캠퍼니안,월세,42.4200,202602,09,"1,000",88,6,2004,능동로16길 9,202602~202802,갱신,-,"1,000",80,officetel
1405,서울특별시 광진구 중곡동,158-18,0158,0018,마인하임158,전세,24.5900,202602,09,"23,600",0,4,2018,능동로40길 10-5,202604~202804,갱신,-,"22,500",0,officetel
1406,서울특별시 광진구 구의동,667,0667,0000,강변에스케이뷰,월세,28.0100,202602,09,"1,000",95,4,2017,아차산로 431,202603~202703,신규,-,,,officetel
1407,서울특별시 광진구 구의동,252-16,0252,0016,웰츠타워,월세,24.7500,202602,09,"1,000",87,14,2015,자양로 116,202603~202703,신규,-,,,officetel
1408,서울특별시 광진구 구의동,253-19,0253,0019,센트럴빌,월세,32.1900,202602,09,"1,000",77,10,2003,광나루로 486,202604~202804,신규,-,,,officetel
1409,서울특별시 광진구 화양동,174,0174,0000,건대 트레비앙 오피스텔,월세,17.4600,202602,09,"1,000",110,6,2023,광나루로 374,202602~202702,신규,-,,,officetel
1410,서울특별시 광진구 구의동,252-16,0252,0016,웰츠타워,월세,24.8200,202602,09,"1,000",85,4,2015,자양로 116,202602~202702,신규,-,,,officetel
1411,서울특별시 광진구 화양동,174,0174,0000,건대 트레비앙 오피스텔,월세,17.4600,202602,07,"3,000",90,12,2023,광나루로 374,202602~202702,신규,-,,,officetel
1412,서울특별시 광진구 구의동,251-34,0251,0034,신도브래뉴오피스텔,월세,31.2000,202602,07,"1,000",75,7,2003,자양로 138,202603~202803,갱신,-,"1,000",70,officetel
1413,서울특별시 광진구 화양동,21-20,0021,0020,광진캠퍼스시티,월세,17.4900,202602,07,"13,000",30,9,2017,동일로 178,202603~202803,신규,-,,,officetel
1414,서울특별시 광진구 중곡동,648-14,0648,0014,아지(AZ)0213,월세,20.8500,202602,07,"1,000",80,10,2015,능동로37길 6,202602~202802,신규,-,,,officetel
1415,서울특별시 광진구 중곡동,639-4,0639,0004,정익제이타워1차,월세,15.9700,202602,07,"2,000",85,7,2018,천호대로 531-1,202602~202702,신규,-,,,officetel
1416,서울특별시 광진구 화양동,17-68,0017,0068,세종에버그린,월세,54.3700,202602,07,500,75,7,2018,광나루로16길 19,202603~202802,신규,-,,,officetel
1417,서울특별시 광진구 화양동,17-92,0017,0092,세종에버그린,전세,33.5300,202602,07,"27,400",0,7,2018,광나루로16길 21,202603~202803,신규,-,,,officetel
1418,서울특별시 광진구 화양동,17-20,0017,0020,더리브오피스텔,월세,19.5400,202602,07,"2,000",77,3,2011,광나루로16길 9-9,202602~202702,신규,-,,,officetel
1419,서울특별시 광진구 화양동,17-20,0017,0020,더리브오피스텔,전세,12.8200,202602,07,"10,300",0,2,2011,광나루로16길 9-9,202603~202803,신규,-,,,officetel
1420,서울특별시 광진구 화양동,174,0174,0000,건대 트레비앙 오피스텔,월세,17.4600,202602,07,"3,000",95,10,2023,광나루로 374,202602~202702,신규,-,,,officetel
1421,서울특별시 광진구 화양동,174,0174,0000,건대 트레비앙 오피스텔,월세,18.6600,202602,07,"1,000",115,14,2023,광나루로 374,202602~202702,신규,-,,,officetel
1422,서울특별시 광진구 구의동,246-14,0246,0014,크레신타워3차,월세,25.3500,202602,07,"1,000",72,8,2006,아차산로 375,202602~202702,갱신,-,"1,000",68,officetel
1423,서울특별시 광진구 자양동,767-4,0767,0004,자양오피스텔,전세,30.8700,202602,06,"7,875",0,2,1999,자양로 135,202602~202802,신규,-,,,officetel
1424,서울특별시 광진구 자양동,779,0779,0000,타워더모스트광진아크로텔,월세,23.9700,202602,06,"1,000",90,14,2014,아차산로 355,202603~202703,갱신,-,"1,000",86,officetel
1425,서울특별시 광진구 구의동,243-71,0243,0071,구의동 벨라로사 오피스텔,전세,20.9400,202602,06,"18,790",0,4,2019,아차산로 405,202602~202802,갱신,-,"18,300",0,officetel
1426,서울특별시 광진구 화양동,17-68,0017,0068,세종에버그린,월세,35.0000,202602,06,"27,600",5,2,2018,광나루로16길 19,202603~202803,신규,-,,,officetel
1427,서울특별시 광진구 화양동,110-37,0110,0037,화양타워,월세,38.6400,202602,06,"1,000",110,6,1999,능동로19길 47,202602~202802,신규,-,,,officetel
1428,서울특별시 광진구 구의동,253-19,0253,0019,센트럴빌,전세,32.1900,202602,06,"16,000",0,6,2003,광나루로 486,202604~202804,신규,-,,,officetel
1429,서울특별시 광진구 구의동,251-34,0251,0034,신도브래뉴오피스텔,월세,32.1700,202602,06,"3,000",60,3,2003,자양로 138,202602~202802,갱신,-,"3,000",55,officetel
1430,서울특별시 광진구 구의동,246-1,0246,0001,테라펠리스 건대 3차,월세,17.0500,202602,06,"1,000",100,9,2021,아차산로55길 11,202602~202702,신규,-,,,officetel
1431,서울특별시 광진구 화양동,21-22,0021,0022,케이타워 오피스텔 B,월세,18.8500,202602,06,"1,000",80,17,2013,동일로30길 23,202602~202702,신규,-,,,officetel
1432,서울특별시 광진구 중곡동,639-6,0639,0006,정익제이타워2차,월세,15.9300,202602,06,"1,000",85,4,2020,천호대로 537,202602~202702,신규,-,,,officetel
1433,서울특별시 광진구 자양동,861,0861,0000,자양 호반써밋,월세,21.3800,202602,06,"3,000",170,18,2021,능동로 69,202602~202802,신규,-,,,officetel
1434,서울특별시 광진구 자양동,767-4,0767,0004,자양오피스텔,월세,30.8700,202602,05,"1,000",55,8,1999,자양로 135,202602~202702,갱신,-,"1,000",53,officetel
1435,서울특별시 광진구 화양동,21-2,0021,0002,브라운스톤 화양,월세,60.5400,202602,05,"2,000",140,5,2006,광나루로 346,202602~202802,신규,-,,,officetel
1436,서울특별시 광진구 자양동,779-3,0779,0003,금강태극빌,월세,30.9300,202602,05,"12,000",30,7,2005,아차산로 353,202604~202804,신규,-,,,officetel
1437,서울특별시 광진구 구의동,252-16,0252,0016,웰츠타워,월세,24.8200,202602,05,"1,000",91,17,2015,자양로 116,202603~202703,갱신,-,"1,000",90,officetel
1438,서울특별시 광진구 구의동,633-4,0633,0004,진성파크뷰,월세,32.0600,202602,05,"5,000",150,3,2022,광나루로30길 3,202602~202802,신규,-,,,officetel
1439,서울특별시 광진구 구의동,251-34,0251,0034,신도브래뉴오피스텔,월세,33.1500,202602,05,"1,000",80,9,2003,자양로 138,202603~202702,신규,-,,,officetel
1440,서울특별시 광진구 화양동,23-5,0023,0005,더 메종 건대,월세,18.8300,202602,05,"3,000",110,18,2022,동일로 174,202602~202702,신규,-,,,officetel
1441,서울특별시 광진구 화양동,21-20,0021,0020,광진캠퍼스시티,월세,16.0800,202602,05,"1,000",75,9,2017,동일로 178,202602~202702,신규,-,,,officetel
1442,서울특별시 광진구 화양동,21-20,0021,0020,광진캠퍼스시티,월세,16.0800,202602,05,"10,000",66,11,2017,동일로 178,202602~202702,신규,-,,,officetel
1443,서울특별시 광진구 화양동,17-20,0017,0020,더리브오피스텔,전세,19.4300,202602,05,"15,400",0,2,2011,광나루로16길 9-9,202606~202806,신규,-,,,officetel
1444,서울특별시 광진구 중곡동,119-9,0119,0009,중곡에스하임3,월세,26.1300,202602,05,"6,239",5,7,2024,천호대로 621,202602~202804,신규,-,,,officetel
1445,서울특별시 광진구 중곡동,119-9,0119,0009,중곡에스하임3,월세,29.8900,202602,05,"2,852",29,3,2024,천호대로 621,202602~202804,신규,-,,,officetel
1446,서울특별시 광진구 중곡동,119-9,0119,0009,중곡에스하임3,월세,26.4800,202602,05,"2,609",27,7,2024,천호대로 621,202602~202804,신규,-,,,officetel
1447,서울특별시 광진구 중곡동,119-9,0119,0009,중곡에스하임3,월세,26.1300,202602,05,"2,519",26,7,2024,천호대로 621,202602~202804,신규,-,,,officetel
1448,서울특별시 광진구 중곡동,119-9,0119,0009,중곡에스하임3,월세,28.8300,202602,05,100,34,2,2024,천호대로 621,202602~202804,신규,-,,,officetel
1449,서울특별시 광진구 중곡동,157-6,0157,0006,아스하임,월세,16.7300,202602,05,"1,000",90,14,2019,천호대로 559,202602~202702,신규,-,,,officetel
1450,서울특별시 광진구 중곡동,119-9,0119,0009,중곡에스하임3,월세,28.8300,202602,05,"1,036",29,2,2024,천호대로 621,202602~202804,신규,-,,,officetel
1451,서울특별시 광진구 중곡동,648-14,0648,0014,아지(AZ)0213,월세,20.4400,202602,05,"1,000",90,11,2015,능동로37길 6,202602~202702,신규,-,,,officetel
1452,서울특별시 광진구 중곡동,119-9,0119,0009,중곡에스하임3,월세,26.8300,202602,04,"2,587",27,7,2024,천호대로 621,202602~202804,신규,-,,,officetel
1453,서울특별시 광진구 화양동,94-13,0094,0013,엘리시아1차,월세,15.0500,202602,04,500,95,8,2021,광나루로20길 36-3,202602~202702,신규,-,,,officetel
1454,서울특별시 광진구 화양동,193,0193,0000,하이뷰오피스텔,전세,18.5700,202602,04,"23,400",0,17,2020,광나루로 386,202604~202804,신규,-,,,officetel
1455,서울특별시 광진구 화양동,18-9,0018,0009,화양 디펠리체,월세,20.4200,202602,04,"10,000",48,14,2019,광나루로 358,202602~202702,신규,-,,,officetel
1456,서울특별시 광진구 화양동,21-20,0021,0020,광진캠퍼스시티,월세,17.4900,202602,04,"15,000",30,20,2017,동일로 178,202602~202802,신규,-,,,officetel
1457,서울특별시 광진구 중곡동,119-9,0119,0009,중곡에스하임3,월세,26.8300,202602,04,"2,884",25,7,2024,천호대로 621,202602~202804,신규,-,,,officetel
1458,서울특별시 광진구 구의동,251-157,0251,0157,아델리아 구의타워,월세,18.7400,202602,04,"1,000",65,5,2010,자양로 156,202602~202702,신규,-,,,officetel
1459,서울특별시 광진구 구의동,253-19,0253,0019,센트럴빌,월세,32.1900,202602,04,"2,000",68,8,2003,광나루로 486,202603~202803,갱신,-,"2,000",65,officetel
1460,서울특별시 광진구 구의동,246-14,0246,0014,크레신타워3차,월세,26.9100,202602,04,"1,000",73,8,2006,아차산로 375,202603~202803,신규,-,,,officetel
1461,서울특별시 광진구 중곡동,119-9,0119,0009,중곡에스하임3,월세,28.8300,202602,04,100,35,3,2024,천호대로 621,202602~202804,신규,-,,,officetel
1462,서울특별시 광진구 구의동,253-19,0253,0019,센트럴빌,월세,32.1900,202602,03,"1,000",73,3,2003,광나루로 486,202602~202802,신규,-,,,officetel
1463,서울특별시 광진구 구의동,246-14,0246,0014,크레신타워3차,월세,25.3500,202602,03,"1,000",77,12,2006,아차산로 375,202603~202703,신규,-,,,officetel
1464,서울특별시 광진구 군자동,355-1,0355,0001,동원데쟈뷰,월세,17.1600,202602,03,"17,000",23,5,2020,동일로 194,202603~202803,신규,-,,,officetel
1465,서울특별시 광진구 중곡동,119-9,0119,0009,중곡에스하임3,월세,26.4800,202602,03,"4,578",15,2,2024,천호대로 621,202602~202804,신규,-,,,officetel
1466,서울특별시 광진구 중곡동,119-9,0119,0009,중곡에스하임3,월세,29.8900,202602,03,100,35,5,2024,천호대로 621,202602~202804,신규,-,,,officetel
1467,서울특별시 광진구 중곡동,119-9,0119,0009,중곡에스하임3,월세,26.4800,202602,03,"2,609",27,6,2024,천호대로 621,202602~202804,신규,-,,,officetel
1468,서울특별시 광진구 중곡동,119-9,0119,0009,중곡에스하임3,월세,26.4800,202602,03,"2,553",26,2,2024,천호대로 621,202602~202804,신규,-,,,officetel
1469,서울특별시 광진구 화양동,21-23,0021,0023,케이타워 오피스텔 A,월세,19.9300,202602,03,"1,000",75,9,2013,광나루로14길 8,202602~202702,신규,-,,,officetel
1470,서울특별시 광진구 중곡동,157-17,0157,0017,리아리움더언타워,월세,15.5600,202602,03,"3,000",65,10,2017,천호대로109길 9,202602~202702,갱신,-,"3,000",61,officetel
1471,서울특별시 광진구 광장동,108,0108,0000,효성리버카운티,월세,30.4400,202602,03,"1,000",65,3,2003,아차산로78길 56,202602~202802,신규,-,,,officetel
1472,서울특별시 광진구 화양동,21-20,0021,0020,광진캠퍼스시티,월세,17.4900,202602,02,"1,000",63,15,2017,동일로 178,202602~202709,신규,-,,,officetel
1473,서울특별시 광진구 화양동,111-12,0111,0012,빌리브 인테라스,월세,16.8800,202602,02,"5,000",82,12,2021,능동로 172,202602~202702,신규,-,,,officetel
1474,서울특별시 광진구 구의동,76-1,0076,0001,그랜드파크 오피스텔,월세,19.4000,202602,02,"1,000",78,4,2017,천호대로 666,202602~202702,신규,-,,,officetel
1475,서울특별시 광진구 구의동,199-8,0199,0008,(199-8),월세,29.1200,202602,02,"1,000",100,8,2017,아차산로 480,202602~202702,신규,-,,,officetel
1476,서울특별시 광진구 구의동,251-34,0251,0034,신도브래뉴오피스텔,월세,31.2000,202602,02,"1,000",75,4,2003,자양로 138,202604~202704,신규,-,,,officetel
1477,서울특별시 광진구 구의동,633-4,0633,0004,진성파크뷰,월세,34.7000,202602,02,"3,000",170,2,2022,광나루로30길 3,202602~202802,신규,-,,,officetel
1478,서울특별시 광진구 화양동,21-23,0021,0023,케이타워 오피스텔 A,월세,19.9300,202602,02,"5,000",50,2,2013,광나루로14길 8,202602~202802,신규,-,,,officetel
1479,서울특별시 광진구 화양동,17-20,0017,0020,더리브오피스텔,전세,19.5400,202602,02,"16,400",0,7,2011,광나루로16길 9-9,202603~202803,신규,-,,,officetel
1480,서울특별시 광진구 화양동,21-22,0021,0022,케이타워 오피스텔 B,월세,18.8500,202602,02,"1,000",77,8,2013,동일로30길 23,202602~202802,신규,-,,,officetel
1481,서울특별시 광진구 자양동,861,0861,0000,자양 호반써밋,전세,21.3800,202602,02,"27,000",0,17,2021,능동로 69,202602~202802,갱신,-,"27,000",0,officetel
1482,서울특별시 광진구 자양동,779,0779,0000,타워더모스트광진아크로텔,월세,22.7600,202602,02,"1,000",85,19,2014,아차산로 355,202602~202702,갱신,-,"1,000",80,officetel
1483,서울특별시 광진구 자양동,779,0779,0000,타워더모스트광진아크로텔,월세,23.9700,202602,02,"1,000",95,14,2014,아차산로 355,202602~202702,신규,-,,,officetel
1484,서울특별시 광진구 자양동,870,0870,0000,이스트폴,월세,23.7100,202602,02,"1,000",115,20,2025,아차산로 400,202602~202702,신규,-,,,officetel
1485,서울특별시 광진구 중곡동,648-12,0648,0012,마인하임648,월세,66.5100,202602,02,"10,000",60,3,2017,능동로37길 10-4,202602~202802,갱신,-,"3,000",30,officetel
1486,서울특별시 광진구 화양동,18-9,0018,0009,화양 디펠리체,월세,20.4500,202602,02,"1,000",87,11,2019,광나루로 358,202602~202702,신규,-,,,officetel
1487,서울특별시 광진구 자양동,779,0779,0000,타워더모스트광진아크로텔,월세,25.2100,202601,31,"1,000",89,9,2014,아차산로 355,202602~202702,신규,-,,,officetel
1488,서울특별시 광진구 능동,222-2,0222,0002,군자 아델리제,전세,17.6500,202601,31,"18,600",0,5,2019,천호대로 570,202602~202702,갱신,사용,"19,800",0,officetel
1489,서울특별시 광진구 자양동,859,0859,0000,래미안프리미어팰리스,월세,49.7400,202601,31,"2,000",140,4,2017,아차산로 345,202601~202801,갱신,사용,"2,000",140,officetel
1490,서울특별시 광진구 구의동,243-2,0243,0002,베스트 트레드빌,전세,26.8400,202601,31,"12,000",0,9,2004,자양로18길 96,202603~202803,신규,-,,,officetel
1491,서울특별시 광진구 구의동,218-12,0218,0012,다성리버텔,월세,29.9700,202601,31,"1,050",78,2,2002,아차산로 452,202602~202702,갱신,-,"1,000",75,officetel
1492,서울특별시 광진구 구의동,243-71,0243,0071,구의동 벨라로사 오피스텔,월세,20.9400,202601,31,"18,000",7,6,2019,아차산로 405,202602~202802,갱신,사용,"18,000",6,officetel
1493,서울특별시 광진구 군자동,473-21,0473,0021,스테이 더 디자이너스 군자,월세,16.9400,202601,31,"1,000",100,9,2020,천호대로 538,202602~202702,신규,-,,,officetel
1494,서울특별시 광진구 화양동,21-20,0021,0020,광진캠퍼스시티,월세,17.4900,202601,31,"1,000",68,17,2017,동일로 178,202602~202608,신규,-,,,officetel
1495,서울특별시 광진구 화양동,21-20,0021,0020,광진캠퍼스시티,월세,16.0800,202601,31,"1,000",75,6,2017,동일로 178,202601~202701,신규,-,,,officetel
1496,서울특별시 광진구 화양동,21-20,0021,0020,광진캠퍼스시티,월세,17.4900,202601,31,"1,000",72,17,2017,동일로 178,202608~202708,갱신,-,"1,000",68,officetel
1497,서울특별시 광진구 화양동,21-23,0021,0023,케이타워 오피스텔 A,월세,19.7800,202601,31,"1,000",75,7,2013,광나루로14길 8,202601~202701,신규,-,,,officetel
1498,서울특별시 광진구 자양동,2-2,0002,0002,건대입구역자이엘라,월세,18.1000,202601,31,"1,000",126,14,2022,능동로 87,202601~202701,신규,-,,,officetel
1499,서울특별시 광진구 화양동,17-20,0017,0020,더리브오피스텔,전세,19.5400,202601,31,"15,700",0,8,2011,광나루로16길 9-9,202602~202802,신규,-,,,officetel
1500,서울특별시 광진구 자양동,227-7,0227,0007,더샵스타시티,전세,116.0200,202601,31,"105,000",0,13,2007,아차산로 262,202603~202803,갱신,사용,"100,000",0,officetel
1501,서울특별시 광진구 화양동,21-20,0021,0020,광진캠퍼스시티,월세,17.4900,202601,30,"2,000",80,13,2017,동일로 178,202602~202702,신규,-,,,officetel
1502,서울특별시 광진구 중곡동,639-6,0639,0006,정익제이타워2차,월세,15.9300,202601,30,"1,000",85,10,2020,천호대로 537,202603~202703,갱신,사용,"1,000",82,officetel
1503,서울특별시 광진구 화양동,193,0193,0000,하이뷰오피스텔,월세,18.5700,202601,30,"1,000",100,5,2020,광나루로 386,202602~202702,신규,-,,,officetel
1504,서울특별시 광진구 화양동,23-37,0023,0037,까사펠리즈 화양,월세,22.0100,202601,30,"5,000",85,5,2025,광나루로12길 20,202602~202802,신규,-,,,officetel
1505,서울특별시 광진구 화양동,17-20,0017,0020,더리브오피스텔,월세,12.5300,202601,30,"1,000",60,6,2011,광나루로16길 9-9,202602~202802,신규,-,,,officetel
1506,서울특별시 광진구 화양동,75-6,0075,0006,선인팰리스,월세,12.2400,202601,30,500,50,6,2013,군자로6길 50-2,202601~202801,신규,-,,,officetel
1507,서울특별시 광진구 화양동,21-20,0021,0020,광진캠퍼스시티,월세,16.0800,202601,30,"1,000",80,3,2017,동일로 178,202602~202701,신규,-,,,officetel
1508,서울특별시 광진구 광장동,102,0102,0000,현대골든텔,월세,24.7100,202601,30,"1,000",60,6,1991,아차산로78길 75,202602~202702,신규,-,,,officetel
1509,서울특별시 광진구 능동,222-2,0222,0002,군자 아델리제,월세,22.9800,202601,30,"5,500",77,7,2019,천호대로 570,202603~202803,신규,-,,,officetel
1510,서울특별시 광진구 군자동,473-1,0473,0001,(473-1),월세,18.1000,202601,30,"1,000",92,16,2019,천호대로 530,202603~202703,갱신,-,"1,000",87,officetel
1511,서울특별시 광진구 군자동,473-1,0473,0001,(473-1),월세,18.1000,202601,30,"1,000",92,16,2019,천호대로 530,202603~202703,갱신,-,"1,000",87,officetel
1512,서울특별시 광진구 화양동,302-24,0302,0024,(302-24),월세,24.6000,202601,30,"3,000",65,6,2002,광나루로 454,202602~202802,신규,-,,,officetel
1513,서울특별시 광진구 화양동,111-12,0111,0012,빌리브 인테라스,전세,16.8800,202601,30,"23,650",0,16,2021,능동로 172,202601~202801,갱신,사용,"24,000",0,officetel
1514,서울특별시 광진구 화양동,116-2,0116,0002,화양동 동도센트리움 캠퍼스파크,월세,21.4700,202601,30,"19,000",20,6,2019,광나루로 370,202602~202802,신규,-,,,officetel
1515,서울특별시 광진구 구의동,252-16,0252,0016,웰츠타워,월세,24.8200,202601,29,"1,000",89,18,2015,자양로 116,202602~202702,신규,-,,,officetel
1516,서울특별시 광진구 광장동,108,0108,0000,효성리버카운티,월세,26.6700,202601,29,"1,000",65,9,2003,아차산로78길 56,202603~202703,신규,-,,,officetel
1517,서울특별시 광진구 자양동,854,0854,0000,광진트라팰리스,월세,59.2500,202601,29,"4,000",200,4,2006,뚝섬로34길 67,202603~202803,신규,-,,,officetel
1518,서울특별시 광진구 화양동,19-2,0019,0002,(19-2),월세,50.0000,202601,29,"1,000",55,6,2013,광나루로16길 6,202602~202802,신규,-,,,officetel
1519,서울특별시 광진구 화양동,17-20,0017,0020,더리브오피스텔,전세,19.4300,202601,29,"15,700",0,3,2011,광나루로16길 9-9,202603~202803,신규,-,,,officetel
1520,서울특별시 광진구 화양동,20-16,0020,0016,(20-16),전세,25.4400,202601,29,"25,000",0,3,2021,광나루로12길 11,202602~202802,신규,-,,,officetel
1521,서울특별시 광진구 화양동,17-16,0017,0016,아스하임,월세,18.8300,202601,29,"1,000",85,3,2016,군자로 43,202602~202702,신규,-,,,officetel
1522,서울특별시 광진구 화양동,17-16,0017,0016,아스하임,월세,18.8300,202601,29,"1,000",80,6,2016,군자로 43,202602~202802,신규,-,,,officetel
1523,서울특별시 광진구 화양동,193,0193,0000,하이뷰오피스텔,월세,18.4300,202601,29,"23,400",4,17,2020,광나루로 386,202602~202802,갱신,-,"23,400",0,officetel
1524,서울특별시 광진구 화양동,21-20,0021,0020,광진캠퍼스시티,월세,16.0800,202601,29,"1,000",75,4,2017,동일로 178,202601~202701,신규,-,,,officetel
1525,서울특별시 광진구 구의동,251-34,0251,0034,신도브래뉴오피스텔,월세,24.4100,202601,28,"1,000",68,4,2003,자양로 138,202603~202703,갱신,-,"1,000",65,officetel
1526,서울특별시 광진구 구의동,589-10,0589,0010,구의아크로리버,월세,26.8600,202601,28,"1,000",70,4,2004,구의강변로 64,202602~202702,신규,-,,,officetel
1527,서울특별시 광진구 화양동,3-60,0003,0060,몽몽공장,월세,56.8700,202601,28,100,67,5,2020,능동로13길 10-9,202603~202702,갱신,-,100,67,officetel
1528,서울특별시 광진구 화양동,21-22,0021,0022,케이타워 오피스텔 B,월세,18.8500,202601,28,"12,000",22,8,2013,동일로30길 23,202601~202801,갱신,사용,"13,500",10,officetel
1529,서울특별시 광진구 자양동,854,0854,0000,광진트라팰리스,전세,61.7600,202601,28,"53,000",0,2,2006,뚝섬로34길 67,202603~202803,신규,-,,,officetel
1530,서울특별시 광진구 화양동,527,0527,0000,KCC파크타운,월세,25.7900,202601,28,"1,000",74,10,2005,광나루로 410,202602~202702,신규,-,,,officetel
1531,서울특별시 광진구 자양동,767-4,0767,0004,자양오피스텔,전세,30.2400,202601,28,"10,000",0,8,1999,자양로 135,202602~202802,신규,-,,,officetel
1532,서울특별시 광진구 군자동,478-3,0478,0003,(478-3),월세,26.8500,202601,28,"1,000",100,8,2020,군자로 184,202603~202703,신규,-,,,officetel
1533,서울특별시 광진구 구의동,246-14,0246,0014,크레신타워3차,월세,26.9100,202601,27,"1,000",75,11,2006,아차산로 375,202602~202702,신규,-,,,officetel
1534,서울특별시 광진구 화양동,21-23,0021,0023,케이타워 오피스텔 A,월세,19.9300,202601,27,"1,000",68,6,2013,광나루로14길 8,202601~202801,갱신,-,"1,000",65,officetel
1535,서울특별시 광진구 자양동,779,0779,0000,타워더모스트광진아크로텔,월세,23.9700,202601,27,"20,000",20,6,2014,아차산로 355,202603~202803,신규,-,,,officetel
1536,서울특별시 광진구 능동,283-15,0283,0015,(283-15),월세,28.8800,202601,27,"15,000",10,4,2004,능동로 268,202602~202802,신규,-,,,officetel
1537,서울특별시 광진구 구의동,251-34,0251,0034,신도브래뉴오피스텔,월세,20.0800,202601,26,"1,000",60,7,2003,자양로 138,202602~202702,신규,-,,,officetel
1538,서울특별시 광진구 자양동,227-7,0227,0007,더샵스타시티,전세,196.4800,202601,26,"133,000",0,11,2007,아차산로 262,202605~202806,갱신,사용,"127,000",0,officetel
1539,서울특별시 광진구 화양동,17-20,0017,0020,더리브오피스텔,월세,19.5400,202601,26,"15,700",10,4,2011,광나루로16길 9-9,202602~202802,신규,-,,,officetel
1540,서울특별시 광진구 화양동,111-12,0111,0012,빌리브 인테라스,월세,16.8800,202601,26,"10,000",59,4,2021,능동로 172,202602~202802,신규,-,,,officetel
1541,서울특별시 광진구 화양동,174,0174,0000,건대 트레비앙 오피스텔,월세,18.6600,202601,26,"1,000",100,16,2023,광나루로 374,202602~202802,신규,-,,,officetel
1542,서울특별시 광진구 화양동,527,0527,0000,KCC파크타운,월세,25.7900,202601,26,"1,000",85,10,2005,광나루로 410,202601~202801,신규,-,,,officetel
1543,서울특별시 광진구 중곡동,639-4,0639,0004,정익제이타워1차,월세,16.3700,202601,26,"3,000",76,4,2018,천호대로 531-1,202603~202703,갱신,사용,"3,000",70,officetel
1544,서울특별시 광진구 중곡동,639-6,0639,0006,정익제이타워2차,월세,15.9300,202601,26,"17,000",15,7,2020,천호대로 537,202604~202804,신규,-,,,officetel
1545,서울특별시 광진구 중곡동,649-11,0649,0011,평강오피스텔,월세,25.0000,202601,26,200,100,8,2020,능동로37길 9,202602~202608,신규,-,,,officetel
1546,서울특별시 광진구 군자동,473-1,0473,0001,(473-1),월세,18.0800,202601,26,"1,000",83,8,2019,천호대로 530,202603~202703,신규,-,,,officetel
1547,서울특별시 광진구 구의동,243-71,0243,0071,구의동 벨라로사 오피스텔,전세,22.3300,202601,26,"19,790",0,7,2019,아차산로 405,202602~202802,갱신,-,"19,300",0,officetel
1548,서울특별시 광진구 구의동,243-71,0243,0071,구의동 벨라로사 오피스텔,전세,20.9400,202601,26,"21,000",0,11,2019,아차산로 405,202602~202802,갱신,사용,"20,500",0,officetel
1549,서울특별시 광진구 구의동,251-34,0251,0034,신도브래뉴오피스텔,월세,36.8600,202601,26,"1,000",78,4,2003,자양로 138,202601~202701,갱신,-,"1,000",75,officetel
1550,서울특별시 광진구 구의동,251-34,0251,0034,신도브래뉴오피스텔,월세,33.1500,202601,26,"1,000",80,9,2003,자양로 138,202601~202701,신규,-,,,officetel
1551,서울특별시 광진구 화양동,174,0174,0000,건대 트레비앙 오피스텔,월세,17.4600,202601,25,"5,000",77,4,2023,광나루로 374,202602~202702,신규,-,,,officetel
1552,서울특별시 광진구 화양동,18-9,0018,0009,화양 디펠리체,월세,20.4500,202601,24,"1,000",92,14,2019,광나루로 358,202603~202803,신규,-,,,officetel
1553,서울특별시 광진구 화양동,21-22,0021,0022,케이타워 오피스텔 B,월세,18.8500,202601,24,"1,000",75,13,2013,동일로30길 23,202601~202701,신규,-,,,officetel
1554,서울특별시 광진구 군자동,473-21,0473,0021,스테이 더 디자이너스 군자,월세,16.9400,202601,24,"2,000",95,13,2020,천호대로 538,202602~202702,신규,-,,,officetel
1555,서울특별시 광진구 화양동,174,0174,0000,건대 트레비앙 오피스텔,월세,18.6600,202601,24,"1,000",115,13,2023,광나루로 374,202602~202702,갱신,사용,"1,000",115,officetel
1556,서울특별시 광진구 화양동,21-20,0021,0020,광진캠퍼스시티,월세,16.0800,202601,24,"1,000",70,3,2017,동일로 178,202601~202701,신규,-,,,officetel
1557,서울특별시 광진구 화양동,21-20,0021,0020,광진캠퍼스시티,월세,16.0800,202601,24,"11,000",30,10,2017,동일로 178,202601~202712,신규,-,,,officetel
1558,서울특별시 광진구 중곡동,639-6,0639,0006,정익제이타워2차,전세,15.9300,202601,24,"19,000",0,13,2020,천호대로 537,202603~202803,신규,-,,,officetel
1559,서울특별시 광진구 자양동,861,0861,0000,자양 호반써밋,월세,21.3800,202601,24,"1,000",105,16,2021,능동로 69,202602~202702,갱신,-,"1,000",100,officetel
1560,서울특별시 광진구 화양동,111-88,0111,0088,신원리브웰 화양동 주상복합,월세,15.2700,202601,24,"15,000",35,9,2019,능동로 170,202602~202802,갱신,-,"15,000",30,officetel
1561,서울특별시 광진구 구의동,246-14,0246,0014,크레신타워3차,월세,25.3500,202601,24,"1,000",77,15,2006,아차산로 375,202602~202702,신규,-,,,officetel
1562,서울특별시 광진구 구의동,251-157,0251,0157,아델리아 구의타워,월세,18.7400,202601,24,"1,000",65,8,2010,자양로 156,202602~202702,신규,-,,,officetel
1563,서울특별시 광진구 자양동,861,0861,0000,자양 호반써밋,월세,18.7400,202601,24,"3,000",95,5,2021,능동로 69,202602~202802,신규,-,,,officetel
1564,서울특별시 광진구 구의동,246-14,0246,0014,크레신타워3차,월세,26.9100,202601,23,"1,000",75,14,2006,아차산로 375,202602~202702,신규,-,,,officetel
1565,서울특별시 광진구 자양동,224-12,0224,0012,(224-12),월세,20.5200,202601,23,"1,000",65,5,2002,아차산로 317,202601~202801,신규,-,,,officetel
1566,서울특별시 광진구 자양동,779,0779,0000,타워더모스트광진아크로텔,월세,25.2100,202601,23,"1,000",89,13,2014,아차산로 355,202602~202702,갱신,사용,"1,000",85,officetel
1567,서울특별시 광진구 광장동,530-7,0530,0007,광장동 이노빌 오피스텔,전세,95.2800,202601,23,"65,000",0,4,2005,광나루로 585,202604~202804,갱신,-,"33,000",0,officetel
1568,서울특별시 광진구 화양동,21-20,0021,0020,광진캠퍼스시티,월세,17.4900,202601,23,"1,000",75,10,2017,동일로 178,202601~202701,신규,-,,,officetel
1569,서울특별시 광진구 구의동,218-15,0218,0015,와이엔 오피스텔,월세,25.1600,202601,22,"1,000",65,4,2003,아차산로 444,202602~202801,신규,-,,,officetel
1570,서울특별시 광진구 광장동,108,0108,0000,효성리버카운티,월세,28.7500,202601,22,"1,000",70,10,2003,아차산로78길 56,202602~202702,신규,-,,,officetel
1571,서울특별시 광진구 구의동,246-14,0246,0014,크레신타워3차,월세,25.3500,202601,22,"1,000",75,7,2006,아차산로 375,202603~202703,신규,-,,,officetel
1572,서울특별시 광진구 구의동,243-13,0243,0013,리버 비스타 구의,월세,20.8700,202601,22,"19,800",10,16,2019,아차산로 417,202602~202802,갱신,사용,"20,000",0,officetel
1573,서울특별시 광진구 구의동,253-19,0253,0019,센트럴빌,월세,41.2900,202601,22,"1,000",98,10,2003,광나루로 486,202603~202803,신규,-,,,officetel
1574,서울특별시 광진구 자양동,767-4,0767,0004,자양오피스텔,전세,30.2400,202601,22,"10,000",0,8,1999,자양로 135,202603~202803,신규,-,,,officetel
1575,서울특별시 광진구 자양동,779,0779,0000,타워더모스트광진아크로텔,월세,32.1800,202601,22,"1,000",124,11,2014,아차산로 355,202603~202703,신규,-,,,officetel
1576,서울특별시 광진구 중곡동,190-3,0190,0003,위너스텔,월세,20.3500,202601,22,300,54,2,2003,동일로 418,202601~202701,갱신,-,300,53,officetel
1577,서울특별시 광진구 중곡동,190-3,0190,0003,위너스텔,월세,18.1500,202601,22,500,52,6,2003,동일로 418,202601~202701,갱신,-,500,51,officetel
1578,서울특별시 광진구 중곡동,639-4,0639,0004,정익제이타워1차,월세,16.2200,202601,22,"2,000",83,12,2018,천호대로 531-1,202601~202701,갱신,-,"2,000",80,officetel
1579,서울특별시 광진구 화양동,21-2,0021,0002,브라운스톤 화양,월세,60.5400,202601,22,"3,000",120,3,2006,광나루로 346,202602~202702,신규,-,,,officetel
1580,서울특별시 광진구 화양동,111-12,0111,0012,빌리브 인테라스,월세,16.8800,202601,22,"18,000",30,5,2021,능동로 172,202602~202802,신규,-,,,officetel
1581,서울특별시 광진구 군자동,473-1,0473,0001,(473-1),월세,18.1000,202601,21,"1,000",85,11,2019,천호대로 530,202602~202702,갱신,-,"1,000",73,officetel
1582,서울특별시 광진구 구의동,253-19,0253,0019,센트럴빌,월세,32.1900,202601,21,"1,000",75,4,2003,광나루로 486,202602~202802,신규,-,,,officetel
1583,서울특별시 광진구 중곡동,648-14,0648,0014,아지(AZ)0213,월세,20.6400,202601,21,"1,000",80,7,2015,능동로37길 6,202603~202803,신규,-,,,officetel
1584,서울특별시 광진구 자양동,779,0779,0000,타워더모스트광진아크로텔,월세,22.7600,202601,21,"1,000",90,15,2014,아차산로 355,202603~202703,신규,-,,,officetel
1585,서울특별시 광진구 화양동,101-3,0101,0003,(101-3),월세,74.5500,202601,21,"1,000",65,2,2012,군자로6길 41,202602~202802,신규,-,,,officetel
1586,서울특별시 광진구 구의동,589-10,0589,0010,구의아크로리버,월세,20.0600,202601,21,"1,000",60,4,2004,구의강변로 64,202602~202802,신규,-,,,officetel
1587,서울특별시 광진구 구의동,246-1,0246,0001,테라펠리스 건대 3차,월세,17.0500,202601,21,"1,000",105,9,2021,아차산로55길 11,202602~202702,신규,-,,,officetel
1588,서울특별시 광진구 군자동,473-1,0473,0001,(473-1),월세,18.1000,202601,21,"18,000",10,15,2019,천호대로 530,202602~202702,갱신,-,"18,570",0,officetel
1589,서울특별시 광진구 화양동,21-22,0021,0022,케이타워 오피스텔 B,월세,18.8500,202601,20,"10,000",50,12,2013,동일로30길 23,202602~202802,신규,-,,,officetel
1590,서울특별시 광진구 군자동,473-1,0473,0001,(473-1),월세,16.6800,202601,20,"1,000",88,10,2019,천호대로 530,202602~202702,갱신,-,"1,000",85,officetel
1591,서울특별시 광진구 화양동,21-20,0021,0020,광진캠퍼스시티,월세,16.0800,202601,20,"12,000",12,4,2017,동일로 178,202602~202802,갱신,-,"12,000",9,officetel
1592,서울특별시 광진구 구의동,633-4,0633,0004,진성파크뷰,월세,32.0600,202601,20,"5,000",150,2,2022,광나루로30길 3,202602~202702,신규,-,,,officetel
1593,서울특별시 광진구 중곡동,157-17,0157,0017,리아리움더언타워,월세,15.4500,202601,20,"2,000",74,5,2017,천호대로109길 9,202602~202802,갱신,사용,"2,000",70,officetel
1594,서울특별시 광진구 중곡동,158-18,0158,0018,마인하임158,전세,19.5000,202601,20,"21,000",0,3,2018,능동로40길 10-5,202602~202802,신규,-,,,officetel
1595,서울특별시 광진구 중곡동,648-14,0648,0014,아지(AZ)0213,월세,20.4400,202601,20,"3,000",70,9,2015,능동로37길 6,202602~202702,신규,-,,,officetel
1596,서울특별시 광진구 화양동,21-20,0021,0020,광진캠퍼스시티,월세,17.4900,202601,20,"12,500",20,3,2017,동일로 178,202602~202802,신규,-,,,officetel
1597,서울특별시 광진구 화양동,18-9,0018,0009,화양 디펠리체,월세,20.2800,202601,20,"16,200",14,7,2019,광나루로 358,202602~202802,신규,-,,,officetel
1598,서울특별시 광진구 화양동,2-22,0002,0022,비다펠리즈,전세,19.2600,202601,20,"25,000",0,4,2021,능동로 153-1,202602~202802,신규,-,,,officetel
1599,서울특별시 광진구 화양동,19-18,0019,0018,(19-18),월세,9.4000,202601,20,500,65,4,2013,광나루로14길 31-1,202602~202802,신규,-,,,officetel
1600,서울특별시 광진구 화양동,23-5,0023,0005,더 메종 건대,전세,17.7100,202601,19,"22,500",0,17,2022,동일로 174,202602~202802,신규,-,,,officetel
1601,서울특별시 광진구 화양동,21-20,0021,0020,광진캠퍼스시티,월세,16.0800,202601,19,"12,000",25,8,2017,동일로 178,202602~202702,신규,-,,,officetel
1602,서울특별시 광진구 자양동,861,0861,0000,자양 호반써밋,전세,18.7400,202601,19,"22,500",0,13,2021,능동로 69,202601~202701,갱신,-,"23,000",0,officetel
1603,서울특별시 광진구 구의동,218-15,0218,0015,와이엔 오피스텔,월세,26.8300,202601,19,"1,000",70,7,2003,아차산로 444,202603~202802,신규,-,,,officetel
1604,서울특별시 광진구 구의동,218-15,0218,0015,와이엔 오피스텔,월세,25.3300,202601,19,"1,000",70,4,2003,아차산로 444,202602~202802,갱신,사용,"1,000",65,officetel
1605,서울특별시 광진구 화양동,111-12,0111,0012,빌리브 인테라스,월세,16.8800,202601,19,"21,000",10,9,2021,능동로 172,202601~202801,갱신,-,"21,600",0,officetel
1606,서울특별시 광진구 화양동,23-37,0023,0037,까사펠리즈 화양,월세,19.0800,202601,19,"15,000",30,9,2025,광나루로12길 20,202602~202802,신규,-,,,officetel
1607,서울특별시 광진구 화양동,17-20,0017,0020,더리브오피스텔,전세,19.4300,202601,19,"15,700",0,4,2011,광나루로16길 9-9,202603~202803,신규,-,,,officetel
1608,서울특별시 광진구 광장동,125,0125,0000,워커힐 팰리스,월세,32.3700,202601,19,"2,000",85,2,2005,아차산로78길 18,202602~202702,신규,-,,,officetel
1609,서울특별시 광진구 화양동,174,0174,0000,건대 트레비앙 오피스텔,월세,17.4600,202601,19,"1,000",100,12,2023,광나루로 374,202601~202701,갱신,-,500,100,officetel
1610,서울특별시 광진구 능동,222-7,0222,0007,(222-7),전세,20.9400,202601,19,"17,000",0,5,2017,능동로36길 29,202603~202803,신규,-,,,officetel
1611,서울특별시 광진구 구의동,251-31,0251,0031,로젠스톤,월세,17.8300,202601,19,"5,700",76,2,2017,자양로 144,202602~202802,갱신,-,"5,000",74,officetel
1612,서울특별시 광진구 구의동,667,0667,0000,강변에스케이뷰,월세,28.0100,202601,19,"1,000",73,2,2017,아차산로 431,202602~202802,신규,-,,,officetel
1613,서울특별시 광진구 화양동,21-20,0021,0020,광진캠퍼스시티,월세,16.0800,202601,19,"1,000",71,4,2017,동일로 178,202602~202702,신규,-,,,officetel
1614,서울특별시 광진구 자양동,680-2,0680,0002,안틸리아 자양,월세,25.9800,202601,18,"5,000",137,7,2022,자양로 92,202601~202801,갱신,사용,"5,000",130,officetel
1615,서울특별시 광진구 화양동,94-13,0094,0013,엘리시아1차,월세,15.0500,202601,18,"1,000",95,9,2021,광나루로20길 36-3,202602~202701,신규,-,,,officetel
1616,서울특별시 광진구 화양동,111-12,0111,0012,빌리브 인테라스,월세,16.8800,202601,18,"1,000",110,12,2021,능동로 172,202602~202802,신규,-,,,officetel
1617,서울특별시 광진구 화양동,132-75,0132,0075,엘리시안파크,전세,16.8400,202601,18,"16,400",0,5,2015,군자로 46,202602~202802,신규,-,,,officetel
1618,서울특별시 광진구 화양동,111-12,0111,0012,빌리브 인테라스,월세,16.8800,202601,18,"21,000",10,18,2021,능동로 172,202602~202802,신규,-,,,officetel
1619,서울특별시 광진구 중곡동,639-6,0639,0006,정익제이타워2차,월세,15.9300,202601,17,"1,000",90,5,2020,천호대로 537,202601~202701,갱신,-,"1,000",85,officetel
1620,서울특별시 광진구 구의동,253-19,0253,0019,센트럴빌,월세,32.1900,202601,17,"1,000",72,2,2003,광나루로 486,202602~202802,신규,-,,,officetel
1621,서울특별시 광진구 구의동,243-13,0243,0013,리버 비스타 구의,월세,20.8700,202601,17,"5,000",66,8,2019,아차산로 417,202603~202703,신규,-,,,officetel
1622,서울특별시 광진구 구의동,667,0667,0000,강변에스케이뷰,월세,28.0100,202601,17,"1,000",90,2,2017,아차산로 431,202603~202803,신규,-,,,officetel
1623,서울특별시 광진구 구의동,667,0667,0000,강변에스케이뷰,전세,28.0100,202601,17,"20,000",0,2,2017,아차산로 431,202601~202801,신규,-,,,officetel
1624,서울특별시 광진구 구의동,243-13,0243,0013,리버 비스타 구의,월세,18.4600,202601,17,"19,000",4,13,2019,아차산로 417,202602~202802,갱신,사용,"19,000",0,officetel
1625,서울특별시 광진구 구의동,246-14,0246,0014,크레신타워3차,월세,25.3500,202601,17,"1,000",75,15,2006,아차산로 375,202601~202701,신규,-,,,officetel
1626,서울특별시 광진구 구의동,75-1,0075,0001,썬-타워빌딩,월세,25.6400,202601,17,"2,000",52,7,2007,천호대로 670,202602~202701,갱신,-,"2,000",50,officetel
1627,서울특별시 광진구 구의동,76-1,0076,0001,그랜드파크 오피스텔,월세,33.6700,202601,17,"3,000",120,7,2017,천호대로 666,202601~202801,신규,-,,,officetel
1628,서울특별시 광진구 중곡동,157-17,0157,0017,리아리움더언타워,월세,15.5600,202601,17,"1,000",80,10,2017,천호대로109길 9,202602~202802,신규,-,,,officetel
1629,서울특별시 광진구 화양동,116-2,0116,0002,화양동 동도센트리움 캠퍼스파크,월세,17.0800,202601,17,"4,000",80,5,2019,광나루로 370,202601~202801,신규,-,,,officetel
1630,서울특별시 광진구 화양동,21-20,0021,0020,광진캠퍼스시티,월세,16.0800,202601,17,"1,000",90,20,2017,동일로 178,202601~202701,신규,-,,,officetel
1631,서울특별시 광진구 자양동,767-4,0767,0004,자양오피스텔,전세,30.2400,202601,17,"10,000",0,2,1999,자양로 135,202602~202802,신규,-,,,officetel
1632,서울특별시 광진구 화양동,93-3,0093,0003,캠퍼니안,월세,41.0800,202601,17,"1,000",95,2,2004,능동로16길 9,202602~202702,신규,-,,,officetel
1633,서울특별시 광진구 군자동,473-1,0473,0001,(473-1),월세,18.2000,202601,17,"2,000",90,10,2019,천호대로 530,202602~202702,신규,-,,,officetel
1634,서울특별시 광진구 화양동,111-12,0111,0012,빌리브 인테라스,월세,16.8800,202601,17,"10,000",70,17,2021,능동로 172,202601~202701,신규,-,,,officetel
1635,서울특별시 광진구 광장동,108,0108,0000,효성리버카운티,전세,24.0400,202601,17,"12,600",0,8,2003,아차산로78길 56,202601~202801,신규,-,,,officetel
1636,서울특별시 광진구 화양동,111-12,0111,0012,빌리브 인테라스,월세,16.8800,202601,17,"1,000",100,5,2021,능동로 172,202602~202702,신규,-,,,officetel
1637,서울특별시 광진구 중곡동,157-6,0157,0006,아스하임,월세,16.0400,202601,17,"1,000",85,8,2019,천호대로 559,202601~202801,신규,-,,,officetel
1638,서울특별시 광진구 화양동,527,0527,0000,KCC파크타운,월세,25.7900,202601,16,"1,000",80,6,2005,광나루로 410,202602~202702,신규,-,,,officetel
1639,서울특별시 광진구 구의동,243-71,0243,0071,구의동 벨라로사 오피스텔,월세,20.9400,202601,16,"21,000",2,14,2019,아차산로 405,202602~202802,신규,-,,,officetel
1640,서울특별시 광진구 자양동,680-11,0680,0011,Y-PARK2차,전세,32.4500,202601,16,"34,000",0,4,2021,자양로16길 14,202602~202802,신규,-,,,officetel
1641,서울특별시 광진구 자양동,219-23,0219,0023,더 트윈2,월세,19.8900,202601,16,"1,000",69,4,2020,아차산로46가길 5,202601~202801,갱신,-,"1,000",66,officetel
1642,서울특별시 광진구 자양동,224-12,0224,0012,(224-12),월세,33.3500,202601,16,"2,000",75,4,2002,아차산로 317,202602~202802,신규,-,,,officetel
1643,서울특별시 광진구 자양동,779,0779,0000,타워더모스트광진아크로텔,월세,23.9700,202601,16,"1,000",70,5,2014,아차산로 355,202601~202701,신규,-,,,officetel
1644,서울특별시 광진구 중곡동,639-6,0639,0006,정익제이타워2차,월세,15.9300,202601,16,500,83,4,2020,천호대로 537,202603~202703,신규,-,,,officetel
1645,서울특별시 광진구 광장동,108,0108,0000,효성리버카운티,월세,26.6300,202601,16,"1,000",60,2,2003,아차산로78길 56,202601~202701,신규,-,,,officetel
1646,서울특별시 광진구 화양동,17-20,0017,0020,더리브오피스텔,전세,12.5300,202601,16,"10,300",0,2,2011,광나루로16길 9-9,202602~202802,신규,-,,,officetel
1647,서울특별시 광진구 화양동,18-9,0018,0009,화양 디펠리체,월세,20.4200,202601,16,"1,000",85,13,2019,광나루로 358,202602~202702,갱신,-,"1,000",83,officetel
1648,서울특별시 광진구 중곡동,41-33,0041,0033,비버리캐슬,월세,22.8000,202601,15,"10,000",25,6,2004,능동로 366,202602~202802,갱신,-,"8,000",30,officetel
1649,서울특별시 광진구 중곡동,648-14,0648,0014,아지(AZ)0213,월세,20.4400,202601,15,"1,000",80,4,2015,능동로37길 6,202601~202701,신규,-,,,officetel
1650,서울특별시 광진구 구의동,251-34,0251,0034,신도브래뉴오피스텔,월세,33.1500,202601,15,"2,000",63,5,2003,자양로 138,202603~202803,신규,-,,,officetel
1651,서울특별시 광진구 자양동,854,0854,0000,광진트라팰리스,월세,61.7600,202601,15,"4,000",200,2,2006,뚝섬로34길 67,202603~202803,신규,-,,,officetel
1652,서울특별시 광진구 자양동,794,0794,0000,드림타운,월세,27.3300,202601,15,"1,000",63,2,1983,아차산로 312,202602~202802,신규,-,,,officetel
1653,서울특별시 광진구 자양동,779,0779,0000,타워더모스트광진아크로텔,월세,22.7600,202601,15,"18,450",10,10,2014,아차산로 355,202602~202702,갱신,-,"18,450",0,officetel
1654,서울특별시 광진구 화양동,49-12,0049,0012,글로벌시티,월세,20.6100,202601,15,"2,000",61,5,2003,아차산로 205,202602~202802,신규,-,,,officetel
1655,서울특별시 광진구 화양동,17-16,0017,0016,아스하임,월세,18.1200,202601,15,"1,000",125,5,2016,군자로 43,202601~202701,신규,-,,,officetel
1656,서울특별시 광진구 군자동,91-1,0091,0001,뫼비우스,전세,37.4000,202601,15,"29,400",0,4,2019,동일로 294,202602~202802,갱신,-,"28,000",0,officetel
1657,서울특별시 광진구 군자동,473-1,0473,0001,(473-1),월세,18.2000,202601,15,"1,000",90,8,2019,천호대로 530,202602~202702,갱신,-,"1,000",90,officetel
1658,서울특별시 광진구 군자동,473-21,0473,0021,스테이 더 디자이너스 군자,월세,16.9400,202601,15,"2,000",100,17,2020,천호대로 538,202602~202802,신규,-,,,officetel
1659,서울특별시 광진구 화양동,94-13,0094,0013,엘리시아1차,월세,15.0500,202601,15,"1,000",95,9,2021,광나루로20길 36-3,202602~202701,신규,-,,,officetel
1660,서울특별시 광진구 화양동,112-14,0112,0014,(112-14),월세,15.8600,202601,15,"3,000",74,9,2015,능동로19길 15,202602~202702,신규,-,,,officetel
1661,서울특별시 광진구 구의동,218-15,0218,0015,와이엔 오피스텔,월세,25.1600,202601,15,"1,000",60,2,2003,아차산로 444,202602~202802,신규,-,,,officetel
1662,서울특별시 광진구 구의동,251-25,0251,0025,(251-25),월세,29.9800,202601,15,"5,000",52,6,2017,자양로 146,202601~202801,신규,-,,,officetel
1663,서울특별시 광진구 중곡동,639-6,0639,0006,정익제이타워2차,월세,15.9300,202601,15,"2,000",90,6,2020,천호대로 537,202601~202801,신규,-,,,officetel
1664,서울특별시 광진구 군자동,473-1,0473,0001,(473-1),월세,18.2000,202601,14,"1,000",90,3,2019,천호대로 530,202602~202702,신규,-,,,officetel
1665,서울특별시 광진구 군자동,473-1,0473,0001,(473-1),전세,16.6800,202601,14,"16,380",0,17,2019,천호대로 530,202603~202803,갱신,-,"16,380",0,officetel
1666,서울특별시 광진구 화양동,527,0527,0000,KCC파크타운,월세,25.7900,202601,14,"1,000",79,9,2005,광나루로 410,202603~202703,갱신,-,"1,000",75,officetel
1667,서울특별시 광진구 화양동,193,0193,0000,하이뷰오피스텔,월세,18.4300,202601,14,"10,000",60,18,2020,광나루로 386,202602~202802,신규,-,,,officetel
1668,서울특별시 광진구 화양동,113-1,0113,0001,광진 코지웰,월세,19.5300,202601,14,"10,000",40,13,2014,능동로19길 35,202602~202802,신규,-,,,officetel
1669,서울특별시 광진구 화양동,21-22,0021,0022,케이타워 오피스텔 B,월세,18.8500,202601,14,800,70,9,2013,동일로30길 23,202602~202702,신규,-,,,officetel
1670,서울특별시 광진구 광장동,396-13,0396,0013,(396-13),월세,31.7600,202601,13,"1,000",85,1,2000,천호대로 796,202604~202804,신규,-,,,officetel
1671,서울특별시 광진구 구의동,218-15,0218,0015,와이엔 오피스텔,월세,26.8200,202601,13,"4,000",44,4,2003,아차산로 444,202602~202801,갱신,-,"4,000",35,officetel
1672,서울특별시 광진구 구의동,253-19,0253,0019,센트럴빌,월세,32.1900,202601,13,"1,000",72,3,2003,광나루로 486,202602~202802,신규,-,,,officetel
1673,서울특별시 광진구 구의동,246-68,0246,0068,라퓨타 빌딩,월세,12.4000,202601,13,"5,000",53,6,2019,자양로18길 34-5,202603~202803,갱신,-,"5,000",50,officetel
1674,서울특별시 광진구 화양동,111-12,0111,0012,빌리브 인테라스,월세,16.8800,202601,13,"1,000",95,7,2021,능동로 172,202602~202702,신규,-,,,officetel
1675,서울특별시 광진구 중곡동,157-17,0157,0017,리아리움더언타워,월세,17.4700,202601,13,"3,000",75,7,2017,천호대로109길 9,202601~202701,신규,-,,,officetel
1676,서울특별시 광진구 군자동,473-1,0473,0001,(473-1),월세,18.1300,202601,13,"17,000",29,8,2019,천호대로 530,202602~202802,갱신,-,"17,000",25,officetel
1677,서울특별시 광진구 군자동,473-1,0473,0001,(473-1),월세,16.6800,202601,13,"16,700",11,7,2019,천호대로 530,202601~202701,갱신,사용,"17,100",9,officetel
1678,서울특별시 광진구 화양동,174,0174,0000,건대 트레비앙 오피스텔,월세,17.4600,202601,13,"1,000",100,3,2023,광나루로 374,202602~202702,신규,-,,,officetel
1679,서울특별시 광진구 화양동,527,0527,0000,KCC파크타운,월세,32.1600,202601,13,"3,000",80,11,2005,광나루로 410,202601~202801,신규,-,,,officetel
1680,서울특별시 광진구 화양동,18-9,0018,0009,화양 디펠리체,월세,20.4500,202601,12,"16,200",15,12,2019,광나루로 358,202601~202801,갱신,-,"17,500",5,officetel
1681,서울특별시 광진구 화양동,111-102,0111,0102,아스하임,월세,17.8000,202601,12,"1,000",90,5,2018,광나루로 382,202602~202701,신규,-,,,officetel
1682,서울특별시 광진구 화양동,21-20,0021,0020,광진캠퍼스시티,월세,17.4900,202601,12,"1,000",85,19,2017,동일로 178,202601~202801,신규,-,,,officetel
1683,서울특별시 광진구 군자동,473-1,0473,0001,(473-1),월세,18.0800,202601,12,"2,000",95,15,2019,천호대로 530,202601~202801,신규,-,,,officetel
1684,서울특별시 광진구 군자동,473-21,0473,0021,스테이 더 디자이너스 군자,월세,16.9400,202601,12,"13,000",35,5,2020,천호대로 538,202602~202802,신규,-,,,officetel
1685,서울특별시 광진구 중곡동,639-6,0639,0006,정익제이타워2차,월세,15.9300,202601,12,"2,000",79,9,2020,천호대로 537,202603~202703,갱신,-,"2,000",71,officetel
1686,서울특별시 광진구 자양동,779,0779,0000,타워더모스트광진아크로텔,월세,27.1700,202601,12,"1,000",95,14,2014,아차산로 355,202601~202701,갱신,-,"1,000",90,officetel
1687,서울특별시 광진구 자양동,779,0779,0000,타워더모스트광진아크로텔,월세,22.7600,202601,12,"16,000",30,22,2014,아차산로 355,202603~202803,신규,-,,,officetel
1688,서울특별시 광진구 구의동,253-19,0253,0019,센트럴빌,월세,32.1900,202601,12,"1,000",70,3,2003,광나루로 486,202603~202803,갱신,-,"1,000",65,officetel
1689,서울특별시 광진구 화양동,17-20,0017,0020,더리브오피스텔,월세,12.5300,202601,12,"2,000",55,3,2011,광나루로16길 9-9,202602~202802,신규,-,,,officetel
1690,서울특별시 광진구 화양동,111-12,0111,0012,빌리브 인테라스,월세,16.8800,202601,12,"21,000",10,3,2021,능동로 172,202602~202802,신규,-,,,officetel
1691,서울특별시 광진구 화양동,302-24,0302,0024,(302-24),월세,24.9000,202601,12,"3,000",60,5,2002,광나루로 454,202601~202801,신규,-,,,officetel
1692,서울특별시 광진구 화양동,18-9,0018,0009,화양 디펠리체,월세,20.4500,202601,12,"17,500",5,12,2019,광나루로 358,202601~202801,갱신,-,"17,500",5,officetel
1693,서울특별시 광진구 화양동,18-9,0018,0009,화양 디펠리체,월세,20.4500,202601,12,"1,000",95,8,2019,광나루로 358,202602~202702,신규,-,,,officetel
1694,서울특별시 광진구 구의동,243-13,0243,0013,리버 비스타 구의,전세,18.4600,202601,12,"18,000",0,7,2019,아차산로 417,202603~202803,신규,-,,,officetel
1695,서울특별시 광진구 구의동,243-71,0243,0071,구의동 벨라로사 오피스텔,월세,20.9400,202601,12,"21,300",12,13,2019,아차산로 405,202602~202802,신규,-,,,officetel
1696,서울특별시 광진구 구의동,199-8,0199,0008,(199-8),월세,27.0300,202601,11,"2,000",95,9,2017,아차산로 480,202601~202801,신규,-,,,officetel
1697,서울특별시 광진구 군자동,355-1,0355,0001,동원데쟈뷰,월세,17.1600,202601,11,"2,000",83,10,2020,동일로 194,202602~202702,신규,-,,,officetel
1698,서울특별시 광진구 화양동,21-22,0021,0022,케이타워 오피스텔 B,월세,18.8500,202601,11,"1,000",80,16,2013,동일로30길 23,202603~202702,신규,-,,,officetel
1699,서울특별시 광진구 구의동,199-14,0199,0014,(199-14),월세,32.2500,202601,10,"13,000",13,3,2001,광나루로54길 20,202602~202802,신규,-,,,officetel
1700,서울특별시 광진구 구의동,251-170,0251,0170,아하바 하우스,전세,57.1600,202601,10,"38,500",0,2,2016,아차산로49길 95,202603~202803,신규,-,,,officetel
1701,서울특별시 광진구 군자동,473-1,0473,0001,(473-1),월세,18.1000,202601,10,"1,000",76,15,2019,천호대로 530,202602~202702,신규,-,,,officetel
1702,서울특별시 광진구 광장동,108,0108,0000,효성리버카운티,월세,24.0400,202601,10,"10,000",20,9,2003,아차산로78길 56,202602~202802,신규,-,,,officetel
1703,서울특별시 광진구 화양동,21-20,0021,0020,광진캠퍼스시티,월세,16.0800,202601,10,"1,000",73,6,2017,동일로 178,202601~202801,갱신,-,"1,000",70,officetel
1704,서울특별시 광진구 화양동,174,0174,0000,건대 트레비앙 오피스텔,월세,17.4600,202601,10,"5,000",74,14,2023,광나루로 374,202602~202702,신규,-,,,officetel
1705,서울특별시 광진구 화양동,111-102,0111,0102,아스하임,월세,18.8400,202601,10,"1,000",100,6,2018,광나루로 382,202602~202802,신규,-,,,officetel
1706,서울특별시 광진구 화양동,193,0193,0000,하이뷰오피스텔,전세,18.4300,202601,10,"20,600",0,12,2020,광나루로 386,202601~202801,신규,-,,,officetel
1707,서울특별시 광진구 화양동,111-12,0111,0012,빌리브 인테라스,월세,16.8800,202601,10,"10,000",60,10,2021,능동로 172,202602~202802,신규,-,,,officetel
1708,서울특별시 광진구 화양동,18-9,0018,0009,화양 디펠리체,월세,20.4500,202601,10,"6,000",56,16,2019,광나루로 358,202601~202801,신규,-,,,officetel
1709,서울특별시 광진구 화양동,21-20,0021,0020,광진캠퍼스시티,월세,16.0800,202601,10,"1,000",70,17,2017,동일로 178,202602~202702,갱신,-,"1,000",67,officetel
1710,서울특별시 광진구 화양동,21-20,0021,0020,광진캠퍼스시티,월세,16.0800,202601,10,"1,000",71,13,2017,동일로 178,202602~202702,갱신,사용,"1,000",67,officetel
1711,서울특별시 광진구 화양동,21-20,0021,0020,광진캠퍼스시티,월세,16.0800,202601,10,"1,000",80,19,2017,동일로 178,202602~202702,갱신,-,"1,000",78,officetel
1712,서울특별시 광진구 구의동,246-14,0246,0014,크레신타워3차,월세,25.3500,202601,10,"1,000",77,13,2006,아차산로 375,202602~202702,신규,-,,,officetel
1713,서울특별시 광진구 화양동,21-20,0021,0020,광진캠퍼스시티,월세,16.0800,202601,10,"1,000",75,12,2017,동일로 178,202601~202701,신규,-,,,officetel
1714,서울특별시 광진구 구의동,251-34,0251,0034,신도브래뉴오피스텔,월세,31.2000,202601,10,"5,000",50,8,2003,자양로 138,202602~202702,신규,-,,,officetel
1715,서울특별시 광진구 자양동,2-2,0002,0002,건대입구역자이엘라,전세,18.6000,202601,10,"23,150",0,8,2022,능동로 87,202601~202701,갱신,-,"22,050",0,officetel
1716,서울특별시 광진구 자양동,2-2,0002,0002,건대입구역자이엘라,월세,18.6000,202601,10,"1,000",130,18,2022,능동로 87,202602~202702,신규,-,,,officetel
1717,서울특별시 광진구 자양동,2-3,0002,0003,더 라움 펜트하우스,월세,58.8200,202601,10,"2,000",370,6,2022,능동로 81,202601~202603,신규,-,,,officetel
1718,서울특별시 광진구 화양동,193,0193,0000,하이뷰오피스텔,월세,18.5700,202601,10,"23,400",10,12,2020,광나루로 386,202602~202802,신규,-,,,officetel
1719,서울특별시 광진구 자양동,779,0779,0000,타워더모스트광진아크로텔,월세,32.1800,202601,10,"2,000",110,5,2014,아차산로 355,202602~202702,신규,-,,,officetel
1720,서울특별시 광진구 중곡동,158-18,0158,0018,마인하임158,월세,25.0100,202601,10,"5,000",60,3,2018,능동로40길 10-5,202602~202802,신규,-,,,officetel
1721,서울특별시 광진구 중곡동,341-3,0341,0003,아뜰리에,월세,17.8300,202601,10,"12,000",40,4,2018,능동로38길 38,202602~202702,신규,-,,,officetel
1722,서울특별시 광진구 중곡동,157-6,0157,0006,아스하임,월세,16.7300,202601,10,500,85,7,2019,천호대로 559,202601~202701,신규,-,,,officetel
1723,서울특별시 광진구 중곡동,41-33,0041,0033,비버리캐슬,월세,28.1200,202601,10,"9,000",45,4,2004,능동로 366,202601~202801,신규,-,,,officetel
1724,서울특별시 광진구 중곡동,639-4,0639,0004,정익제이타워1차,월세,16.3700,202601,10,"9,000",50,3,2018,천호대로 531-1,202601~202701,갱신,사용,"9,000",50,officetel
1725,서울특별시 광진구 구의동,251-157,0251,0157,아델리아 구의타워,월세,18.7400,202601,10,"1,000",65,3,2010,자양로 156,202602~202702,신규,-,,,officetel
1726,서울특별시 광진구 화양동,111-12,0111,0012,빌리브 인테라스,월세,16.8800,202601,09,"5,000",80,7,2021,능동로 172,202602~202702,신규,-,,,officetel
1727,서울특별시 광진구 자양동,859,0859,0000,래미안프리미어팰리스,전세,49.4300,202601,09,"34,500",0,4,2017,아차산로 345,202601~202801,갱신,-,"33,500",0,officetel
1728,서울특별시 광진구 자양동,779,0779,0000,타워더모스트광진아크로텔,월세,23.9700,202601,09,"3,000",77,14,2014,아차산로 355,202603~202703,신규,-,,,officetel
1729,서울특별시 광진구 자양동,779,0779,0000,타워더모스트광진아크로텔,월세,23.9700,202601,09,"5,000",70,17,2014,아차산로 355,202603~202703,신규,-,,,officetel
1730,서울특별시 광진구 구의동,252-16,0252,0016,웰츠타워,월세,24.8200,202601,09,"1,000",88,13,2015,자양로 116,202602~202702,신규,-,,,officetel
1731,서울특별시 광진구 구의동,252-16,0252,0016,웰츠타워,월세,20.9700,202601,09,"1,000",80,15,2015,자양로 116,202602~202702,신규,-,,,officetel
1732,서울특별시 광진구 구의동,218-12,0218,0012,다성리버텔,월세,33.9700,202601,09,"1,000",85,7,2002,아차산로 452,202601~202701,신규,-,,,officetel
1733,서울특별시 광진구 구의동,667,0667,0000,강변에스케이뷰,월세,28.0100,202601,09,"20,000",4,3,2017,아차산로 431,202602~202802,신규,-,,,officetel
1734,서울특별시 광진구 화양동,21-20,0021,0020,광진캠퍼스시티,월세,16.0800,202601,09,"2,000",58,3,2017,동일로 178,202601~202701,신규,-,,,officetel
1735,서울특별시 광진구 중곡동,190-3,0190,0003,위너스텔,월세,20.7200,202601,09,500,52,4,2003,동일로 418,202601~202701,갱신,-,500,51,officetel
1736,서울특별시 광진구 중곡동,648-14,0648,0014,아지(AZ)0213,월세,20.4400,202601,08,"1,000",80,7,2015,능동로37길 6,202602~202702,신규,-,,,officetel
1737,서울특별시 광진구 구의동,68-23,0068,0023,파인캐슬,전세,89.0900,202601,08,"57,750",0,3,2018,자양로 216,202601~202801,갱신,사용,"55,000",0,officetel
1738,서울특별시 광진구 구의동,243-71,0243,0071,구의동 벨라로사 오피스텔,월세,20.9400,202601,08,"20,500",2,11,2019,아차산로 405,202601~202801,갱신,사용,"20,500",0,officetel
1739,서울특별시 광진구 화양동,111-12,0111,0012,빌리브 인테라스,월세,27.8200,202601,08,"5,000",175,19,2021,능동로 172,202602~202802,신규,-,,,officetel
1740,서울특별시 광진구 화양동,111-12,0111,0012,빌리브 인테라스,전세,16.8800,202601,08,"21,000",0,3,2021,능동로 172,202602~202802,신규,-,,,officetel
1741,서울특별시 광진구 화양동,174,0174,0000,건대 트레비앙 오피스텔,월세,17.4600,202601,08,"3,000",90,12,2023,광나루로 374,202601~202701,신규,-,,,officetel
1742,서울특별시 광진구 자양동,861,0861,0000,자양 호반써밋,월세,21.3800,202601,08,"1,000",88,3,2021,능동로 69,202602~202802,신규,-,,,officetel
1743,서울특별시 광진구 화양동,111-102,0111,0102,아스하임,월세,17.8000,202601,08,"18,180",9,6,2018,광나루로 382,202601~202801,신규,-,,,officetel
1744,서울특별시 광진구 화양동,302-24,0302,0024,(302-24),월세,24.6000,202601,08,"4,000",60,2,2002,광나루로 454,202601~202801,신규,-,,,officetel
1745,서울특별시 광진구 화양동,21-22,0021,0022,케이타워 오피스텔 B,월세,18.8500,202601,07,"1,000",75,5,2013,동일로30길 23,202601~202801,신규,-,,,officetel
1746,서울특별시 광진구 중곡동,639-4,0639,0004,정익제이타워1차,월세,16.2200,202601,07,"3,000",85,8,2018,천호대로 531-1,202601~202701,신규,-,,,officetel
1747,서울특별시 광진구 화양동,527,0527,0000,KCC파크타운,월세,25.7900,202601,07,"1,000",72,11,2005,광나루로 410,202602~202702,신규,-,,,officetel
1748,서울특별시 광진구 화양동,174,0174,0000,건대 트레비앙 오피스텔,월세,17.4600,202601,07,"1,000",100,6,2023,광나루로 374,202601~202701,신규,-,,,officetel
1749,서울특별시 광진구 화양동,132-75,0132,0075,엘리시안파크,월세,16.3600,202601,07,"1,000",85,6,2015,군자로 46,202602~202702,신규,-,,,officetel
1750,서울특별시 광진구 화양동,111-12,0111,0012,빌리브 인테라스,월세,16.8800,202601,07,"1,000",88,12,2021,능동로 172,202601~202701,갱신,-,"1,000",84,officetel
1751,서울특별시 광진구 화양동,17-20,0017,0020,더리브오피스텔,전세,12.8200,202601,07,"10,890",0,5,2011,광나루로16길 9-9,202602~202802,신규,-,,,officetel
1752,서울특별시 광진구 화양동,75-6,0075,0006,선인팰리스,월세,12.2400,202601,07,"1,000",48,6,2013,군자로6길 50-2,202602~202802,신규,-,,,officetel
1753,서울특별시 광진구 화양동,20-30,0020,0030,(20-30),월세,17.6800,202601,07,"5,000",76,6,2021,동일로30길 16,202602~202702,신규,-,,,officetel
1754,서울특별시 광진구 화양동,21-22,0021,0022,케이타워 오피스텔 B,월세,18.8500,202601,07,"1,500",80,16,2013,동일로30길 23,202601~202701,신규,-,,,officetel
1755,서울특별시 광진구 구의동,76-1,0076,0001,그랜드파크 오피스텔,월세,19.4000,202601,07,"1,000",78,7,2017,천호대로 666,202602~202802,신규,-,,,officetel
1756,서울특별시 광진구 구의동,243-71,0243,0071,구의동 벨라로사 오피스텔,월세,20.9400,202601,07,"21,300",6,10,2019,아차산로 405,202602~202802,신규,-,,,officetel
1757,서울특별시 광진구 구의동,243-13,0243,0013,리버 비스타 구의,월세,19.7900,202601,07,"1,000",90,15,2019,아차산로 417,202602~202802,신규,-,,,officetel
1758,서울특별시 광진구 구의동,243-13,0243,0013,리버 비스타 구의,월세,19.7900,202601,07,"1,000",90,9,2019,아차산로 417,202602~202802,신규,-,,,officetel
1759,서울특별시 광진구 구의동,71-5,0071,0005,(71-5),월세,36.5900,202601,07,"2,000",120,10,2025,자양로 260,202601~202801,신규,-,,,officetel
1760,서울특별시 광진구 구의동,71-5,0071,0005,(71-5),월세,24.2100,202601,07,"1,000",85,6,2025,자양로 260,202601~202801,신규,-,,,officetel
1761,서울특별시 광진구 군자동,473-1,0473,0001,(473-1),월세,18.0800,202601,07,"3,000",80,4,2019,천호대로 530,202602~202802,신규,-,,,officetel
1762,서울특별시 광진구 자양동,2-3,0002,0003,더 라움 펜트하우스,월세,61.5900,202601,07,"5,000",400,11,2022,능동로 81,202601~202701,신규,-,,,officetel
1763,서울특별시 광진구 자양동,870,0870,0000,이스트폴,월세,32.1300,202601,07,"2,000",151,19,2025,아차산로 400,202601~202701,신규,-,,,officetel
1764,서울특별시 광진구 자양동,779,0779,0000,타워더모스트광진아크로텔,월세,22.7600,202601,07,"10,000",55,19,2014,아차산로 355,202603~202803,신규,-,,,officetel
1765,서울특별시 광진구 화양동,21-20,0021,0020,광진캠퍼스시티,월세,16.0800,202601,07,"1,000",80,18,2017,동일로 178,202602~202702,신규,-,,,officetel
1766,서울특별시 광진구 구의동,71-5,0071,0005,(71-5),월세,24.2100,202601,06,"1,000",85,5,2025,자양로 260,202601~202801,신규,-,,,officetel
1767,서울특별시 광진구 군자동,473-1,0473,0001,(473-1),월세,18.1000,202601,06,"18,000",20,6,2019,천호대로 530,202602~202802,갱신,-,"19,000",15,officetel
1768,서울특별시 광진구 화양동,111-12,0111,0012,빌리브 인테라스,월세,16.8800,202601,06,"21,000",5,5,2021,능동로 172,202601~202801,신규,-,,,officetel
1769,서울특별시 광진구 화양동,111-12,0111,0012,빌리브 인테라스,월세,16.8800,202601,06,"5,000",74,14,2021,능동로 172,202602~202802,신규,-,,,officetel
1770,서울특별시 광진구 화양동,29-25,0029,0025,DM7 화양,월세,14.1000,202601,06,"1,000",100,9,2025,능동로16길 12,202601~202701,신규,-,,,officetel
1771,서울특별시 광진구 화양동,21-22,0021,0022,케이타워 오피스텔 B,월세,18.8500,202601,06,"1,000",75,15,2013,동일로30길 23,202602~202702,신규,-,,,officetel
1772,서울특별시 광진구 군자동,473-1,0473,0001,(473-1),월세,18.1000,202601,06,"1,000",90,5,2019,천호대로 530,202601~202701,신규,-,,,officetel
1773,서울특별시 광진구 자양동,861,0861,0000,자양 호반써밋,월세,21.3800,202601,06,"5,000",84,9,2021,능동로 69,202601~202801,신규,-,,,officetel
1774,서울특별시 광진구 자양동,2-2,0002,0002,건대입구역자이엘라,월세,18.6000,202601,06,"1,000",130,10,2022,능동로 87,202601~202801,신규,-,,,officetel
1775,서울특별시 광진구 능동,222-2,0222,0002,군자 아델리제,월세,17.6500,202601,06,"2,000",84,5,2019,천호대로 570,202601~202801,신규,-,,,officetel
1776,서울특별시 광진구 구의동,243-71,0243,0071,구의동 벨라로사 오피스텔,전세,20.9400,202601,06,"20,920",0,11,2019,아차산로 405,202602~202802,신규,-,,,officetel
1777,서울특별시 광진구 구의동,251-25,0251,0025,(251-25),월세,24.0800,202601,06,"1,000",80,2,2017,자양로 146,202601~202801,신규,-,,,officetel
1778,서울특별시 광진구 자양동,767-4,0767,0004,자양오피스텔,월세,30.8700,202601,06,"1,000",60,8,1999,자양로 135,202601~202801,신규,-,,,officetel
1779,서울특별시 광진구 구의동,243-71,0243,0071,구의동 벨라로사 오피스텔,월세,20.9400,202601,05,"3,000",64,5,2019,아차산로 405,202601~202801,갱신,사용,"3,000",62,officetel
1780,서울특별시 광진구 구의동,253-19,0253,0019,센트럴빌,월세,32.1900,202601,05,"1,000",75,3,2003,광나루로 486,202602~202802,신규,-,,,officetel
1781,서울특별시 광진구 자양동,224-12,0224,0012,(224-12),월세,30.4000,202601,05,"1,500",60,4,2002,아차산로 317,202602~202802,신규,-,,,officetel
1782,서울특별시 광진구 화양동,111-12,0111,0012,빌리브 인테라스,월세,16.8800,202601,05,"1,000",100,6,2021,능동로 172,202602~202702,신규,-,,,officetel
1783,서울특별시 광진구 화양동,111-12,0111,0012,빌리브 인테라스,월세,16.8800,202601,05,"9,000",67,13,2021,능동로 172,202601~202801,신규,-,,,officetel
1784,서울특별시 광진구 중곡동,639-16,0639,0016,늘해랑,월세,22.3600,202601,05,"1,000",81,5,2021,능동로37길 31-8,202601~202701,신규,-,,,officetel
1785,서울특별시 광진구 군자동,473-1,0473,0001,(473-1),월세,18.0800,202601,05,"1,000",105,16,2019,천호대로 530,202601~202701,신규,-,,,officetel
1786,서울특별시 광진구 화양동,111-12,0111,0012,빌리브 인테라스,월세,16.8800,202601,05,"21,000",8,7,2021,능동로 172,202601~202801,신규,-,,,officetel
1787,서울특별시 광진구 구의동,252-16,0252,0016,웰츠타워,월세,25.1600,202601,05,"1,000",89,19,2015,자양로 116,202602~202702,신규,-,,,officetel
1788,서울특별시 광진구 화양동,111-12,0111,0012,빌리브 인테라스,월세,16.8800,202601,04,"22,000",10,13,2021,능동로 172,202601~202801,갱신,-,"22,000",0,officetel
1789,서울특별시 광진구 구의동,251-169,0251,0169,더집,월세,55.8200,202601,04,"2,000",85,4,2021,자양로 154-30,202602~202802,신규,-,,,officetel
1790,서울특별시 광진구 화양동,17-20,0017,0020,더리브오피스텔,전세,12.8200,202601,03,"11,160",0,7,2011,광나루로16길 9-9,202602~202802,신규,-,,,officetel
1791,서울특별시 광진구 화양동,112-14,0112,0014,(112-14),월세,19.2000,202601,03,"3,000",73,7,2015,능동로19길 15,202601~202701,신규,-,,,officetel
1792,서울특별시 광진구 화양동,111-12,0111,0012,빌리브 인테라스,월세,16.8800,202601,03,"21,000",10,14,2021,능동로 172,202602~202802,신규,-,,,officetel
1793,서울특별시 광진구 화양동,111-12,0111,0012,빌리브 인테라스,전세,16.8800,202601,03,"21,000",0,3,2021,능동로 172,202601~202801,신규,-,,,officetel
1794,서울특별시 광진구 화양동,193,0193,0000,하이뷰오피스텔,월세,18.5700,202601,03,"1,000",90,10,2020,광나루로 386,202602~202802,신규,-,,,officetel
1795,서울특별시 광진구 화양동,21-20,0021,0020,광진캠퍼스시티,월세,16.0800,202601,03,"3,000",59,7,2017,동일로 178,202601~202701,갱신,-,"3,000",56,officetel
1796,서울특별시 광진구 중곡동,639-6,0639,0006,정익제이타워2차,월세,15.9300,202601,03,500,83,3,2020,천호대로 537,202601~202701,신규,-,,,officetel
1797,서울특별시 광진구 중곡동,190-3,0190,0003,위너스텔,월세,20.3500,202601,03,500,54,3,2003,동일로 418,202601~202801,신규,-,,,officetel
1798,서울특별시 광진구 화양동,17-60,0017,0060,(17-60),월세,13.6800,202601,03,"1,000",50,3,2014,동일로28길 49-11,202601~202801,신규,-,,,officetel
1799,서울특별시 광진구 자양동,680-9,0680,0009,더 퍼스트 스테이,전세,34.1700,202601,03,"32,000",0,4,2019,자양로16길 12,202602~202802,신규,-,,,officetel
1800,서울특별시 광진구 구의동,243-2,0243,0002,베스트 트레드빌,월세,26.8400,202601,03,"1,000",70,9,2004,자양로18길 96,202601~202801,신규,-,,,officetel
1801,서울특별시 광진구 구의동,633-4,0633,0004,진성파크뷰,월세,31.6500,202601,03,"3,000",160,6,2022,광나루로30길 3,202601~202701,신규,-,,,officetel
1802,서울특별시 광진구 구의동,253-19,0253,0019,센트럴빌,월세,32.1900,202601,03,"1,000",73,3,2003,광나루로 486,202603~202802,갱신,사용,"1,000",67,officetel
1803,서울특별시 광진구 구의동,199-8,0199,0008,(199-8),월세,19.9700,202601,03,"1,000",60,8,2017,아차산로 480,202601~202801,갱신,사용,"1,000",55,officetel
1804,서울특별시 광진구 능동,222-7,0222,0007,(222-7),월세,31.7400,202601,03,"7,000",57,3,2017,능동로36길 29,202605~202804,신규,-,,,officetel
1805,서울특별시 광진구 구의동,246-14,0246,0014,크레신타워3차,월세,25.3500,202601,03,"1,000",75,10,2006,아차산로 375,202602~202802,신규,-,,,officetel
1806,서울특별시 광진구 구의동,243-13,0243,0013,리버 비스타 구의,월세,19.7900,202601,02,"1,000",90,5,2019,아차산로 417,202601~202701,신규,-,,,officetel
1807,서울특별시 광진구 자양동,861,0861,0000,자양 호반써밋,월세,29.9400,202601,02,"2,000",175,13,2021,능동로 69,202602~202702,갱신,사용,"2,000",166,officetel
1808,서울특별시 광진구 광장동,108,0108,0000,효성리버카운티,월세,30.4400,202601,02,"1,000",65,10,2003,아차산로78길 56,202601~202701,신규,-,,,officetel
1809,서울특별시 광진구 자양동,779-3,0779,0003,금강태극빌,월세,22.6100,202601,02,"10,000",25,5,2005,아차산로 353,202602~202802,신규,-,,,officetel
1810,서울특별시 광진구 자양동,779,0779,0000,타워더모스트광진아크로텔,월세,23.9700,202601,02,"1,000",89,13,2014,아차산로 355,202601~202701,갱신,-,"1,000",85,officetel
1811,서울특별시 광진구 구의동,598-2,0598,0002,평강오피스텔,월세,51.0000,202601,02,"2,000",165,5,2003,구의강변로 27,202601~202701,신규,-,,,officetel
1812,서울특별시 광진구 중곡동,639-4,0639,0004,정익제이타워1차,전세,16.3700,202601,02,"16,000",0,7,2018,천호대로 531-1,202602~202802,갱신,사용,"19,000",0,officetel
1813,서울특별시 광진구 자양동,767-4,0767,0004,자양오피스텔,전세,30.8700,202601,02,"7,875",0,2,1999,자양로 135,202601~202801,신규,-,,,officetel
1814,서울특별시 광진구 자양동,779,0779,0000,타워더모스트광진아크로텔,월세,23.9700,202601,02,"2,000",90,22,2014,아차산로 355,202602~202702,신규,-,,,officetel
1815,서울특별시 광진구 화양동,18-9,0018,0009,화양 디펠리체,월세,20.4500,202601,01,"1,000",90,9,2019,광나루로 358,202601~202701,신규,-,,,officetel
1816,서울특별시 광진구 화양동,113-1,0113,0001,광진 코지웰,월세,19.5300,202601,01,"1,000",70,14,2014,능동로19길 35,202601~202801,신규,-,,,officetel
1817,서울특별시 광진구 중곡동,157-17,0157,0017,리아리움더언타워,월세,15.5600,202601,01,"1,000",75,5,2017,천호대로109길 9,202601~202712,갱신,-,"1,000",70,officetel
1818,서울특별시 광진구 중곡동,41-33,0041,0033,비버리캐슬,월세,22.2000,202601,01,"11,000",15,4,2004,능동로 366,202601~202812,갱신,-,"10,000",10,officetel
1819,서울특별시 광진구 자양동,222-2,0222,0002,그라시아빌딩,월세,22.5000,202512,31,"3,000",80,3,2022,아차산로 340,202601~202801,신규,-,,,officetel
1820,서울특별시 광진구 중곡동,648-14,0648,0014,아지(AZ)0213,월세,20.4400,202512,31,"1,000",80,12,2015,능동로37길 6,202601~202701,신규,-,,,officetel
1821,서울특별시 광진구 화양동,111-12,0111,0012,빌리브 인테라스,월세,16.8800,202512,31,"5,000",85,13,2021,능동로 172,202601~202801,신규,-,,,officetel
1822,서울특별시 광진구 구의동,243-13,0243,0013,리버 비스타 구의,월세,18.4600,202512,31,"2,000",85,5,2019,아차산로 417,202601~202801,신규,-,,,officetel
1823,서울특별시 광진구 구의동,251-157,0251,0157,아델리아 구의타워,월세,18.7400,202512,31,500,70,6,2010,자양로 156,202601~202701,갱신,-,500,68,officetel
1824,서울특별시 광진구 구의동,252-16,0252,0016,웰츠타워,월세,24.8200,202512,31,"1,000",88,13,2015,자양로 116,202601~202701,신규,-,,,officetel
1825,서울특별시 광진구 구의동,246-14,0246,0014,크레신타워3차,월세,25.3500,202512,30,"1,000",75,12,2006,아차산로 375,202602~202702,갱신,-,"1,000",70,officetel
1826,서울특별시 광진구 구의동,246-14,0246,0014,크레신타워3차,월세,26.9100,202512,30,"3,000",65,8,2006,아차산로 375,202602~202702,신규,-,,,officetel
1827,서울특별시 광진구 자양동,2-2,0002,0002,건대입구역자이엘라,월세,18.9100,202512,30,"1,000",130,10,2022,능동로 87,202512~202712,신규,-,,,officetel
1828,서울특별시 광진구 화양동,111-12,0111,0012,빌리브 인테라스,월세,16.8800,202512,30,"1,000",92,13,2021,능동로 172,202601~202801,갱신,사용,"1,000",90,officetel
1829,서울특별시 광진구 자양동,2-2,0002,0002,건대입구역자이엘라,월세,18.6000,202512,30,"1,000",120,13,2022,능동로 87,202602~202802,신규,-,,,officetel
1830,서울특별시 광진구 화양동,111-12,0111,0012,빌리브 인테라스,월세,16.8800,202512,30,"1,000",100,6,2021,능동로 172,202601~202701,신규,-,,,officetel
1831,서울특별시 광진구 화양동,21-20,0021,0020,광진캠퍼스시티,월세,17.4900,202512,30,"3,000",70,18,2017,동일로 178,202601~202701,신규,-,,,officetel
1832,서울특별시 광진구 중곡동,157-6,0157,0006,아스하임,월세,16.0400,202512,30,"1,000",85,7,2019,천호대로 559,202601~202701,갱신,사용,"1,000",85,officetel
1833,서울특별시 광진구 자양동,779-3,0779,0003,금강태극빌,월세,25.0800,202512,30,"11,000",30,7,2005,아차산로 353,202601~202712,신규,-,,,officetel
1834,서울특별시 광진구 화양동,21-23,0021,0023,케이타워 오피스텔 A,월세,19.7800,202512,30,"1,000",68,5,2013,광나루로14길 8,202602~202802,신규,-,,,officetel
1835,서울특별시 광진구 화양동,23-37,0023,0037,까사펠리즈 화양,월세,22.0100,202512,30,"3,000",95,6,2025,광나루로12길 20,202602~202802,신규,-,,,officetel
1836,서울특별시 광진구 구의동,253-19,0253,0019,센트럴빌,전세,32.1900,202512,30,"14,000",0,2,2003,광나루로 486,202602~202708,갱신,사용,"14,000",0,officetel
1837,서울특별시 광진구 중곡동,639-6,0639,0006,정익제이타워2차,월세,15.9300,202512,29,"1,000",81,6,2020,천호대로 537,202601~202701,갱신,-,"1,000",77,officetel
1838,서울특별시 광진구 군자동,473-21,0473,0021,스테이 더 디자이너스 군자,전세,17.2500,202512,29,"21,000",0,11,2020,천호대로 538,202601~202801,신규,-,,,officetel
1839,서울특별시 광진구 화양동,17-60,0017,0060,(17-60),월세,28.5000,202512,29,500,60,2,2014,동일로28길 49-11,202602~202802,신규,-,,,officetel
1840,서울특별시 광진구 화양동,111-12,0111,0012,빌리브 인테라스,월세,16.8800,202512,29,"21,000",15,16,2021,능동로 172,202602~202802,신규,-,,,officetel
1841,서울특별시 광진구 화양동,111-12,0111,0012,빌리브 인테라스,월세,16.8800,202512,29,"3,000",90,10,2021,능동로 172,202512~202612,신규,-,,,officetel
1842,서울특별시 광진구 화양동,174,0174,0000,건대 트레비앙 오피스텔,전세,17.4600,202512,29,"22,000",0,16,2023,광나루로 374,202602~202802,신규,-,,,officetel
1843,서울특별시 광진구 화양동,21-20,0021,0020,광진캠퍼스시티,월세,17.4900,202512,29,"1,000",80,11,2017,동일로 178,202601~202801,신규,-,,,officetel
1844,서울특별시 광진구 자양동,2-2,0002,0002,건대입구역자이엘라,월세,18.1000,202512,29,"20,500",22,9,2022,능동로 87,202601~202701,갱신,-,"20,500",18,officetel
1845,서울특별시 광진구 자양동,779,0779,0000,타워더모스트광진아크로텔,월세,23.9700,202512,29,"2,000",83,14,2014,아차산로 355,202602~202802,신규,-,,,officetel
1846,서울특별시 광진구 자양동,870,0870,0000,이스트폴,월세,32.6600,202512,29,"2,000",153,16,2025,아차산로 400,202601~202701,신규,-,,,officetel
1847,서울특별시 광진구 자양동,227-7,0227,0007,더샵스타시티,월세,149.7900,202512,29,"25,000",380,16,2007,아차산로 262,202602~202802,갱신,-,"25,000",282,officetel
1848,서울특별시 광진구 자양동,779,0779,0000,타워더모스트광진아크로텔,월세,23.9700,202512,29,"2,000",84,14,2014,아차산로 355,202602~202802,신규,-,,,officetel
1849,서울특별시 광진구 자양동,779,0779,0000,타워더모스트광진아크로텔,월세,23.9700,202512,29,"2,000",84,14,2014,아차산로 355,202602~202802,신규,-,,,officetel
1850,서울특별시 광진구 화양동,111-12,0111,0012,빌리브 인테라스,월세,16.8800,202512,28,"10,000",70,15,2021,능동로 172,202512~202612,갱신,-,"10,000",65,officetel
1851,서울특별시 광진구 화양동,111-12,0111,0012,빌리브 인테라스,월세,16.8800,202512,28,"1,000",84,10,2021,능동로 172,202601~202712,갱신,-,"1,000",80,officetel
1852,서울특별시 광진구 화양동,18-9,0018,0009,화양 디펠리체,월세,20.4200,202512,28,"4,000",73,15,2019,광나루로 358,202512~202612,신규,-,,,officetel
1853,서울특별시 광진구 자양동,779,0779,0000,타워더모스트광진아크로텔,월세,30.6100,202512,28,"25,800",5,16,2014,아차산로 355,202601~202801,신규,-,,,officetel
1854,서울특별시 광진구 화양동,111-12,0111,0012,빌리브 인테라스,월세,16.8800,202512,27,"4,000",85,7,2021,능동로 172,202601~202801,신규,-,,,officetel
1855,서울특별시 광진구 화양동,111-12,0111,0012,빌리브 인테라스,월세,16.8800,202512,27,"21,000",1,7,2021,능동로 172,202601~202801,신규,-,,,officetel
1856,서울특별시 광진구 화양동,17-16,0017,0016,아스하임,월세,18.8300,202512,27,"1,000",80,7,2016,군자로 43,202601~202701,신규,-,,,officetel
1857,서울특별시 광진구 화양동,21-20,0021,0020,광진캠퍼스시티,월세,16.0800,202512,27,"1,000",66,10,2017,동일로 178,202602~202702,갱신,-,"1,000",63,officetel
1858,서울특별시 광진구 화양동,21-20,0021,0020,광진캠퍼스시티,월세,16.0800,202512,27,"1,000",70,12,2017,동일로 178,202602~202701,갱신,-,"1,000",67,officetel
1859,서울특별시 광진구 군자동,473-1,0473,0001,(473-1),월세,18.1300,202512,27,"1,000",91,8,2019,천호대로 530,202602~202802,갱신,-,"1,000",87,officetel
1860,서울특별시 광진구 군자동,473-1,0473,0001,(473-1),월세,18.1000,202512,27,"1,000",86,12,2019,천호대로 530,202602~202702,신규,-,,,officetel
1861,서울특별시 광진구 능동,222-7,0222,0007,(222-7),월세,20.9400,202512,27,"6,000",39,4,2017,능동로36길 29,202603~202803,갱신,-,"15,500",0,officetel
1862,서울특별시 광진구 중곡동,639-6,0639,0006,정익제이타워2차,월세,15.9300,202512,27,"17,000",18,5,2020,천호대로 537,202602~202802,신규,-,,,officetel
1863,서울특별시 광진구 화양동,17-67,0017,0067,(17-67),전세,23.4000,202512,27,"15,950",0,6,2012,광나루로16길 25,202601~202705,갱신,-,"15,950",0,officetel
1864,서울특별시 광진구 자양동,859,0859,0000,래미안프리미어팰리스,월세,42.4100,202512,26,"1,000",130,4,2017,아차산로 345,202601~202701,갱신,-,"1,000",124,officetel
1865,서울특별시 광진구 자양동,779,0779,0000,타워더모스트광진아크로텔,월세,23.9700,202512,26,"5,000",77,19,2014,아차산로 355,202601~202801,신규,-,,,officetel
1866,서울특별시 광진구 광장동,108,0108,0000,효성리버카운티,월세,27.8000,202512,26,"1,000",60,8,2003,아차산로78길 56,202601~202701,신규,-,,,officetel
1867,서울특별시 광진구 광장동,102,0102,0000,현대골든텔,월세,25.8900,202512,26,500,64,10,1991,아차산로78길 75,202512~202612,신규,-,,,officetel
1868,서울특별시 광진구 구의동,243-71,0243,0071,구의동 벨라로사 오피스텔,전세,20.9400,202512,26,"21,000",0,14,2019,아차산로 405,202601~202801,갱신,사용,"20,500",0,officetel
1869,서울특별시 광진구 구의동,243-71,0243,0071,구의동 벨라로사 오피스텔,전세,20.9400,202512,26,"21,040",0,13,2019,아차산로 405,202601~202801,신규,-,,,officetel
1870,서울특별시 광진구 구의동,218-12,0218,0012,다성리버텔,월세,33.9700,202512,26,"1,000",85,4,2002,아차산로 452,202601~202801,신규,-,,,officetel
1871,서울특별시 광진구 구의동,218-15,0218,0015,와이엔 오피스텔,월세,26.8300,202512,26,"1,000",65,3,2003,아차산로 444,202601~202701,신규,-,,,officetel
1872,서울특별시 광진구 구의동,253-19,0253,0019,센트럴빌,월세,32.1900,202512,26,"13,500",20,7,2003,광나루로 486,202602~202802,신규,-,,,officetel
1873,서울특별시 광진구 화양동,21-22,0021,0022,케이타워 오피스텔 B,월세,18.8500,202512,26,"3,000",67,15,2013,동일로30길 23,202601~202801,신규,-,,,officetel
1874,서울특별시 광진구 화양동,111-12,0111,0012,빌리브 인테라스,월세,16.8800,202512,26,"1,000",100,7,2021,능동로 172,202512~202612,신규,-,,,officetel
1875,서울특별시 광진구 화양동,111-12,0111,0012,빌리브 인테라스,전세,16.8800,202512,26,"21,000",0,10,2021,능동로 172,202602~202802,신규,-,,,officetel
1876,서울특별시 광진구 화양동,174,0174,0000,건대 트레비앙 오피스텔,월세,17.4600,202512,26,"1,000",130,13,2023,광나루로 374,202601~202612,신규,-,,,officetel
1877,서울특별시 광진구 화양동,193,0193,0000,하이뷰오피스텔,월세,18.5700,202512,26,"10,000",60,14,2020,광나루로 386,202602~202702,갱신,-,"10,000",60,officetel
1878,서울특별시 광진구 화양동,174,0174,0000,건대 트레비앙 오피스텔,월세,17.4600,202512,26,"1,000",103,13,2023,광나루로 374,202601~202612,신규,-,,,officetel
1879,서울특별시 광진구 화양동,21-20,0021,0020,광진캠퍼스시티,월세,16.0800,202512,26,"1,000",80,10,2017,동일로 178,202601~202701,신규,-,,,officetel
1880,서울특별시 광진구 화양동,21-20,0021,0020,광진캠퍼스시티,월세,16.0800,202512,26,"1,000",70,6,2017,동일로 178,202601~202701,갱신,-,"1,000",67,officetel
1881,서울특별시 광진구 중곡동,639-6,0639,0006,정익제이타워2차,월세,15.9300,202512,25,"17,100",12,5,2020,천호대로 537,202601~202801,갱신,-,"18,900",0,officetel
1882,서울특별시 광진구 자양동,861,0861,0000,자양 호반써밋,월세,18.7400,202512,25,"1,000",110,19,2021,능동로 69,202601~202801,신규,-,,,officetel
1883,서울특별시 광진구 중곡동,639-6,0639,0006,정익제이타워2차,월세,15.9300,202512,25,"17,100",7,5,2020,천호대로 537,202601~202801,갱신,-,"18,900",0,officetel
1884,서울특별시 광진구 중곡동,639-6,0639,0006,정익제이타워2차,전세,15.9300,202512,25,"18,000",0,5,2020,천호대로 537,202601~202801,갱신,-,"18,900",0,officetel
1885,서울특별시 광진구 구의동,667,0667,0000,강변에스케이뷰,월세,28.0100,202512,25,"1,500",82,2,2017,아차산로 431,202601~202701,갱신,-,"1,000",82,officetel
1886,서울특별시 광진구 자양동,779,0779,0000,타워더모스트광진아크로텔,월세,23.9700,202512,24,"1,000",85,11,2014,아차산로 355,202601~202701,신규,-,,,officetel
1887,서울특별시 광진구 화양동,116-2,0116,0002,화양동 동도센트리움 캠퍼스파크,월세,16.3000,202512,24,"1,000",85,7,2019,광나루로 370,202601~202701,신규,-,,,officetel
1888,서울특별시 광진구 화양동,193,0193,0000,하이뷰오피스텔,월세,18.4300,202512,24,"3,000",78,6,2020,광나루로 386,202601~202801,신규,-,,,officetel
1889,서울특별시 광진구 구의동,243-13,0243,0013,리버 비스타 구의,월세,21.0000,202512,24,"3,000",78,8,2019,아차산로 417,202602~202802,갱신,-,"3,000",75,officetel
1890,서울특별시 광진구 구의동,243-13,0243,0013,리버 비스타 구의,월세,22.0600,202512,24,"19,000",3,17,2019,아차산로 417,202602~202702,신규,-,,,officetel
1891,서울특별시 광진구 구의동,243-71,0243,0071,구의동 벨라로사 오피스텔,전세,20.9400,202512,24,"19,760",0,4,2019,아차산로 405,202602~202802,신규,-,,,officetel
1892,서울특별시 광진구 군자동,464-5,0464,0005,미래하이츠,월세,25.8100,202512,24,100,38,7,2024,동일로 300,202512~202803,신규,-,,,officetel
1893,서울특별시 광진구 군자동,464-5,0464,0005,미래하이츠,월세,25.4500,202512,24,100,37,6,2024,동일로 300,202512~202803,신규,-,,,officetel
1894,서울특별시 광진구 군자동,464-5,0464,0005,미래하이츠,월세,25.4500,202512,24,100,37,6,2024,동일로 300,202512~202803,신규,-,,,officetel
1895,서울특별시 광진구 구의동,251-31,0251,0031,로젠스톤,월세,21.6200,202512,24,"14,000",28,3,2017,자양로 144,202602~202802,신규,-,,,officetel
1896,서울특별시 광진구 구의동,243-13,0243,0013,리버 비스타 구의,월세,18.4600,202512,24,"19,800",9,16,2019,아차산로 417,202601~202801,신규,-,,,officetel
1897,서울특별시 광진구 화양동,29-25,0029,0025,DM7 화양,월세,14.1000,202512,24,"1,000",100,9,2025,능동로16길 12,202602~202702,신규,-,,,officetel
1898,서울특별시 광진구 자양동,767-4,0767,0004,자양오피스텔,월세,30.2400,202512,23,"9,000",10,6,1999,자양로 135,202601~202801,신규,-,,,officetel
1899,서울특별시 광진구 자양동,767-4,0767,0004,자양오피스텔,전세,30.2400,202512,23,"10,000",0,5,1999,자양로 135,202602~202802,신규,-,,,officetel
1900,서울특별시 광진구 자양동,870,0870,0000,이스트폴,월세,24.2100,202512,23,"1,000",113,15,2025,아차산로 400,202601~202701,신규,-,,,officetel
1901,서울특별시 광진구 구의동,243-13,0243,0013,리버 비스타 구의,월세,19.7900,202512,23,"1,000",87,4,2019,아차산로 417,202512~202612,신규,-,,,officetel
1902,서울특별시 광진구 구의동,243-71,0243,0071,구의동 벨라로사 오피스텔,월세,20.9400,202512,23,"19,270",3,9,2019,아차산로 405,202512~202712,갱신,사용,"19,490",0,officetel
1903,서울특별시 광진구 구의동,243-71,0243,0071,구의동 벨라로사 오피스텔,월세,20.9400,202512,23,"21,300",12,13,2019,아차산로 405,202602~202802,신규,-,,,officetel
1904,서울특별시 광진구 구의동,243-71,0243,0071,구의동 벨라로사 오피스텔,월세,20.9400,202512,23,"19,270",3,7,2019,아차산로 405,202601~202801,갱신,-,"19,500",0,officetel
1905,서울특별시 광진구 구의동,219-17,0219,0017,(219-17),월세,31.0500,202512,23,"11,000",35,4,2000,아차산로 443,202602~202802,신규,-,,,officetel
1906,서울특별시 광진구 구의동,253-19,0253,0019,센트럴빌,월세,32.1900,202512,23,"1,000",70,2,2003,광나루로 486,202602~202802,신규,-,,,officetel
1907,서울특별시 광진구 구의동,199-14,0199,0014,(199-14),월세,30.7800,202512,23,"10,500",25,5,2001,광나루로54길 20,202604~202803,갱신,-,"9,000",23,officetel
1908,서울특별시 광진구 능동,222-2,0222,0002,군자 아델리제,전세,17.6500,202512,23,"18,900",0,6,2019,천호대로 570,202601~202801,갱신,사용,"18,000",0,officetel
1909,서울특별시 광진구 군자동,473-1,0473,0001,(473-1),월세,18.2000,202512,23,500,93,15,2019,천호대로 530,202602~202702,갱신,-,500,90,officetel
1910,서울특별시 광진구 군자동,355-1,0355,0001,동원데쟈뷰,전세,17.1600,202512,23,"19,500",0,2,2020,동일로 194,202602~202802,신규,-,,,officetel
1911,서울특별시 광진구 구의동,243-2,0243,0002,베스트 트레드빌,월세,26.8400,202512,23,"1,000",68,12,2004,자양로18길 96,202602~202802,갱신,사용,"1,000",65,officetel
1912,서울특별시 광진구 화양동,93-3,0093,0003,캠퍼니안,월세,42.4200,202512,23,"1,000",95,4,2004,능동로16길 9,202601~202801,신규,-,,,officetel
1913,서울특별시 광진구 화양동,111-22,0111,0022,정익제이타워,월세,17.3800,202512,23,"1,000",85,6,2016,능동로19길 7-10,202601~202701,신규,-,,,officetel
1914,서울특별시 광진구 군자동,473-1,0473,0001,(473-1),월세,18.1000,202512,22,"2,000",78,10,2019,천호대로 530,202601~202701,갱신,-,"2,000",74,officetel
1915,서울특별시 광진구 화양동,111-102,0111,0102,아스하임,월세,18.9400,202512,22,"1,000",86,8,2018,광나루로 382,202601~202701,신규,-,,,officetel
1916,서울특별시 광진구 화양동,302-24,0302,0024,(302-24),월세,38.7000,202512,22,"3,000",75,2,2002,광나루로 454,202601~202801,신규,-,,,officetel
1917,서울특별시 광진구 광장동,120,0120,0000,주성아우라 오피스텔,월세,29.8300,202512,22,"1,000",68,3,2011,아차산로78길 33,202512~202612,신규,-,,,officetel
1918,서울특별시 광진구 화양동,112-14,0112,0014,(112-14),월세,15.8600,202512,22,"2,000",68,6,2015,능동로19길 15,202601~202701,신규,-,,,officetel
1919,서울특별시 광진구 화양동,17-16,0017,0016,아스하임,월세,18.8300,202512,22,"5,000",60,8,2016,군자로 43,202512~202712,신규,-,,,officetel
1920,서울특별시 광진구 화양동,17-16,0017,0016,아스하임,월세,18.8300,202512,22,"5,000",60,8,2016,군자로 43,202512~202712,신규,-,,,officetel
1921,서울특별시 광진구 중곡동,639-6,0639,0006,정익제이타워2차,월세,15.9300,202512,22,"17,100",15,9,2020,천호대로 537,202602~202802,신규,-,,,officetel
1922,서울특별시 광진구 화양동,21-23,0021,0023,케이타워 오피스텔 A,월세,19.7800,202512,22,"1,000",66,12,2013,광나루로14길 8,202601~202701,신규,-,,,officetel
1923,서울특별시 광진구 군자동,473-1,0473,0001,(473-1),월세,18.1000,202512,22,"1,000",83,11,2019,천호대로 530,202512~202612,갱신,-,"1,000",79,officetel
1924,서울특별시 광진구 군자동,473-21,0473,0021,스테이 더 디자이너스 군자,월세,17.3300,202512,22,"17,000",15,10,2020,천호대로 538,202602~202802,신규,-,,,officetel
1925,서울특별시 광진구 화양동,111-12,0111,0012,빌리브 인테라스,월세,16.8800,202512,21,"1,000",110,11,2021,능동로 172,202601~202712,신규,-,,,officetel
1926,서울특별시 광진구 군자동,473-1,0473,0001,(473-1),월세,18.2000,202512,20,"1,000",90,7,2019,천호대로 530,202601~202701,신규,-,,,officetel
1927,서울특별시 광진구 화양동,111-12,0111,0012,빌리브 인테라스,월세,16.8800,202512,20,"1,000",100,9,2021,능동로 172,202512~202612,신규,-,,,officetel
1928,서울특별시 광진구 화양동,17-20,0017,0020,더리브오피스텔,월세,19.4300,202512,20,"12,000",20,6,2011,광나루로16길 9-9,202601~202801,신규,-,,,officetel
1929,서울특별시 광진구 군자동,473-1,0473,0001,(473-1),월세,18.0800,202512,20,"1,000",100,17,2019,천호대로 530,202602~202802,신규,-,,,officetel
1930,서울특별시 광진구 중곡동,639-4,0639,0004,정익제이타워1차,월세,16.3700,202512,20,"1,000",75,9,2018,천호대로 531-1,202512~202712,갱신,사용,"1,000",72,officetel
1931,서울특별시 광진구 자양동,2-2,0002,0002,건대입구역자이엘라,월세,18.1000,202512,20,"1,000",130,16,2022,능동로 87,202601~202612,신규,-,,,officetel
1932,서울특별시 광진구 자양동,794,0794,0000,드림타운,월세,40.7400,202512,20,"1,000",50,2,1983,아차산로 312,202602~202802,신규,-,,,officetel
1933,서울특별시 광진구 화양동,18-9,0018,0009,화양 디펠리체,월세,20.4500,202512,20,"1,000",100,17,2019,광나루로 358,202602~202702,신규,-,,,officetel
1934,서울특별시 광진구 화양동,174,0174,0000,건대 트레비앙 오피스텔,전세,17.4600,202512,20,"21,000",0,10,2023,광나루로 374,202602~202802,신규,-,,,officetel
1935,서울특별시 광진구 구의동,199-8,0199,0008,(199-8),월세,27.6600,202512,20,"2,000",85,9,2017,아차산로 480,202602~202802,신규,-,,,officetel
1936,서울특별시 광진구 구의동,199-8,0199,0008,(199-8),월세,27.0300,202512,20,"2,000",85,7,2017,아차산로 480,202602~202702,신규,-,,,officetel
1937,서울특별시 광진구 구의동,76-1,0076,0001,그랜드파크 오피스텔,월세,21.5600,202512,20,"1,000",78,8,2017,천호대로 666,202512~202612,신규,-,,,officetel
1938,서울특별시 광진구 구의동,251-34,0251,0034,신도브래뉴오피스텔,월세,31.2000,202512,20,500,75,5,2003,자양로 138,202601~202612,신규,-,,,officetel
1939,서울특별시 광진구 구의동,251-171,0251,0171,구의 에코하임,전세,45.3000,202512,20,"38,000",0,4,2025,아차산로49길 93,202602~202802,신규,-,,,officetel
1940,서울특별시 광진구 중곡동,158-8,0158,0008,JS더빌,전세,14.6200,202512,20,"8,000",0,4,2009,능동로38길 15-4,202512~202712,신규,-,,,officetel
1941,서울특별시 광진구 화양동,93-3,0093,0003,캠퍼니안,월세,42.4200,202512,20,"1,000",100,7,2004,능동로16길 9,202602~202702,신규,-,,,officetel
1942,서울특별시 광진구 구의동,246-14,0246,0014,크레신타워3차,월세,26.9100,202512,19,"1,000",75,9,2006,아차산로 375,202601~202701,신규,-,,,officetel
1943,서울특별시 광진구 화양동,83-5,0083,0005,(83-5),월세,60.5000,202512,19,"1,000",63,7,2012,군자로6길 54,202602~202802,신규,-,,,officetel
1944,서울특별시 광진구 화양동,111-12,0111,0012,빌리브 인테라스,월세,16.8800,202512,19,"1,000",100,5,2021,능동로 172,202512~202612,신규,-,,,officetel
1945,서울특별시 광진구 군자동,473-21,0473,0021,스테이 더 디자이너스 군자,월세,16.9400,202512,19,"10,000",59,14,2020,천호대로 538,202602~202802,신규,-,,,officetel
1946,서울특별시 광진구 중곡동,639-6,0639,0006,정익제이타워2차,월세,16.8600,202512,19,"5,000",59,11,2020,천호대로 537,202602~202702,신규,-,,,officetel
1947,서울특별시 광진구 자양동,219-23,0219,0023,더 트윈2,월세,19.5700,202512,19,"1,000",70,3,2020,아차산로46가길 5,202602~202802,신규,-,,,officetel
1948,서울특별시 광진구 화양동,174,0174,0000,건대 트레비앙 오피스텔,월세,17.4600,202512,18,"1,000",105,7,2023,광나루로 374,202601~202801,신규,-,,,officetel
1949,서울특별시 광진구 구의동,246-14,0246,0014,크레신타워3차,월세,26.9100,202512,18,"13,950",3,10,2006,아차산로 375,202601~202801,갱신,-,"13,950",0,officetel
1950,서울특별시 광진구 화양동,111-12,0111,0012,빌리브 인테라스,월세,16.8800,202512,18,"14,000",43,8,2021,능동로 172,202512~202612,갱신,-,"14,000",39,officetel
1951,서울특별시 광진구 화양동,17-16,0017,0016,아스하임,월세,18.8300,202512,18,"1,000",84,6,2016,군자로 43,202601~202801,신규,-,,,officetel
1952,서울특별시 광진구 화양동,23-37,0023,0037,까사펠리즈 화양,월세,22.0100,202512,18,"3,000",95,7,2025,광나루로12길 20,202601~202712,신규,-,,,officetel
1953,서울특별시 광진구 자양동,854,0854,0000,광진트라팰리스,월세,41.0800,202512,18,"2,000",140,3,2006,뚝섬로34길 67,202601~202701,신규,-,,,officetel
1954,서울특별시 광진구 자양동,779,0779,0000,타워더모스트광진아크로텔,월세,23.9700,202512,18,"1,000",95,18,2014,아차산로 355,202601~202801,신규,-,,,officetel
1955,서울특별시 광진구 구의동,243-71,0243,0071,구의동 벨라로사 오피스텔,전세,22.3300,202512,18,"19,760",0,6,2019,아차산로 405,202601~202801,신규,-,,,officetel
1956,서울특별시 광진구 화양동,111-12,0111,0012,빌리브 인테라스,월세,27.8200,202512,17,"5,000",170,19,2021,능동로 172,202512~202712,갱신,-,"4,000",158,officetel
1957,서울특별시 광진구 자양동,861,0861,0000,자양 호반써밋,전세,18.7400,202512,17,"23,000",0,19,2021,능동로 69,202601~202801,갱신,사용,"23,000",0,officetel
1958,서울특별시 광진구 자양동,626-3,0626,0003,아스하임,전세,16.8000,202512,17,"16,000",0,3,2017,자양로13길 8,202601~202801,신규,-,,,officetel
1959,서울특별시 광진구 구의동,243-71,0243,0071,구의동 벨라로사 오피스텔,전세,20.9400,202512,17,"21,000",0,11,2019,아차산로 405,202512~202712,갱신,-,"20,500",0,officetel
1960,서울특별시 광진구 구의동,243-71,0243,0071,구의동 벨라로사 오피스텔,전세,22.3300,202512,17,"19,650",0,5,2019,아차산로 405,202601~202801,신규,-,,,officetel
1961,서울특별시 광진구 구의동,253-19,0253,0019,센트럴빌,월세,32.1900,202512,17,"1,000",72,6,2003,광나루로 486,202601~202701,신규,-,,,officetel
1962,서울특별시 광진구 구의동,253-19,0253,0019,센트럴빌,월세,32.1900,202512,17,"1,000",75,5,2003,광나루로 486,202601~202701,신규,-,,,officetel
1963,서울특별시 광진구 구의동,252-16,0252,0016,웰츠타워,월세,24.8200,202512,17,"1,000",89,12,2015,자양로 116,202512~202612,신규,-,,,officetel
1964,서울특별시 광진구 구의동,252-16,0252,0016,웰츠타워,월세,43.6100,202512,17,"1,000",142,11,2015,자양로 116,202512~202612,신규,-,,,officetel
1965,서울특별시 광진구 능동,222-3,0222,0003,범천타워,월세,49.0100,202512,17,"1,500",120,10,2010,천호대로 572,202601~202604,신규,-,,,officetel
1966,서울특별시 광진구 구의동,251-177,0251,0177,솔렌시아,월세,42.3800,202512,17,"3,000",120,3,2015,자양로 154,202601~202801,신규,-,,,officetel
1967,서울특별시 광진구 군자동,473-1,0473,0001,(473-1),월세,18.2000,202512,17,"18,000",20,13,2019,천호대로 530,202602~202802,신규,-,,,officetel
1968,서울특별시 광진구 군자동,473-1,0473,0001,(473-1),월세,18.0800,202512,17,"1,000",105,16,2019,천호대로 530,202512~202612,신규,-,,,officetel
1969,서울특별시 광진구 화양동,111-12,0111,0012,빌리브 인테라스,월세,16.8800,202512,16,"21,000",5,14,2021,능동로 172,202601~202801,신규,-,,,officetel
1970,서울특별시 광진구 화양동,111-12,0111,0012,빌리브 인테라스,월세,16.8800,202512,16,"21,000",15,16,2021,능동로 172,202601~202701,갱신,-,"21,000",0,officetel
1971,서울특별시 광진구 군자동,355-1,0355,0001,동원데쟈뷰,월세,17.1600,202512,16,"15,000",30,3,2020,동일로 194,202602~202802,신규,-,,,officetel
1972,서울특별시 광진구 구의동,251-157,0251,0157,아델리아 구의타워,월세,18.7400,202512,16,"1,000",65,4,2010,자양로 156,202601~202701,갱신,-,"1,000",65,officetel
1973,서울특별시 광진구 자양동,779,0779,0000,타워더모스트광진아크로텔,월세,23.9700,202512,16,"1,000",85,14,2014,아차산로 355,202601~202701,갱신,-,"1,000",81,officetel
1974,서울특별시 광진구 중곡동,639-4,0639,0004,정익제이타워1차,월세,16.3700,202512,16,"3,000",80,4,2018,천호대로 531-1,202601~202701,신규,-,,,officetel
1975,서울특별시 광진구 자양동,794,0794,0000,드림타운,월세,27.3300,202512,15,"1,000",60,2,1983,아차산로 312,202601~202801,신규,-,,,officetel
1976,서울특별시 광진구 구의동,251-31,0251,0031,로젠스톤,월세,19.7100,202512,15,"13,000",21,4,2017,자양로 144,202601~202801,신규,-,,,officetel
1977,서울특별시 광진구 군자동,473-1,0473,0001,(473-1),월세,18.2000,202512,15,"1,000",90,14,2019,천호대로 530,202512~202712,신규,-,,,officetel
1978,서울특별시 광진구 군자동,355-1,0355,0001,동원데쟈뷰,월세,17.1600,202512,15,"1,000",89,7,2020,동일로 194,202602~202702,신규,-,,,officetel
1979,서울특별시 광진구 화양동,18-9,0018,0009,화양 디펠리체,월세,20.4200,202512,15,"12,000",40,15,2019,광나루로 358,202602~202702,갱신,-,"12,000",31,officetel
1980,서울특별시 광진구 화양동,111-12,0111,0012,빌리브 인테라스,전세,16.8800,202512,15,"21,000",0,4,2021,능동로 172,202601~202801,신규,-,,,officetel
1981,서울특별시 광진구 화양동,21-22,0021,0022,케이타워 오피스텔 B,월세,18.8500,202512,15,"1,000",62,6,2013,동일로30길 23,202601~202801,신규,-,,,officetel
1982,서울특별시 광진구 화양동,20-10,0020,0010,더하우스인,월세,31.0100,202512,15,"16,700",48,6,2018,광나루로14길 24,202601~202801,갱신,-,"16,700",43,officetel
1983,서울특별시 광진구 구의동,251-167,0251,0167,(251-167),월세,47.3200,202512,15,"20,000",80,3,2021,아차산로49길 87-4,202512~202712,신규,-,,,officetel
1984,서울특별시 광진구 화양동,112-14,0112,0014,(112-14),월세,17.8500,202512,15,"1,000",68,7,2015,능동로19길 15,202601~202701,신규,-,,,officetel
1985,서울특별시 광진구 화양동,23-37,0023,0037,까사펠리즈 화양,전세,24.5400,202512,15,"27,000",0,5,2025,광나루로12길 20,202602~202802,신규,-,,,officetel
1986,서울특별시 광진구 구의동,76-1,0076,0001,그랜드파크 오피스텔,월세,27.1800,202512,15,"1,000",93,5,2017,천호대로 666,202602~202702,신규,-,,,officetel
1987,서울특별시 광진구 구의동,243-71,0243,0071,구의동 벨라로사 오피스텔,전세,22.3300,202512,15,"19,650",0,10,2019,아차산로 405,202602~202802,신규,-,,,officetel
1988,서울특별시 광진구 구의동,243-71,0243,0071,구의동 벨라로사 오피스텔,월세,20.9400,202512,15,"2,000",74,6,2019,아차산로 405,202512~202712,신규,-,,,officetel
1989,서울특별시 광진구 구의동,76-1,0076,0001,그랜드파크 오피스텔,월세,25.7500,202512,14,"1,000",95,8,2017,천호대로 666,202601~202701,신규,-,,,officetel
1990,서울특별시 광진구 화양동,527,0527,0000,KCC파크타운,월세,25.7900,202512,14,"1,000",73,7,2005,광나루로 410,202512~202612,신규,-,,,officetel
1991,서울특별시 광진구 화양동,21-20,0021,0020,광진캠퍼스시티,월세,17.4900,202512,13,500,75,17,2017,동일로 178,202601~202701,갱신,-,500,75,officetel
1992,서울특별시 광진구 자양동,861,0861,0000,자양 호반써밋,월세,29.9400,202512,13,"3,000",165,5,2021,능동로 69,202602~202802,신규,-,,,officetel
1993,서울특별시 광진구 중곡동,639-4,0639,0004,정익제이타워1차,월세,15.9000,202512,13,"1,000",85,11,2018,천호대로 531-1,202601~202801,신규,-,,,officetel
1994,서울특별시 광진구 중곡동,157-6,0157,0006,아스하임,월세,16.0400,202512,13,"1,000",85,10,2019,천호대로 559,202602~202702,신규,-,,,officetel
1995,서울특별시 광진구 군자동,473-1,0473,0001,(473-1),월세,18.2000,202512,13,"18,000",18,11,2019,천호대로 530,202602~202802,신규,-,,,officetel
1996,서울특별시 광진구 군자동,473-1,0473,0001,(473-1),월세,18.1300,202512,13,"3,000",80,6,2019,천호대로 530,202512~202612,신규,-,,,officetel
1997,서울특별시 광진구 군자동,473-1,0473,0001,(473-1),월세,18.1000,202512,13,"5,500",65,11,2019,천호대로 530,202601~202701,신규,-,,,officetel
1998,서울특별시 광진구 화양동,21-22,0021,0022,케이타워 오피스텔 B,월세,18.8500,202512,13,"12,000",35,7,2013,동일로30길 23,202601~202801,신규,-,,,officetel
1999,서울특별시 광진구 화양동,21-23,0021,0023,케이타워 오피스텔 A,월세,19.7800,202512,13,"1,000",75,9,2013,광나루로14길 8,202601~202801,신규,-,,,officetel
2000,서울특별시 광진구 화양동,111-12,0111,0012,빌리브 인테라스,월세,16.8800,202512,13,"21,100",25,15,2021,능동로 172,202602~202802,갱신,-,"21,600",18,officetel
2001,서울특별시 광진구 화양동,2-22,0002,0022,비다펠리즈,전세,20.6600,202512,13,"22,500",0,4,2021,능동로 153-1,202601~202801,신규,-,,,officetel
2002,서울특별시 광진구 화양동,111-12,0111,0012,빌리브 인테라스,월세,16.8800,202512,13,"10,000",58,13,2021,능동로 172,202601~202801,갱신,-,"10,000",55,officetel
2003,서울특별시 광진구 화양동,111-12,0111,0012,빌리브 인테라스,월세,16.8800,202512,13,"21,600",23,15,2021,능동로 172,202602~202802,갱신,-,"21,600",18,officetel
2004,서울특별시 광진구 화양동,111-12,0111,0012,빌리브 인테라스,월세,16.8800,202512,13,"1,000",83,7,2021,능동로 172,202601~202701,신규,-,,,officetel
2005,서울특별시 광진구 구의동,251-34,0251,0034,신도브래뉴오피스텔,월세,31.2000,202512,13,"1,000",75,6,2003,자양로 138,202602~202802,신규,-,,,officetel
2006,서울특별시 광진구 구의동,251-169,0251,0169,더집,월세,29.4300,202512,13,"2,000",80,3,2021,자양로 154-30,202601~202801,신규,-,,,officetel
2007,서울특별시 광진구 화양동,111-12,0111,0012,빌리브 인테라스,월세,16.8800,202512,13,"21,150",5,11,2021,능동로 172,202512~202612,갱신,-,"21,500",0,officetel
2008,서울특별시 광진구 화양동,174,0174,0000,건대 트레비앙 오피스텔,월세,17.4600,202512,13,"20,000",5,12,2023,광나루로 374,202601~202801,갱신,사용,"20,000",0,officetel
2009,서울특별시 광진구 화양동,527,0527,0000,KCC파크타운,월세,27.6300,202512,13,"3,000",68,15,2005,광나루로 410,202602~202801,신규,-,,,officetel
2010,서울특별시 광진구 화양동,18-9,0018,0009,화양 디펠리체,월세,20.4200,202512,13,"3,000",75,10,2019,광나루로 358,202512~202612,신규,-,,,officetel
2011,서울특별시 광진구 화양동,174,0174,0000,건대 트레비앙 오피스텔,월세,17.4600,202512,13,"1,000",105,8,2023,광나루로 374,202512~202712,신규,-,,,officetel
2012,서울특별시 광진구 화양동,174,0174,0000,건대 트레비앙 오피스텔,월세,17.4600,202512,13,"1,000",110,14,2023,광나루로 374,202601~202701,신규,-,,,officetel
2013,서울특별시 광진구 화양동,23-5,0023,0005,더 메종 건대,전세,18.8300,202512,13,"23,000",0,17,2022,동일로 174,202601~202801,신규,-,,,officetel
2014,서울특별시 광진구 구의동,252-14,0252,0014,성지하이츠,월세,59.4000,202512,12,"20,000",40,5,1997,자양로 126,202512~202712,신규,-,,,officetel
2015,서울특별시 광진구 화양동,193,0193,0000,하이뷰오피스텔,월세,18.5200,202512,12,"2,000",83,20,2020,광나루로 386,202602~202802,신규,-,,,officetel
2016,서울특별시 광진구 구의동,243-71,0243,0071,구의동 벨라로사 오피스텔,전세,22.3300,202512,12,"20,200",0,10,2019,아차산로 405,202601~202801,갱신,-,"19,690",0,officetel
2017,서울특별시 광진구 구의동,243-71,0243,0071,구의동 벨라로사 오피스텔,월세,20.9400,202512,12,"20,240",2,7,2019,아차산로 405,202512~202712,갱신,사용,"20,240",0,officetel
2018,서울특별시 광진구 중곡동,639-6,0639,0006,정익제이타워2차,월세,15.9300,202512,12,"1,000",84,6,2020,천호대로 537,202512~202612,갱신,-,"1,000",84,officetel
2019,서울특별시 광진구 화양동,18-9,0018,0009,화양 디펠리체,월세,20.4500,202512,12,500,95,15,2019,광나루로 358,202601~202701,갱신,-,500,90,officetel
2020,서울특별시 광진구 화양동,193,0193,0000,하이뷰오피스텔,월세,18.5700,202512,12,"1,000",91,6,2020,광나루로 386,202512~202612,신규,-,,,officetel
2021,서울특별시 광진구 군자동,355-1,0355,0001,동원데쟈뷰,전세,17.1600,202512,12,"19,500",0,4,2020,동일로 194,202601~202801,신규,-,,,officetel
2022,서울특별시 광진구 화양동,21-20,0021,0020,광진캠퍼스시티,월세,16.0800,202512,12,"1,000",66,14,2017,동일로 178,202602~202702,갱신,-,"1,000",60,officetel
2023,서울특별시 광진구 화양동,21-20,0021,0020,광진캠퍼스시티,월세,17.4900,202512,12,"2,500",58,14,2017,동일로 178,202601~202801,갱신,-,"2,500",55,officetel
2024,서울특별시 광진구 자양동,608-21,0608,0021,제이원하이텔,전세,23.9400,202512,12,"14,000",0,5,2004,자양번영로 34,202602~202802,신규,-,,,officetel
2025,서울특별시 광진구 자양동,767-4,0767,0004,자양오피스텔,전세,30.2400,202512,12,"10,000",0,7,1999,자양로 135,202512~202712,신규,-,,,officetel
2026,서울특별시 광진구 화양동,110-37,0110,0037,화양타워,월세,34.6200,202512,12,"10,000",30,4,1999,능동로19길 47,202602~202802,신규,-,,,officetel
2027,서울특별시 광진구 구의동,76-1,0076,0001,그랜드파크 오피스텔,월세,21.5600,202512,12,"1,000",75,6,2017,천호대로 666,202601~202701,신규,-,,,officetel
2028,서울특별시 광진구 구의동,251-169,0251,0169,더집,월세,55.8200,202512,12,"2,000",85,4,2021,자양로 154-30,202602~202802,신규,-,,,officetel
2029,서울특별시 광진구 화양동,21-22,0021,0022,케이타워 오피스텔 B,월세,18.8500,202512,11,"1,000",75,13,2013,동일로30길 23,202601~202801,신규,-,,,officetel
2030,서울특별시 광진구 구의동,251-157,0251,0157,아델리아 구의타워,월세,36.4100,202512,11,"1,000",75,7,2010,자양로 156,202512~202612,신규,-,,,officetel
2031,서울특별시 광진구 중곡동,639-6,0639,0006,정익제이타워2차,월세,15.9300,202512,11,"5,000",60,4,2020,천호대로 537,202603~202703,갱신,-,"5,000",57,officetel
2032,서울특별시 광진구 중곡동,119-9,0119,0009,중곡에스하임3,월세,29.8900,202512,11,100,35,4,2024,천호대로 621,202512~202602,신규,-,,,officetel
2033,서울특별시 광진구 자양동,219-6,0219,0006,자양오피스텔,월세,20.3100,202512,11,"2,000",53,6,2003,아차산로46가길 19,202601~202701,갱신,-,"1,000",53,officetel
2034,서울특별시 광진구 능동,222-2,0222,0002,군자 아델리제,전세,17.6500,202512,11,"20,000",0,11,2019,천호대로 570,202602~202802,신규,-,,,officetel
2035,서울특별시 광진구 중곡동,119-9,0119,0009,중곡에스하임3,월세,29.9700,202512,10,"2,890",30,4,2024,천호대로 621,202512~202802,신규,-,,,officetel
2036,서울특별시 광진구 중곡동,119-9,0119,0009,중곡에스하임3,월세,29.8900,202512,10,"1,394",33,5,2024,천호대로 621,202512~202802,신규,-,,,officetel
2037,서울특별시 광진구 화양동,193,0193,0000,하이뷰오피스텔,전세,18.4300,202512,10,"23,000",0,11,2020,광나루로 386,202602~202702,갱신,-,"23,000",0,officetel
2038,서울특별시 광진구 화양동,111-102,0111,0102,아스하임,월세,17.1500,202512,10,"3,000",80,5,2018,광나루로 382,202601~202701,신규,-,,,officetel
2039,서울특별시 광진구 능동,222-2,0222,0002,군자 아델리제,월세,17.6500,202512,10,"1,000",70,5,2019,천호대로 570,202602~202802,신규,-,,,officetel
2040,서울특별시 광진구 화양동,17-16,0017,0016,아스하임,월세,20.9100,202512,10,"2,000",120,6,2016,군자로 43,202512~202612,신규,-,,,officetel
2041,서울특별시 광진구 자양동,626-3,0626,0003,아스하임,월세,18.8800,202512,10,"2,000",105,3,2017,자양로13길 8,202601~202801,신규,-,,,officetel
2042,서울특별시 광진구 화양동,111-12,0111,0012,빌리브 인테라스,월세,16.8800,202512,10,"21,000",15,16,2021,능동로 172,202601~202801,신규,-,,,officetel
2043,서울특별시 광진구 화양동,29-25,0029,0025,DM7 화양,월세,14.1000,202512,10,500,100,12,2025,능동로16길 12,202512~202612,신규,-,,,officetel
2044,서울특별시 광진구 화양동,21-22,0021,0022,케이타워 오피스텔 B,월세,18.8500,202512,10,"1,000",75,18,2013,동일로30길 23,202601~202801,신규,-,,,officetel
2045,서울특별시 광진구 구의동,243-71,0243,0071,구의동 벨라로사 오피스텔,전세,20.9400,202512,10,"20,530",0,12,2019,아차산로 405,202601~202801,신규,-,,,officetel
2046,서울특별시 광진구 중곡동,119-9,0119,0009,중곡에스하임3,월세,26.4800,202512,10,"1,043",30,6,2024,천호대로 621,202512~202802,신규,-,,,officetel
2047,서울특별시 광진구 중곡동,119-9,0119,0009,중곡에스하임3,월세,26.4800,202512,10,"6,463",5,6,2024,천호대로 621,202512~202802,신규,-,,,officetel
2048,서울특별시 광진구 중곡동,119-9,0119,0009,중곡에스하임3,월세,29.8900,202512,10,"1,127",33,2,2024,천호대로 621,202512~202802,신규,-,,,officetel
2049,서울특별시 광진구 중곡동,119-9,0119,0009,중곡에스하임3,월세,29.8900,202512,10,"2,819",29,2,2024,천호대로 621,202512~202802,신규,-,,,officetel
2050,서울특별시 광진구 중곡동,119-9,0119,0009,중곡에스하임3,월세,29.8900,202512,10,"2,882",30,5,2024,천호대로 621,202512~202802,신규,-,,,officetel
2051,서울특별시 광진구 중곡동,119-9,0119,0009,중곡에스하임3,월세,26.4800,202512,10,"2,609",27,6,2024,천호대로 621,202512~202802,신규,-,,,officetel
2052,서울특별시 광진구 중곡동,119-9,0119,0009,중곡에스하임3,월세,26.4800,202512,10,"2,609",27,6,2024,천호대로 621,202512~202802,신규,-,,,officetel
2053,서울특별시 광진구 중곡동,119-9,0119,0009,중곡에스하임3,월세,26.4800,202512,09,"3,447",13,5,2024,천호대로 621,202512~202802,신규,-,,,officetel
2054,서울특별시 광진구 군자동,473-1,0473,0001,(473-1),월세,18.0800,202512,09,"10,000",59,10,2019,천호대로 530,202601~202701,갱신,-,"10,000",55,officetel
2055,서울특별시 광진구 중곡동,119-9,0119,0009,중곡에스하임3,월세,29.8900,202512,09,100,35,3,2024,천호대로 621,202512~202802,신규,-,,,officetel
2056,서울특별시 광진구 중곡동,119-9,0119,0009,중곡에스하임3,월세,26.4800,202512,09,"2,609",27,4,2024,천호대로 621,202512~202802,신규,-,,,officetel
2057,서울특별시 광진구 중곡동,119-9,0119,0009,중곡에스하임3,월세,26.4800,202512,09,"2,609",27,7,2024,천호대로 621,202512~202802,신규,-,,,officetel
2058,서울특별시 광진구 자양동,222-2,0222,0002,그라시아빌딩,월세,22.5000,202512,09,"3,000",80,3,2022,아차산로 340,202512~202712,신규,-,,,officetel
2059,서울특별시 광진구 능동,255-18,0255,0018,노블레스 빌,월세,23.9600,202512,09,"14,300",15,2,2003,천호대로 632,202512~202612,갱신,-,"14,650",0,officetel
2060,서울특별시 광진구 화양동,21-22,0021,0022,케이타워 오피스텔 B,월세,18.8500,202512,09,"1,000",68,10,2013,동일로30길 23,202601~202612,갱신,-,"1,000",65,officetel
2061,서울특별시 광진구 중곡동,119-9,0119,0009,중곡에스하임3,월세,26.4800,202512,09,"2,553",26,2,2024,천호대로 621,202512~202802,신규,-,,,officetel
2062,서울특별시 광진구 중곡동,119-9,0119,0009,중곡에스하임3,월세,26.4800,202512,09,100,32,5,2024,천호대로 621,202512~202802,신규,-,,,officetel
2063,서울특별시 광진구 중곡동,119-9,0119,0009,중곡에스하임3,월세,26.1300,202512,09,"2,519",26,7,2024,천호대로 621,202512~202802,신규,-,,,officetel
2064,서울특별시 광진구 중곡동,119-9,0119,0009,중곡에스하임3,월세,26.1300,202512,09,"6,239",5,7,2024,천호대로 621,202512~202802,신규,-,,,officetel
2065,서울특별시 광진구 중곡동,119-9,0119,0009,중곡에스하임3,월세,29.8900,202512,08,"2,882",30,4,2024,천호대로 621,202512~202802,신규,-,,,officetel
2066,서울특별시 광진구 중곡동,119-9,0119,0009,중곡에스하임3,월세,26.4800,202512,08,"4,701",6,6,2024,천호대로 621,202512~202802,신규,-,,,officetel
2067,서울특별시 광진구 중곡동,119-9,0119,0009,중곡에스하임3,월세,28.8300,202512,08,"1,417",32,6,2024,천호대로 621,202512~202802,신규,-,,,officetel
2068,서울특별시 광진구 중곡동,119-9,0119,0009,중곡에스하임3,월세,28.8300,202512,08,"7,037",6,5,2024,천호대로 621,202512~202802,신규,-,,,officetel
2069,서울특별시 광진구 중곡동,119-9,0119,0009,중곡에스하임3,월세,29.8900,202512,08,"5,514",15,4,2024,천호대로 621,202512~202802,신규,-,,,officetel
2070,서울특별시 광진구 중곡동,119-9,0119,0009,중곡에스하임3,월세,26.4800,202512,08,"6,463",5,5,2024,천호대로 621,202512~202802,신규,-,,,officetel
2071,서울특별시 광진구 중곡동,119-9,0119,0009,중곡에스하임3,월세,26.4800,202512,08,"1,043",30,5,2024,천호대로 621,202512~202802,신규,-,,,officetel
2072,서울특별시 광진구 군자동,473-21,0473,0021,스테이 더 디자이너스 군자,월세,16.9400,202512,08,"1,000",95,16,2020,천호대로 538,202601~202801,신규,-,,,officetel
2073,서울특별시 광진구 군자동,473-1,0473,0001,(473-1),월세,18.0800,202512,08,"1,000",86,6,2019,천호대로 530,202601~202701,신규,-,,,officetel
2074,서울특별시 광진구 중곡동,119-9,0119,0009,중곡에스하임3,월세,29.8900,202512,08,"1,152",33,6,2024,천호대로 621,202512~202802,신규,-,,,officetel
2075,서울특별시 광진구 중곡동,639-6,0639,0006,정익제이타워2차,월세,15.9300,202512,08,"1,000",84,5,2020,천호대로 537,202602~202701,갱신,-,"1,000",80,officetel
2076,서울특별시 광진구 중곡동,119-9,0119,0009,중곡에스하임3,월세,26.4800,202512,08,"2,609",27,5,2024,천호대로 621,202512~202802,신규,-,,,officetel
2077,서울특별시 광진구 중곡동,119-9,0119,0009,중곡에스하임3,월세,28.8300,202512,08,"2,841",29,5,2024,천호대로 621,202512~202802,신규,-,,,officetel
2078,서울특별시 광진구 중곡동,119-9,0119,0009,중곡에스하임3,월세,29.8900,202512,08,"2,819",29,2,2024,천호대로 621,202512~202802,신규,-,,,officetel
2079,서울특별시 광진구 중곡동,119-9,0119,0009,중곡에스하임3,월세,26.4800,202512,08,"2,609",27,4,2024,천호대로 621,202512~202802,신규,-,,,officetel
2080,서울특별시 광진구 중곡동,119-9,0119,0009,중곡에스하임3,월세,29.8900,202512,08,"2,882",30,6,2024,천호대로 621,202512~202802,신규,-,,,officetel
2081,서울특별시 광진구 중곡동,119-9,0119,0009,중곡에스하임3,월세,26.4800,202512,08,100,32,6,2024,천호대로 621,202512~202802,신규,-,,,officetel
2082,서울특별시 광진구 중곡동,119-9,0119,0009,중곡에스하임3,월세,26.4800,202512,08,100,32,4,2024,천호대로 621,202512~202802,신규,-,,,officetel
2083,서울특별시 광진구 중곡동,119-9,0119,0009,중곡에스하임3,월세,26.4800,202512,08,100,32,3,2024,천호대로 621,202512~202802,신규,-,,,officetel
2084,서울특별시 광진구 중곡동,119-9,0119,0009,중곡에스하임3,월세,26.4800,202512,08,100,32,3,2024,천호대로 621,202512~202802,신규,-,,,officetel
2085,서울특별시 광진구 중곡동,119-9,0119,0009,중곡에스하임3,월세,26.4800,202512,08,"2,609",27,5,2024,천호대로 621,202512~202802,신규,-,,,officetel
2086,서울특별시 광진구 중곡동,119-9,0119,0009,중곡에스하임3,월세,26.4800,202512,08,"2,609",27,7,2024,천호대로 621,202512~202802,신규,-,,,officetel
2087,서울특별시 광진구 중곡동,119-9,0119,0009,중곡에스하임3,월세,28.8300,202512,08,"2,841",29,6,2024,천호대로 621,202512~202802,신규,-,,,officetel
2088,서울특별시 광진구 중곡동,119-9,0119,0009,중곡에스하임3,월세,29.9700,202512,08,"2,860",29,3,2024,천호대로 621,202512~202802,신규,-,,,officetel
2089,서울특별시 광진구 중곡동,119-9,0119,0009,중곡에스하임3,월세,29.8900,202512,08,100,35,4,2024,천호대로 621,202512~202802,신규,-,,,officetel
2090,서울특별시 광진구 중곡동,119-9,0119,0009,중곡에스하임3,월세,29.8900,202512,08,"2,882",30,6,2024,천호대로 621,202512~202802,신규,-,,,officetel
2091,서울특별시 광진구 구의동,253-19,0253,0019,센트럴빌,월세,32.1900,202512,08,"1,000",75,7,2003,광나루로 486,202512~202712,신규,-,,,officetel
2092,서울특별시 광진구 중곡동,119-9,0119,0009,중곡에스하임3,월세,26.4800,202512,08,"2,609",27,5,2024,천호대로 621,202512~202802,신규,-,,,officetel
2093,서울특별시 광진구 화양동,21-20,0021,0020,광진캠퍼스시티,월세,16.0800,202512,08,"1,000",68,16,2017,동일로 178,202512~202612,갱신,-,"1,000",65,officetel
2094,서울특별시 광진구 화양동,21-20,0021,0020,광진캠퍼스시티,월세,16.0800,202512,08,"1,000",75,10,2017,동일로 178,202512~202612,신규,-,,,officetel
2095,서울특별시 광진구 화양동,21-20,0021,0020,광진캠퍼스시티,월세,16.0800,202512,08,"1,000",75,10,2017,동일로 178,202512~202612,신규,-,,,officetel
2096,서울특별시 광진구 화양동,18-9,0018,0009,화양 디펠리체,월세,20.4500,202512,08,"17,500",10,5,2019,광나루로 358,202601~202801,신규,-,,,officetel
2097,서울특별시 광진구 화양동,193,0193,0000,하이뷰오피스텔,월세,18.5700,202512,08,"1,000",100,9,2020,광나루로 386,202601~202801,신규,-,,,officetel
2098,서울특별시 광진구 화양동,111-12,0111,0012,빌리브 인테라스,월세,16.8800,202512,08,"1,000",105,15,2021,능동로 172,202601~202701,신규,-,,,officetel
2099,서울특별시 광진구 화양동,111-22,0111,0022,정익제이타워,월세,17.1000,202512,08,"1,000",85,4,2016,능동로19길 7-10,202512~202712,신규,-,,,officetel
2100,서울특별시 광진구 화양동,113-1,0113,0001,광진 코지웰,월세,19.5300,202512,08,"1,000",72,13,2014,능동로19길 35,202602~202702,신규,-,,,officetel
2101,서울특별시 광진구 화양동,21-22,0021,0022,케이타워 오피스텔 B,월세,18.8500,202512,08,"1,000",73,16,2013,동일로30길 23,202601~202701,신규,-,,,officetel
2102,서울특별시 광진구 자양동,680-6,0680,0006,결,전세,17.5400,202512,07,"21,000",0,5,2020,자양로16길 8-3,202602~202801,갱신,사용,"21,000",0,officetel
2103,서울특별시 광진구 구의동,199-14,0199,0014,(199-14),월세,34.5000,202512,07,"11,000",23,7,2001,광나루로54길 20,202602~202802,갱신,사용,"11,000",20,officetel
2104,서울특별시 광진구 화양동,111-12,0111,0012,빌리브 인테라스,전세,16.8800,202512,07,"21,000",0,15,2021,능동로 172,202601~202801,갱신,사용,"21,000",0,officetel
2105,서울특별시 광진구 군자동,464-5,0464,0005,미래하이츠,월세,25.4500,202512,06,100,37,7,2024,동일로 300,202512~202803,신규,-,,,officetel
2106,서울특별시 광진구 중곡동,639-6,0639,0006,정익제이타워2차,월세,15.9300,202512,06,"14,000",28,9,2020,천호대로 537,202601~202801,신규,-,,,officetel
2107,서울특별시 광진구 중곡동,639-6,0639,0006,정익제이타워2차,월세,15.9300,202512,06,"5,000",70,2,2020,천호대로 537,202601~202801,신규,-,,,officetel
2108,서울특별시 광진구 화양동,113-1,0113,0001,광진 코지웰,월세,19.5400,202512,06,"10,000",40,13,2014,능동로19길 35,202602~202802,신규,-,,,officetel
2109,서울특별시 광진구 구의동,253-19,0253,0019,센트럴빌,전세,32.1900,202512,06,"16,000",0,6,2003,광나루로 486,202602~202802,신규,-,,,officetel
2110,서울특별시 광진구 구의동,251-177,0251,0177,솔렌시아,전세,45.3100,202512,06,"26,000",0,2,2015,자양로 154,202601~202701,갱신,사용,"25,000",0,officetel
2111,서울특별시 광진구 군자동,473-1,0473,0001,(473-1),월세,16.6800,202512,06,"1,000",85,12,2019,천호대로 530,202601~202801,갱신,-,"1,000",66,officetel
2112,서울특별시 광진구 군자동,473-21,0473,0021,스테이 더 디자이너스 군자,월세,16.9400,202512,06,"10,000",41,3,2020,천호대로 538,202601~202801,신규,-,,,officetel
2113,서울특별시 광진구 군자동,473-21,0473,0021,스테이 더 디자이너스 군자,월세,16.9400,202512,06,"3,000",76,13,2020,천호대로 538,202601~202701,신규,-,,,officetel
2114,서울특별시 광진구 자양동,680-9,0680,0009,더 퍼스트 스테이,전세,32.0500,202512,06,"30,000",0,6,2019,자양로16길 12,202601~202801,갱신,사용,"30,000",0,officetel
2115,서울특별시 광진구 화양동,21-20,0021,0020,광진캠퍼스시티,월세,17.4900,202512,06,"1,000",72,3,2017,동일로 178,202512~202612,신규,-,,,officetel
2116,서울특별시 광진구 화양동,21-20,0021,0020,광진캠퍼스시티,월세,16.0800,202512,06,"1,000",76,19,2017,동일로 178,202601~202701,신규,-,,,officetel
2117,서울특별시 광진구 화양동,21-2,0021,0002,브라운스톤 화양,월세,41.1400,202512,06,"3,000",100,4,2006,광나루로 346,202512~202712,신규,-,,,officetel
2118,서울특별시 광진구 화양동,111-12,0111,0012,빌리브 인테라스,전세,16.8800,202512,06,"21,000",0,9,2021,능동로 172,202601~202801,신규,-,,,officetel
2119,서울특별시 광진구 화양동,111-12,0111,0012,빌리브 인테라스,월세,16.8800,202512,06,"4,000",84,4,2021,능동로 172,202601~202701,신규,-,,,officetel
2120,서울특별시 광진구 화양동,2-22,0002,0022,비다펠리즈,전세,19.2600,202512,06,"21,000",0,4,2021,능동로 153-1,202601~202801,신규,-,,,officetel
2121,서울특별시 광진구 화양동,23-37,0023,0037,까사펠리즈 화양,월세,27.2100,202512,06,"5,000",120,8,2025,광나루로12길 20,202601~202701,신규,-,,,officetel
2122,서울특별시 광진구 화양동,21-20,0021,0020,광진캠퍼스시티,월세,16.0800,202512,05,"1,000",75,11,2017,동일로 178,202601~202801,신규,-,,,officetel
2123,서울특별시 광진구 화양동,111-12,0111,0012,빌리브 인테라스,월세,16.8800,202512,05,"3,000",83,3,2021,능동로 172,202512~202612,신규,-,,,officetel
2124,서울특별시 광진구 화양동,111-12,0111,0012,빌리브 인테라스,월세,16.8800,202512,05,"5,000",87,8,2021,능동로 172,202601~202801,신규,-,,,officetel
2125,서울특별시 광진구 구의동,243-71,0243,0071,구의동 벨라로사 오피스텔,월세,20.9400,202512,05,"19,200",2,10,2019,아차산로 405,202512~202712,갱신,-,"19,200",0,officetel
2126,서울특별시 광진구 구의동,253-19,0253,0019,센트럴빌,월세,32.1900,202512,05,"1,000",70,5,2003,광나루로 486,202601~202801,신규,-,,,officetel
2127,서울특별시 광진구 자양동,779,0779,0000,타워더모스트광진아크로텔,월세,23.9700,202512,05,"1,000",90,11,2014,아차산로 355,202512~202712,신규,-,,,officetel
2128,서울특별시 광진구 중곡동,157-17,0157,0017,리아리움더언타워,월세,15.5600,202512,05,"3,000",70,7,2017,천호대로109길 9,202512~202712,신규,-,,,officetel
2129,서울특별시 광진구 군자동,473-1,0473,0001,(473-1),월세,18.1000,202512,04,"18,000",15,10,2019,천호대로 530,202601~202801,신규,-,,,officetel
2130,서울특별시 광진구 화양동,21-20,0021,0020,광진캠퍼스시티,월세,16.0800,202512,04,"12,000",25,12,2017,동일로 178,202601~202801,신규,-,,,officetel
2131,서울특별시 광진구 화양동,21-20,0021,0020,광진캠퍼스시티,월세,16.0800,202512,04,"1,000",68,10,2017,동일로 178,202601~202701,갱신,-,"1,000",65,officetel
2132,서울특별시 광진구 화양동,111-12,0111,0012,빌리브 인테라스,전세,16.8800,202512,04,"21,600",0,4,2021,능동로 172,202512~202712,신규,-,,,officetel
2133,서울특별시 광진구 화양동,111-35,0111,0035,정익제이타워2차,월세,17.3000,202512,04,"1,000",100,6,2021,광나루로18길 15-1,202601~202701,갱신,-,"1,000",95,officetel
2134,서울특별시 광진구 중곡동,157-6,0157,0006,아스하임,월세,16.7300,202512,04,"1,000",85,7,2019,천호대로 559,202512~202612,신규,-,,,officetel
2135,서울특별시 광진구 자양동,767-4,0767,0004,자양오피스텔,월세,30.2400,202512,04,"1,000",60,7,1999,자양로 135,202601~202801,신규,-,,,officetel
2136,서울특별시 광진구 구의동,251-157,0251,0157,아델리아 구의타워,월세,18.7400,202512,04,"1,000",65,2,2010,자양로 156,202512~202612,신규,-,,,officetel
2137,서울특별시 광진구 구의동,243-71,0243,0071,구의동 벨라로사 오피스텔,월세,20.9400,202512,04,"18,200",6,5,2019,아차산로 405,202601~202801,신규,-,,,officetel
2138,서울특별시 광진구 화양동,111-12,0111,0012,빌리브 인테라스,월세,16.8800,202512,03,"2,000",89,14,2021,능동로 172,202601~202701,신규,-,,,officetel
2139,서울특별시 광진구 자양동,608-21,0608,0021,제이원하이텔,월세,23.9400,202512,03,"2,000",60,7,2004,자양번영로 34,202512~202612,신규,-,,,officetel
2140,서울특별시 광진구 자양동,767-4,0767,0004,자양오피스텔,전세,30.2400,202512,03,"10,000",0,6,1999,자양로 135,202601~202801,신규,-,,,officetel
2141,서울특별시 광진구 화양동,111-102,0111,0102,아스하임,월세,18.9400,202512,03,"1,000",88,6,2018,광나루로 382,202602~202802,신규,-,,,officetel
2142,서울특별시 광진구 광장동,120,0120,0000,주성아우라 오피스텔,전세,29.3400,202512,03,"13,000",0,2,2011,아차산로78길 33,202601~202801,신규,-,,,officetel
2143,서울특별시 광진구 화양동,113-1,0113,0001,광진 코지웰,월세,19.5300,202512,03,"15,100",8,13,2014,능동로19길 35,202601~202801,갱신,-,"15,100",5,officetel
2144,서울특별시 광진구 군자동,473-1,0473,0001,(473-1),월세,18.1000,202512,03,"5,000",70,5,2019,천호대로 530,202512~202612,신규,-,,,officetel
2145,서울특별시 광진구 화양동,113-1,0113,0001,광진 코지웰,월세,19.5300,202512,03,"14,400",11,13,2014,능동로19길 35,202601~202801,갱신,-,"15,100",5,officetel
2146,서울특별시 광진구 화양동,21-23,0021,0023,케이타워 오피스텔 A,월세,19.7800,202512,03,"12,000",35,6,2013,광나루로14길 8,202602~202802,신규,-,,,officetel
2147,서울특별시 광진구 화양동,17-20,0017,0020,더리브오피스텔,월세,19.4300,202512,03,"1,000",91,5,2011,광나루로16길 9-9,202512~202712,신규,-,,,officetel
2148,서울특별시 광진구 구의동,251-34,0251,0034,신도브래뉴오피스텔,월세,33.1500,202512,03,"1,000",75,4,2003,자양로 138,202601~202701,신규,-,,,officetel
2149,서울특별시 광진구 구의동,236-25,0236,0025,솔렌시아2,전세,43.0400,202512,03,"26,000",0,3,2015,자양로 172,202601~202801,신규,-,,,officetel
2150,서울특별시 광진구 화양동,111-12,0111,0012,빌리브 인테라스,전세,16.8800,202512,02,"21,000",0,6,2021,능동로 172,202601~202801,신규,-,,,officetel
2151,서울특별시 광진구 군자동,473-1,0473,0001,(473-1),월세,16.6800,202512,02,"1,000",90,15,2019,천호대로 530,202512~202702,신규,-,,,officetel
2152,서울특별시 광진구 능동,222-2,0222,0002,군자 아델리제,월세,17.6500,202512,02,"1,000",90,8,2019,천호대로 570,202512~202612,신규,-,,,officetel
2153,서울특별시 광진구 구의동,236-25,0236,0025,솔렌시아2,전세,46.9400,202512,02,"29,400",0,3,2015,자양로 172,202512~202712,갱신,사용,"28,000",0,officetel
2154,서울특별시 광진구 화양동,111-102,0111,0102,아스하임,월세,17.8000,202512,02,"1,000",90,5,2018,광나루로 382,202512~202712,신규,-,,,officetel
2155,서울특별시 광진구 구의동,243-71,0243,0071,구의동 벨라로사 오피스텔,월세,20.9400,202512,02,"3,700",59,5,2019,아차산로 405,202601~202801,갱신,사용,"3,700",57,officetel
2156,서울특별시 광진구 군자동,473-21,0473,0021,스테이 더 디자이너스 군자,월세,16.9400,202512,02,"1,000",80,8,2020,천호대로 538,202512~202712,갱신,-,"1,000",70,officetel
2157,서울특별시 광진구 자양동,861,0861,0000,자양 호반써밋,전세,18.7400,202512,02,"22,500",0,17,2021,능동로 69,202512~202712,갱신,사용,"23,500",0,officetel
2158,서울특별시 광진구 자양동,779,0779,0000,타워더모스트광진아크로텔,전세,25.2100,202512,02,"20,475",0,11,2014,아차산로 355,202512~202712,갱신,-,"20,500",0,officetel
2159,서울특별시 광진구 광장동,108,0108,0000,효성리버카운티,월세,27.8000,202512,02,500,57,3,2003,아차산로78길 56,202601~202701,신규,-,,,officetel
2160,서울특별시 광진구 자양동,779,0779,0000,타워더모스트광진아크로텔,전세,23.9700,202512,01,"20,000",0,10,2014,아차산로 355,202512~202712,갱신,-,"20,000",0,officetel
2161,서울특별시 광진구 구의동,243-71,0243,0071,구의동 벨라로사 오피스텔,전세,22.3300,202512,01,"19,430",0,9,2019,아차산로 405,202601~202801,갱신,-,"18,900",0,officetel
2162,서울특별시 광진구 구의동,243-71,0243,0071,구의동 벨라로사 오피스텔,전세,20.9400,202512,01,"21,000",0,12,2019,아차산로 405,202601~202801,갱신,-,"20,500",0,officetel
2163,서울특별시 광진구 화양동,111-12,0111,0012,빌리브 인테라스,전세,16.8800,202512,01,"22,000",0,18,2021,능동로 172,202601~202801,갱신,-,"22,000",0,officetel
2164,서울특별시 광진구 구의동,243-13,0243,0013,리버 비스타 구의,월세,18.4600,202512,01,"10,000",55,10,2019,아차산로 417,202601~202801,신규,-,,,officetel
2165,서울특별시 광진구 구의동,243-13,0243,0013,리버 비스타 구의,전세,18.4600,202512,01,"19,500",0,10,2019,아차산로 417,202512~202712,갱신,-,"18,900",0,officetel
2166,서울특별시 광진구 자양동,680-9,0680,0009,더 퍼스트 스테이,전세,21.8700,202512,01,"23,300",0,5,2019,자양로16길 12,202601~202801,신규,-,,,officetel
2167,서울특별시 광진구 자양동,2-2,0002,0002,건대입구역자이엘라,전세,18.6000,202512,01,"26,200",0,9,2022,능동로 87,202601~202801,신규,-,,,officetel
2168,서울특별시 광진구 구의동,243-71,0243,0071,구의동 벨라로사 오피스텔,전세,20.9400,202512,01,"20,040",0,13,2019,아차산로 405,202512~202712,갱신,사용,"19,540",0,officetel
2169,서울특별시 광진구 자양동,779,0779,0000,타워더모스트광진아크로텔,월세,23.9700,202511,30,"1,000",100,18,2014,아차산로 355,202512~202612,신규,-,,,officetel
2170,서울특별시 광진구 중곡동,190-3,0190,0003,위너스텔,월세,20.3500,202511,30,500,54,4,2003,동일로 418,202511~202611,갱신,-,500,52,officetel
2171,서울특별시 광진구 자양동,779,0779,0000,타워더모스트광진아크로텔,월세,23.9700,202511,30,"1,000",84,17,2014,아차산로 355,202601~202701,신규,-,,,officetel
2172,서울특별시 광진구 화양동,111-12,0111,0012,빌리브 인테라스,월세,16.8800,202511,30,"1,000",97,15,2021,능동로 172,202512~202612,신규,-,,,officetel
2173,서울특별시 광진구 구의동,218-15,0218,0015,와이엔 오피스텔,월세,26.8300,202511,29,"4,000",35,5,2003,아차산로 444,202512~202712,신규,-,,,officetel
2174,서울특별시 광진구 화양동,21-20,0021,0020,광진캠퍼스시티,월세,16.0800,202511,29,"1,000",66,11,2017,동일로 178,202601~202701,갱신,-,"1,000",63,officetel
2175,서울특별시 광진구 구의동,218-12,0218,0012,다성리버텔,전세,33.9700,202511,29,"20,000",0,3,2002,아차산로 452,202602~202802,신규,-,,,officetel
2176,서울특별시 광진구 구의동,218-15,0218,0015,와이엔 오피스텔,월세,26.8300,202511,29,"4,000",38,5,2003,아차산로 444,202512~202712,신규,-,,,officetel
2177,서울특별시 광진구 자양동,608-21,0608,0021,제이원하이텔,월세,23.9400,202511,29,"2,000",60,5,2004,자양번영로 34,202602~202802,신규,-,,,officetel
2178,서울특별시 광진구 자양동,779,0779,0000,타워더모스트광진아크로텔,월세,26.3200,202511,29,"3,000",85,11,2014,아차산로 355,202601~202701,갱신,-,"3,000",80,officetel
2179,서울특별시 광진구 군자동,355-1,0355,0001,동원데쟈뷰,월세,17.1600,202511,29,"16,000",22,7,2020,동일로 194,202601~202801,신규,-,,,officetel
2180,서울특별시 광진구 화양동,174,0174,0000,건대 트레비앙 오피스텔,월세,17.4600,202511,29,"10,000",49,15,2023,광나루로 374,202512~202712,신규,-,,,officetel
2181,서울특별시 광진구 군자동,355,0355,0000,메이저캐슬Ⅲ,전세,23.8900,202511,28,"24,000",0,6,2024,동일로 196,202602~202802,신규,-,,,officetel
2182,서울특별시 광진구 자양동,779,0779,0000,타워더모스트광진아크로텔,월세,23.9700,202511,28,"1,000",92,22,2014,아차산로 355,202512~202611,신규,-,,,officetel
2183,서울특별시 광진구 자양동,767-4,0767,0004,자양오피스텔,전세,30.2400,202511,28,"10,000",0,5,1999,자양로 135,202511~202711,신규,-,,,officetel
2184,서울특별시 광진구 화양동,111-12,0111,0012,빌리브 인테라스,월세,16.8800,202511,28,"21,000",10,8,2021,능동로 172,202601~202801,신규,-,,,officetel
2185,서울특별시 광진구 구의동,243-71,0243,0071,구의동 벨라로사 오피스텔,전세,22.3300,202511,28,"18,820",0,6,2019,아차산로 405,202511~202711,갱신,사용,"18,400",0,officetel
2186,서울특별시 광진구 화양동,111-35,0111,0035,정익제이타워2차,월세,19.0800,202511,28,"1,000",95,7,2021,광나루로18길 15-1,202512~202612,갱신,-,"1,000",90,officetel
2187,서울특별시 광진구 중곡동,157-17,0157,0017,리아리움더언타워,월세,14.3000,202511,28,"3,000",60,4,2017,천호대로109길 9,202512~202712,신규,-,,,officetel
2188,서울특별시 광진구 화양동,21-20,0021,0020,광진캠퍼스시티,월세,16.0800,202511,28,"1,000",85,20,2017,동일로 178,202511~202702,신규,-,,,officetel
2189,서울특별시 광진구 능동,222-2,0222,0002,군자 아델리제,월세,17.6500,202511,27,"19,600",5,10,2019,천호대로 570,202512~202712,갱신,-,"20,000",0,officetel
2190,서울특별시 광진구 화양동,111-12,0111,0012,빌리브 인테라스,월세,16.8800,202511,27,"15,000",32,9,2021,능동로 172,202601~202701,신규,-,,,officetel
2191,서울특별시 광진구 구의동,667,0667,0000,강변에스케이뷰,월세,28.0100,202511,27,"1,000",95,3,2017,아차산로 431,202602~202702,신규,-,,,officetel
2192,서울특별시 광진구 군자동,355-1,0355,0001,동원데쟈뷰,월세,17.1600,202511,27,"19,600",3,5,2020,동일로 194,202512~202712,갱신,-,"19,600",0,officetel
2193,서울특별시 광진구 광장동,108,0108,0000,효성리버카운티,월세,28.5100,202511,27,"1,000",70,4,2003,아차산로78길 56,202601~202701,신규,-,,,officetel
2194,서울특별시 광진구 중곡동,639-6,0639,0006,정익제이타워2차,월세,15.9300,202511,27,"3,000",76,7,2020,천호대로 537,202512~202612,갱신,-,"3,000",74,officetel
2195,서울특별시 광진구 군자동,473-21,0473,0021,스테이 더 디자이너스 군자,전세,16.9400,202511,26,"22,000",0,10,2020,천호대로 538,202511~202711,신규,-,,,officetel
2196,서울특별시 광진구 자양동,2-2,0002,0002,건대입구역자이엘라,전세,18.9100,202511,26,"23,900",0,9,2022,능동로 87,202601~202701,신규,-,,,officetel
2197,서울특별시 광진구 자양동,779,0779,0000,타워더모스트광진아크로텔,월세,32.1800,202511,26,"1,000",116,5,2014,아차산로 355,202512~202612,갱신,사용,"1,000",110,officetel
2198,서울특별시 광진구 화양동,17-16,0017,0016,아스하임,월세,18.8300,202511,26,"1,000",90,4,2016,군자로 43,202512~202612,갱신,-,"1,000",85,officetel
2199,서울특별시 광진구 광장동,102,0102,0000,현대골든텔,전세,26.7300,202511,26,"12,500",0,9,1991,아차산로78길 75,202602~202802,신규,-,,,officetel
2200,서울특별시 광진구 구의동,218-12,0218,0012,다성리버텔,전세,33.9700,202511,26,"20,000",0,9,2002,아차산로 452,202601~202801,신규,-,,,officetel
2201,서울특별시 광진구 화양동,21-20,0021,0020,광진캠퍼스시티,월세,16.0800,202511,25,"1,000",66,6,2017,동일로 178,202601~202701,신규,-,,,officetel
2202,서울특별시 광진구 능동,222-2,0222,0002,군자 아델리제,월세,22.9800,202511,25,"3,500",104,9,2019,천호대로 570,202601~202801,갱신,-,"3,500",98,officetel
2203,서울특별시 광진구 구의동,75-1,0075,0001,썬-타워빌딩,월세,25.6900,202511,25,"1,100",60,5,2007,천호대로 670,202512~202612,신규,-,,,officetel
2204,서울특별시 광진구 군자동,473-21,0473,0021,스테이 더 디자이너스 군자,월세,16.9400,202511,25,"2,000",88,16,2020,천호대로 538,202512~202612,신규,-,,,officetel
2205,서울특별시 광진구 화양동,111-88,0111,0088,신원리브웰 화양동 주상복합,월세,17.9700,202511,25,500,80,10,2019,능동로 170,202512~202612,신규,-,,,officetel
2206,서울특별시 광진구 화양동,111-12,0111,0012,빌리브 인테라스,월세,16.8800,202511,25,"1,000",89,5,2021,능동로 172,202601~202701,갱신,-,"1,000",87,officetel
2207,서울특별시 광진구 구의동,199-8,0199,0008,(199-8),월세,28.9000,202511,25,"3,000",78,4,2017,아차산로 480,202602~202802,신규,-,,,officetel
2208,서울특별시 광진구 구의동,199-23,0199,0023,현대13차폴라트리움,전세,40.5000,202511,25,"23,000",0,2,2006,구의강변로 102,202512~202712,신규,-,,,officetel
2209,서울특별시 광진구 자양동,870,0870,0000,이스트폴,월세,32.1300,202511,25,"2,000",139,8,2025,아차산로 400,202601~202701,신규,-,,,officetel
2210,서울특별시 광진구 자양동,779,0779,0000,타워더모스트광진아크로텔,월세,23.9700,202511,25,"10,000",60,18,2014,아차산로 355,202601~202801,갱신,-,"10,000",55,officetel
2211,서울특별시 광진구 화양동,111-12,0111,0012,빌리브 인테라스,전세,16.8800,202511,25,"21,000",0,12,2021,능동로 172,202512~202712,신규,-,,,officetel
2212,서울특별시 광진구 구의동,243-71,0243,0071,구의동 벨라로사 오피스텔,월세,22.3300,202511,25,"18,700",1,4,2019,아차산로 405,202512~202712,신규,-,,,officetel
2213,서울특별시 광진구 화양동,21-20,0021,0020,광진캠퍼스시티,월세,16.0800,202511,25,"11,000",35,5,2017,동일로 178,202601~202701,신규,-,,,officetel
2214,서울특별시 광진구 군자동,473-1,0473,0001,(473-1),월세,18.1000,202511,24,"1,000",93,11,2019,천호대로 530,202601~202801,신규,-,,,officetel
2215,서울특별시 광진구 자양동,227-7,0227,0007,더샵스타시티,전세,196.4800,202511,24,"160,000",0,4,2007,아차산로 262,202601~202801,신규,-,,,officetel
2216,서울특별시 광진구 구의동,71-5,0071,0005,(71-5),월세,26.3800,202511,24,"1,000",100,6,2025,자양로 260,202601~202801,신규,-,,,officetel
2217,서울특별시 광진구 자양동,861,0861,0000,자양 호반써밋,월세,29.9400,202511,24,"2,000",170,4,2021,능동로 69,202512~202712,신규,-,,,officetel
2218,서울특별시 광진구 자양동,861,0861,0000,자양 호반써밋,전세,18.7400,202511,24,"23,000",0,4,2021,능동로 69,202601~202801,신규,-,,,officetel
2219,서울특별시 광진구 자양동,779,0779,0000,타워더모스트광진아크로텔,월세,27.1700,202511,24,"1,000",94,12,2014,아차산로 355,202512~202612,갱신,-,"1,000",90,officetel
2220,서울특별시 광진구 자양동,794,0794,0000,드림타운,월세,27.3300,202511,24,"1,000",65,4,1983,아차산로 312,202512~202712,신규,-,,,officetel
2221,서울특별시 광진구 구의동,243-71,0243,0071,구의동 벨라로사 오피스텔,월세,20.9400,202511,24,"19,270",6,10,2019,아차산로 405,202601~202801,신규,-,,,officetel
2222,서울특별시 광진구 자양동,779,0779,0000,타워더모스트광진아크로텔,월세,23.9700,202511,24,"20,000",10,5,2014,아차산로 355,202601~202801,신규,-,,,officetel
2223,서울특별시 광진구 화양동,21-23,0021,0023,케이타워 오피스텔 A,월세,19.9300,202511,24,"1,000",70,3,2013,광나루로14길 8,202512~202612,신규,-,,,officetel
2224,서울특별시 광진구 화양동,113-1,0113,0001,광진 코지웰,월세,18.9300,202511,24,"1,000",70,13,2014,능동로19길 35,202512~202612,신규,-,,,officetel
2225,서울특별시 광진구 자양동,779,0779,0000,타워더모스트광진아크로텔,월세,30.6100,202511,22,"1,000",130,21,2014,아차산로 355,202512~202612,신규,-,,,officetel
2226,서울특별시 광진구 자양동,779,0779,0000,타워더모스트광진아크로텔,월세,23.9700,202511,22,"2,000",71,15,2014,아차산로 355,202512~202612,갱신,-,"2,000",68,officetel
2227,서울특별시 광진구 자양동,779,0779,0000,타워더모스트광진아크로텔,월세,31.1000,202511,22,"1,000",120,16,2014,아차산로 355,202512~202712,갱신,-,"1,000",115,officetel
2228,서울특별시 광진구 군자동,473-1,0473,0001,(473-1),월세,18.1300,202511,22,"2,000",90,10,2019,천호대로 530,202512~202712,신규,-,,,officetel
2229,서울특별시 광진구 자양동,794,0794,0000,드림타운,월세,18.2000,202511,22,"1,000",50,2,1983,아차산로 312,202601~202801,신규,-,,,officetel
2230,서울특별시 광진구 화양동,113-1,0113,0001,광진 코지웰,월세,23.3100,202511,22,"1,000",80,13,2014,능동로19길 35,202601~202801,신규,-,,,officetel
2231,서울특별시 광진구 화양동,116-2,0116,0002,화양동 동도센트리움 캠퍼스파크,전세,21.4700,202511,22,"21,500",0,6,2019,광나루로 370,202601~202801,갱신,사용,"21,000",0,officetel
2232,서울특별시 광진구 구의동,667,0667,0000,강변에스케이뷰,월세,28.7600,202511,22,"1,000",85,2,2017,아차산로 431,202512~202612,신규,-,,,officetel
2233,서울특별시 광진구 자양동,779,0779,0000,타워더모스트광진아크로텔,월세,23.9700,202511,21,"7,000",65,16,2014,아차산로 355,202512~202712,신규,-,,,officetel
2234,서울특별시 광진구 자양동,870,0870,0000,이스트폴,월세,32.6600,202511,21,"2,000",153,17,2025,아차산로 400,202601~202701,신규,-,,,officetel
2235,서울특별시 광진구 구의동,252-16,0252,0016,웰츠타워,월세,24.8200,202511,21,"1,000",85,6,2015,자양로 116,202512~202612,신규,-,,,officetel
2236,서울특별시 광진구 구의동,243-71,0243,0071,구의동 벨라로사 오피스텔,전세,22.3300,202511,21,"21,080",0,11,2019,아차산로 405,202601~202801,신규,-,,,officetel
2237,서울특별시 광진구 군자동,355-1,0355,0001,동원데쟈뷰,월세,17.1600,202511,21,"1,000",90,2,2020,동일로 194,202512~202712,신규,-,,,officetel
2238,서울특별시 광진구 화양동,111-12,0111,0012,빌리브 인테라스,전세,16.8800,202511,21,"20,000",0,8,2021,능동로 172,202512~202712,신규,-,,,officetel
2239,서울특별시 광진구 화양동,18-9,0018,0009,화양 디펠리체,월세,20.4500,202511,21,"1,000",87,13,2019,광나루로 358,202601~202701,갱신,-,"1,000",83,officetel
2240,서울특별시 광진구 화양동,174,0174,0000,건대 트레비앙 오피스텔,월세,17.4600,202511,21,"1,000",105,15,2023,광나루로 374,202601~202701,신규,-,,,officetel
2241,서울특별시 광진구 화양동,174,0174,0000,건대 트레비앙 오피스텔,월세,17.4600,202511,21,"5,000",80,13,2023,광나루로 374,202511~202611,신규,-,,,officetel
2242,서울특별시 광진구 광장동,108,0108,0000,효성리버카운티,월세,24.0400,202511,21,"1,000",55,7,2003,아차산로78길 56,202512~202612,신규,-,,,officetel
2243,서울특별시 광진구 구의동,218-12,0218,0012,다성리버텔,월세,33.9700,202511,21,"2,000",80,8,2002,아차산로 452,202512~202712,신규,-,,,officetel
2244,서울특별시 광진구 구의동,243-71,0243,0071,구의동 벨라로사 오피스텔,월세,20.9400,202511,21,"18,000",14,9,2019,아차산로 405,202511~202711,갱신,-,"13,000",30,officetel
2245,서울특별시 광진구 구의동,243-71,0243,0071,구의동 벨라로사 오피스텔,월세,20.9400,202511,21,"18,250",3,6,2019,아차산로 405,202512~202712,갱신,-,"18,440",0,officetel
2246,서울특별시 광진구 구의동,598-2,0598,0002,평강오피스텔,월세,27.6900,202511,21,"1,000",70,3,2003,구의강변로 27,202512~202612,신규,-,,,officetel
2247,서울특별시 광진구 구의동,589-10,0589,0010,구의아크로리버,월세,20.0600,202511,21,"1,000",60,4,2004,구의강변로 64,202602~202802,신규,-,,,officetel
2248,서울특별시 광진구 화양동,111-12,0111,0012,빌리브 인테라스,월세,16.8800,202511,21,"15,000",35,14,2021,능동로 172,202512~202712,신규,-,,,officetel
2249,서울특별시 광진구 화양동,111-12,0111,0012,빌리브 인테라스,전세,27.8200,202511,20,"40,950",0,19,2021,능동로 172,202602~202802,갱신,사용,"39,000",0,officetel
2250,서울특별시 광진구 구의동,252-16,0252,0016,웰츠타워,월세,24.8200,202511,20,"1,000",89,11,2015,자양로 116,202511~202611,신규,-,,,officetel
2251,서울특별시 광진구 화양동,111-12,0111,0012,빌리브 인테라스,월세,16.8800,202511,20,"21,000",5,4,2021,능동로 172,202512~202712,신규,-,,,officetel
2252,서울특별시 광진구 화양동,21-20,0021,0020,광진캠퍼스시티,월세,17.4900,202511,20,"1,000",77,10,2017,동일로 178,202512~202612,신규,-,,,officetel
2253,서울특별시 광진구 자양동,861,0861,0000,자양 호반써밋,월세,21.3800,202511,20,"7,000",81,6,2021,능동로 69,202512~202802,신규,-,,,officetel
2254,서울특별시 광진구 구의동,252-16,0252,0016,웰츠타워,월세,29.8900,202511,20,"1,000",106,12,2015,자양로 116,202511~202611,신규,-,,,officetel
2255,서울특별시 광진구 구의동,251-157,0251,0157,아델리아 구의타워,월세,59.4900,202511,20,"2,000",130,10,2010,자양로 156,202511~202611,갱신,-,"2,000",130,officetel
2256,서울특별시 광진구 화양동,21-20,0021,0020,광진캠퍼스시티,월세,17.4900,202511,19,"1,000",85,16,2017,동일로 178,202512~202612,신규,-,,,officetel
2257,서울특별시 광진구 군자동,473-21,0473,0021,스테이 더 디자이너스 군자,월세,16.9400,202511,19,"1,000",90,10,2020,천호대로 538,202512~202712,신규,-,,,officetel
2258,서울특별시 광진구 군자동,473-1,0473,0001,(473-1),월세,18.0800,202511,19,"1,000",85,3,2019,천호대로 530,202601~202801,신규,-,,,officetel
2259,서울특별시 광진구 구의동,251-176,0251,0176,명진센트라임3,전세,40.7400,202511,19,"31,500",0,8,2020,아차산로49길 87-3,202601~202801,갱신,-,"30,000",0,officetel
2260,서울특별시 광진구 능동,222-2,0222,0002,군자 아델리제,월세,22.9800,202511,19,"5,500",94,5,2019,천호대로 570,202601~202801,갱신,-,"3,500",96,officetel
2261,서울특별시 광진구 구의동,243-71,0243,0071,구의동 벨라로사 오피스텔,전세,20.9400,202511,19,"18,940",0,6,2019,아차산로 405,202601~202801,신규,-,,,officetel
2262,서울특별시 광진구 화양동,302-24,0302,0024,(302-24),월세,24.9000,202511,19,"3,000",60,6,2002,광나루로 454,202601~202801,신규,-,,,officetel
2263,서울특별시 광진구 화양동,111-12,0111,0012,빌리브 인테라스,전세,16.8800,202511,19,"22,000",0,11,2021,능동로 172,202512~202712,신규,-,,,officetel
2264,서울특별시 광진구 구의동,252-16,0252,0016,웰츠타워,월세,43.6100,202511,18,"1,000",143,7,2015,자양로 116,202511~202611,신규,-,,,officetel
2265,서울특별시 광진구 화양동,18-9,0018,0009,화양 디펠리체,월세,20.2800,202511,18,"1,000",90,12,2019,광나루로 358,202512~202612,신규,-,,,officetel
2266,서울특별시 광진구 화양동,23-5,0023,0005,더 메종 건대,월세,17.7100,202511,18,"20,000",25,13,2022,동일로 174,202601~202801,신규,-,,,officetel
2267,서울특별시 광진구 광장동,120,0120,0000,주성아우라 오피스텔,전세,29.5900,202511,18,"13,000",0,3,2011,아차산로78길 33,202512~202712,신규,-,,,officetel
2268,서울특별시 광진구 화양동,111-12,0111,0012,빌리브 인테라스,월세,16.8800,202511,17,"2,000",88,16,2021,능동로 172,202512~202712,갱신,-,"2,000",84,officetel
2269,서울특별시 광진구 화양동,21-22,0021,0022,케이타워 오피스텔 B,월세,18.8500,202511,17,"1,000",75,11,2013,동일로30길 23,202512~202612,갱신,-,"1,000",70,officetel
2270,서울특별시 광진구 화양동,21-20,0021,0020,광진캠퍼스시티,월세,16.0800,202511,17,"1,000",80,20,2017,동일로 178,202511~202611,신규,-,,,officetel
2271,서울특별시 광진구 화양동,21-20,0021,0020,광진캠퍼스시티,월세,16.0800,202511,17,"1,000",65,18,2017,동일로 178,202512~202612,갱신,-,"1,000",63,officetel
2272,서울특별시 광진구 자양동,779,0779,0000,타워더모스트광진아크로텔,월세,23.9700,202511,17,"1,000",94,12,2014,아차산로 355,202512~202612,갱신,-,"1,000",90,officetel
2273,서울특별시 광진구 군자동,473-1,0473,0001,(473-1),월세,18.0800,202511,17,"2,000",85,7,2019,천호대로 530,202511~202711,신규,-,,,officetel
2274,서울특별시 광진구 자양동,779,0779,0000,타워더모스트광진아크로텔,전세,23.9700,202511,17,"20,000",0,6,2014,아차산로 355,202601~202801,신규,-,,,officetel
2275,서울특별시 광진구 화양동,111-12,0111,0012,빌리브 인테라스,전세,16.8800,202511,17,"21,000",0,3,2021,능동로 172,202601~202801,신규,-,,,officetel
2276,서울특별시 광진구 화양동,18-9,0018,0009,화양 디펠리체,월세,20.4200,202511,17,"1,000",84,6,2019,광나루로 358,202601~202701,신규,-,,,officetel
2277,서울특별시 광진구 화양동,111-12,0111,0012,빌리브 인테라스,월세,16.8800,202511,16,"1,000",95,17,2021,능동로 172,202511~202611,신규,-,,,officetel
2278,서울특별시 광진구 중곡동,649-11,0649,0011,평강오피스텔,월세,25.0000,202511,15,200,100,10,2020,능동로37길 9,202512~202603,신규,-,,,officetel
2279,서울특별시 광진구 능동,222-2,0222,0002,군자 아델리제,전세,17.6500,202511,15,"19,500",0,8,2019,천호대로 570,202512~202712,신규,-,,,officetel
2280,서울특별시 광진구 중곡동,639-4,0639,0004,정익제이타워1차,월세,15.9000,202511,15,"2,000",80,4,2018,천호대로 531-1,202512~202712,신규,-,,,officetel
2281,서울특별시 광진구 중곡동,648-12,0648,0012,마인하임648,월세,29.7900,202511,15,"5,000",80,5,2017,능동로37길 10-4,202601~202801,신규,-,,,officetel
2282,서울특별시 광진구 구의동,251-31,0251,0031,로젠스톤,월세,19.7100,202511,15,"13,500",19,2,2017,자양로 144,202512~202712,갱신,-,"5,000",48,officetel
2283,서울특별시 광진구 구의동,251-31,0251,0031,로젠스톤,월세,19.7100,202511,15,"14,000",19,7,2017,자양로 144,202512~202712,신규,-,,,officetel
2284,서울특별시 광진구 구의동,251-34,0251,0034,신도브래뉴오피스텔,월세,32.1700,202511,15,"1,000",75,10,2003,자양로 138,202512~202612,신규,-,,,officetel
2285,서울특별시 광진구 화양동,111-12,0111,0012,빌리브 인테라스,월세,16.8800,202511,15,"8,000",62,15,2021,능동로 172,202512~202712,신규,-,,,officetel
2286,서울특별시 광진구 화양동,111-12,0111,0012,빌리브 인테라스,월세,16.8800,202511,15,"12,000",55,9,2021,능동로 172,202512~202612,갱신,-,"12,000",50,officetel
2287,서울특별시 광진구 화양동,21-20,0021,0020,광진캠퍼스시티,월세,16.0800,202511,15,"1,000",75,16,2017,동일로 178,202511~202611,신규,-,,,officetel
2288,서울특별시 광진구 화양동,42-7,0042,0007,(42-7),전세,35.4900,202511,15,"30,000",0,3,2016,동일로 122,202601~202801,신규,-,,,officetel
2289,서울특별시 광진구 화양동,21-20,0021,0020,광진캠퍼스시티,월세,16.0800,202511,15,"12,000",7,4,2017,동일로 178,202512~202712,갱신,-,"13,750",0,officetel
2290,서울특별시 광진구 자양동,859,0859,0000,래미안프리미어팰리스,월세,42.4100,202511,15,"2,000",120,4,2017,아차산로 345,202512~202612,신규,-,,,officetel
2291,서울특별시 광진구 자양동,861,0861,0000,자양 호반써밋,전세,29.9400,202511,15,"40,000",0,10,2021,능동로 69,202601~202801,신규,-,,,officetel
2292,서울특별시 광진구 자양동,767-4,0767,0004,자양오피스텔,월세,30.2400,202511,15,"1,000",60,8,1999,자양로 135,202601~202801,신규,-,,,officetel
2293,서울특별시 광진구 군자동,473-1,0473,0001,(473-1),월세,18.0800,202511,15,"18,000",20,12,2019,천호대로 530,202512~202712,신규,-,,,officetel
2294,서울특별시 광진구 광장동,108,0108,0000,효성리버카운티,전세,27.8000,202511,14,"13,000",0,5,2003,아차산로78길 56,202512~202612,신규,-,,,officetel
2295,서울특별시 광진구 화양동,174,0174,0000,건대 트레비앙 오피스텔,월세,18.6600,202511,14,"1,000",100,3,2023,광나루로 374,202601~202801,신규,-,,,officetel
2296,서울특별시 광진구 화양동,193,0193,0000,하이뷰오피스텔,월세,18.4300,202511,14,"17,000",26,11,2020,광나루로 386,202511~202611,갱신,-,"17,000",26,officetel
2297,서울특별시 광진구 구의동,76-1,0076,0001,그랜드파크 오피스텔,월세,21.5600,202511,14,"1,000",77,4,2017,천호대로 666,202601~202801,신규,-,,,officetel
2298,서울특별시 광진구 능동,222-2,0222,0002,군자 아델리제,월세,17.6500,202511,14,"1,000",85,8,2019,천호대로 570,202511~202611,갱신,-,"1,000",78,officetel
2299,서울특별시 광진구 자양동,2-2,0002,0002,건대입구역자이엘라,월세,18.9100,202511,14,"1,000",87,8,2022,능동로 87,202512~202612,신규,-,,,officetel
2300,서울특별시 광진구 화양동,18-9,0018,0009,화양 디펠리체,월세,20.4500,202511,14,"2,000",81,17,2019,광나루로 358,202511~202611,신규,-,,,officetel
2301,서울특별시 광진구 중곡동,639-4,0639,0004,정익제이타워1차,월세,16.3700,202511,14,"16,200",10,3,2018,천호대로 531-1,202512~202712,신규,-,,,officetel
2302,서울특별시 광진구 자양동,767-4,0767,0004,자양오피스텔,월세,30.8700,202511,13,"8,000",10,3,1999,자양로 135,202511~202711,신규,-,,,officetel
2303,서울특별시 광진구 군자동,473-1,0473,0001,(473-1),월세,18.1300,202511,13,"18,000",20,7,2019,천호대로 530,202601~202801,신규,-,,,officetel
2304,서울특별시 광진구 화양동,93-3,0093,0003,캠퍼니안,월세,42.4200,202511,13,"1,000",90,7,2004,능동로16길 9,202512~202712,신규,-,,,officetel
2305,서울특별시 광진구 구의동,251-31,0251,0031,로젠스톤,월세,17.8300,202511,13,"12,000",28,5,2017,자양로 144,202601~202801,신규,-,,,officetel
2306,서울특별시 광진구 자양동,767-4,0767,0004,자양오피스텔,월세,30.8700,202511,12,"8,000",10,5,1999,자양로 135,202512~202612,신규,-,,,officetel
2307,서울특별시 광진구 화양동,21-20,0021,0020,광진캠퍼스시티,월세,17.4900,202511,12,"1,000",66,18,2017,동일로 178,202601~202701,갱신,-,"1,000",63,officetel
2308,서울특별시 광진구 중곡동,639-6,0639,0006,정익제이타워2차,월세,15.9300,202511,12,"1,000",86,13,2020,천호대로 537,202512~202612,갱신,-,"1,000",81,officetel
2309,서울특별시 광진구 구의동,246-14,0246,0014,크레신타워3차,월세,25.3500,202511,12,"1,000",75,10,2006,아차산로 375,202511~202711,신규,-,,,officetel
2310,서울특별시 광진구 구의동,246-38,0246,0038,구의역 에떼르넬 비욘드,전세,23.7600,202511,12,"30,000",0,9,2024,아차산로 391,202602~202802,신규,-,,,officetel
2311,서울특별시 광진구 구의동,251-171,0251,0171,구의 에코하임,전세,45.3000,202511,11,"37,000",0,4,2025,아차산로49길 93,202512~202712,신규,-,,,officetel
2312,서울특별시 광진구 화양동,111-12,0111,0012,빌리브 인테라스,월세,16.8800,202511,11,"21,000",5,8,2021,능동로 172,202601~202801,신규,-,,,officetel
2313,서울특별시 광진구 군자동,355-1,0355,0001,동원데쟈뷰,월세,17.1600,202511,11,"1,000",90,10,2020,동일로 194,202511~202611,신규,-,,,officetel
2314,서울특별시 광진구 화양동,17-16,0017,0016,아스하임,월세,18.8300,202511,11,"1,000",85,7,2016,군자로 43,202511~202711,신규,-,,,officetel
2315,서울특별시 광진구 자양동,779,0779,0000,타워더모스트광진아크로텔,월세,23.9700,202511,11,"1,000",90,16,2014,아차산로 355,202601~202701,신규,-,,,officetel
2316,서울특별시 광진구 구의동,251-34,0251,0034,신도브래뉴오피스텔,월세,30.7100,202511,11,"1,000",73,5,2003,자양로 138,202512~202612,갱신,-,"1,000",70,officetel
2317,서울특별시 광진구 화양동,110-37,0110,0037,화양타워,월세,33.7000,202511,11,"1,000",60,6,1999,능동로19길 47,202601~202801,신규,-,,,officetel
2318,서울특별시 광진구 화양동,174,0174,0000,건대 트레비앙 오피스텔,월세,17.4600,202511,11,"1,000",110,9,2023,광나루로 374,202511~202608,신규,-,,,officetel
2319,서울특별시 광진구 화양동,302-24,0302,0024,(302-24),월세,24.6000,202511,11,"3,000",60,5,2002,광나루로 454,202601~202801,신규,-,,,officetel
2320,서울특별시 광진구 구의동,199-8,0199,0008,(199-8),월세,26.9300,202511,10,"2,000",84,4,2017,아차산로 480,202512~202612,신규,-,,,officetel
2321,서울특별시 광진구 자양동,2-2,0002,0002,건대입구역자이엘라,전세,18.9100,202511,10,"25,350",0,11,2022,능동로 87,202601~202801,신규,-,,,officetel
2322,서울특별시 광진구 구의동,243-13,0243,0013,리버 비스타 구의,월세,20.8700,202511,10,"19,000",10,5,2019,아차산로 417,202512~202712,갱신,사용,"19,000",0,officetel
2323,서울특별시 광진구 구의동,218-12,0218,0012,다성리버텔,월세,29.9700,202511,10,"1,000",80,2,2002,아차산로 452,202601~202701,신규,-,,,officetel
2324,서울특별시 광진구 구의동,253-19,0253,0019,센트럴빌,월세,41.2900,202511,10,"3,000",85,5,2003,광나루로 486,202601~202801,신규,-,,,officetel
2325,서울특별시 광진구 구의동,251-25,0251,0025,(251-25),전세,51.7800,202511,10,"30,000",0,5,2017,자양로 146,202511~202711,신규,-,,,officetel
2326,서울특별시 광진구 화양동,17-16,0017,0016,아스하임,월세,18.8300,202511,10,"3,000",63,4,2016,군자로 43,202512~202711,갱신,-,"3,000",60,officetel
2327,서울특별시 광진구 화양동,193,0193,0000,하이뷰오피스텔,월세,18.5700,202511,10,"1,000",97,20,2020,광나루로 386,202602~202702,신규,-,,,officetel
2328,서울특별시 광진구 화양동,174,0174,0000,건대 트레비앙 오피스텔,전세,17.4600,202511,10,"22,000",0,16,2023,광나루로 374,202512~202712,신규,-,,,officetel
2329,서울특별시 광진구 화양동,193,0193,0000,하이뷰오피스텔,월세,18.4300,202511,10,"10,000",55,11,2020,광나루로 386,202512~202712,갱신,-,"10,000",51,officetel
2330,서울특별시 광진구 중곡동,639-6,0639,0006,정익제이타워2차,월세,15.9300,202511,10,"16,000",14,9,2020,천호대로 537,202512~202712,갱신,-,"16,000",10,officetel
2331,서울특별시 광진구 중곡동,639-6,0639,0006,정익제이타워2차,월세,15.9300,202511,10,"3,000",78,14,2020,천호대로 537,202511~202611,신규,-,,,officetel
2332,서울특별시 광진구 군자동,473-21,0473,0021,스테이 더 디자이너스 군자,월세,17.2500,202511,10,"1,000",94,14,2020,천호대로 538,202512~202612,신규,-,,,officetel
2333,서울특별시 광진구 화양동,116-2,0116,0002,화양동 동도센트리움 캠퍼스파크,월세,16.8300,202511,08,"6,000",65,6,2019,광나루로 370,202512~202712,갱신,-,"8,000",46,officetel
2334,서울특별시 광진구 화양동,49-12,0049,0012,글로벌시티,월세,20.6100,202511,08,"2,000",58,5,2003,아차산로 205,202511~202711,신규,-,,,officetel
2335,서울특별시 광진구 화양동,21-20,0021,0020,광진캠퍼스시티,월세,16.0800,202511,08,"2,000",69,13,2017,동일로 178,202512~202712,신규,-,,,officetel
2336,서울특별시 광진구 화양동,21-20,0021,0020,광진캠퍼스시티,월세,16.0800,202511,08,"1,000",80,19,2017,동일로 178,202511~202611,신규,-,,,officetel
2337,서울특별시 광진구 화양동,111-12,0111,0012,빌리브 인테라스,월세,16.8800,202511,08,"16,000",33,18,2021,능동로 172,202512~202712,신규,-,,,officetel
2338,서울특별시 광진구 화양동,111-12,0111,0012,빌리브 인테라스,월세,16.8800,202511,08,"20,500",4,4,2021,능동로 172,202512~202712,갱신,사용,"20,500",0,officetel
2339,서울특별시 광진구 자양동,854,0854,0000,광진트라팰리스,월세,35.1200,202511,08,"2,000",130,5,2006,뚝섬로34길 67,202511~202611,신규,-,,,officetel
2340,서울특별시 광진구 군자동,473-1,0473,0001,(473-1),월세,18.0800,202511,08,"18,000",5,4,2019,천호대로 530,202512~202712,신규,-,,,officetel
2341,서울특별시 광진구 군자동,473-1,0473,0001,(473-1),월세,18.0800,202511,08,"18,000",25,16,2019,천호대로 530,202511~202711,신규,-,,,officetel
2342,서울특별시 광진구 중곡동,639-4,0639,0004,정익제이타워1차,월세,16.2200,202511,08,"16,200",20,8,2018,천호대로 531-1,202512~202712,신규,-,,,officetel
2343,서울특별시 광진구 중곡동,639-4,0639,0004,정익제이타워1차,월세,15.9700,202511,08,"10,000",45,4,2018,천호대로 531-1,202512~202712,신규,-,,,officetel
2344,서울특별시 광진구 중곡동,639-4,0639,0004,정익제이타워1차,월세,16.2200,202511,08,"16,100",20,8,2018,천호대로 531-1,202512~202712,신규,-,,,officetel
2345,서울특별시 광진구 중곡동,648-14,0648,0014,아지(AZ)0213,월세,20.4400,202511,08,"3,000",70,8,2015,능동로37길 6,202512~202612,신규,-,,,officetel
2346,서울특별시 광진구 능동,222-2,0222,0002,군자 아델리제,월세,22.9800,202511,08,"5,000",100,3,2019,천호대로 570,202511~202611,신규,-,,,officetel
2347,서울특별시 광진구 구의동,598-2,0598,0002,평강오피스텔,월세,51.0000,202511,08,"10,000",70,3,2003,구의강변로 27,202512~202712,신규,-,,,officetel
2348,서울특별시 광진구 능동,222-2,0222,0002,군자 아델리제,월세,17.6500,202511,08,"1,000",91,9,2019,천호대로 570,202512~202612,신규,-,,,officetel
2349,서울특별시 광진구 화양동,111-12,0111,0012,빌리브 인테라스,월세,16.8800,202511,08,"1,000",98,16,2021,능동로 172,202601~202701,갱신,-,"1,000",93,officetel
2350,서울특별시 광진구 구의동,76-1,0076,0001,그랜드파크 오피스텔,월세,21.5600,202511,08,"1,000",75,6,2017,천호대로 666,202512~202612,신규,-,,,officetel
2351,서울특별시 광진구 화양동,174,0174,0000,건대 트레비앙 오피스텔,월세,17.4600,202511,08,"5,000",79,12,2023,광나루로 374,202511~202611,신규,-,,,officetel
2352,서울특별시 광진구 자양동,2-2,0002,0002,건대입구역자이엘라,월세,18.6000,202511,07,"20,000",20,11,2022,능동로 87,202601~202801,신규,-,,,officetel
2353,서울특별시 광진구 구의동,252-16,0252,0016,웰츠타워,월세,29.7100,202511,07,"1,000",105,8,2015,자양로 116,202511~202611,신규,-,,,officetel
2354,서울특별시 광진구 자양동,861,0861,0000,자양 호반써밋,월세,21.3800,202511,07,"2,000",110,12,2021,능동로 69,202512~202612,신규,-,,,officetel
2355,서울특별시 광진구 중곡동,639-6,0639,0006,정익제이타워2차,월세,15.9300,202511,07,"1,000",86,12,2020,천호대로 537,202512~202612,신규,-,,,officetel
2356,서울특별시 광진구 군자동,473-1,0473,0001,(473-1),월세,18.2000,202511,07,"18,000",20,8,2019,천호대로 530,202601~202801,신규,-,,,officetel
2357,서울특별시 광진구 군자동,355-1,0355,0001,동원데쟈뷰,전세,17.1600,202511,07,"19,600",0,4,2020,동일로 194,202512~202712,갱신,-,"19,600",0,officetel
2358,서울특별시 광진구 화양동,174,0174,0000,건대 트레비앙 오피스텔,전세,17.4600,202511,07,"22,700",0,16,2023,광나루로 374,202511~202711,갱신,-,"22,700",0,officetel
2359,서울특별시 광진구 화양동,111-12,0111,0012,빌리브 인테라스,월세,16.8800,202511,07,"5,000",69,18,2021,능동로 172,202512~202612,신규,-,,,officetel
2360,서울특별시 광진구 화양동,111-12,0111,0012,빌리브 인테라스,월세,16.8800,202511,06,"1,000",92,13,2021,능동로 172,202601~202701,신규,-,,,officetel
2361,서울특별시 광진구 화양동,174,0174,0000,건대 트레비앙 오피스텔,월세,17.4600,202511,06,"1,000",100,10,2023,광나루로 374,202511~202611,신규,-,,,officetel
2362,서울특별시 광진구 화양동,21-20,0021,0020,광진캠퍼스시티,월세,17.4900,202511,06,"1,000",75,16,2017,동일로 178,202511~202611,신규,-,,,officetel
2363,서울특별시 광진구 화양동,111-102,0111,0102,아스하임,월세,17.8000,202511,06,"1,000",95,6,2018,광나루로 382,202511~202611,신규,-,,,officetel
2364,서울특별시 광진구 구의동,243-71,0243,0071,구의동 벨라로사 오피스텔,월세,20.9400,202511,06,"19,270",7,8,2019,아차산로 405,202512~202712,신규,-,,,officetel
2365,서울특별시 광진구 자양동,861,0861,0000,자양 호반써밋,전세,29.9400,202511,06,"40,000",0,15,2021,능동로 69,202512~202712,신규,-,,,officetel
2366,서울특별시 광진구 중곡동,157-17,0157,0017,리아리움더언타워,월세,17.4700,202511,06,"3,000",72,7,2017,천호대로109길 9,202511~202611,갱신,사용,"3,000",70,officetel
2367,서울특별시 광진구 군자동,473-21,0473,0021,스테이 더 디자이너스 군자,전세,16.9400,202511,06,"20,000",0,11,2020,천호대로 538,202512~202712,신규,-,,,officetel
2368,서울특별시 광진구 군자동,355-1,0355,0001,동원데쟈뷰,월세,17.1600,202511,06,"1,000",84,9,2020,동일로 194,202511~202611,신규,-,,,officetel
2369,서울특별시 광진구 구의동,243-71,0243,0071,구의동 벨라로사 오피스텔,월세,20.9400,202511,06,"20,290",5,12,2019,아차산로 405,202512~202712,신규,-,,,officetel
2370,서울특별시 광진구 구의동,252-16,0252,0016,웰츠타워,월세,20.9700,202511,06,"1,000",78,16,2015,자양로 116,202511~202611,신규,-,,,officetel
2371,서울특별시 광진구 구의동,243-13,0243,0013,리버 비스타 구의,월세,19.7900,202511,06,"16,000",30,8,2019,아차산로 417,202512~202612,갱신,사용,"16,000",24,officetel
2372,서울특별시 광진구 화양동,21-22,0021,0022,케이타워 오피스텔 B,월세,18.8500,202511,06,"1,000",67,14,2013,동일로30길 23,202601~202701,신규,-,,,officetel
2373,서울특별시 광진구 자양동,861,0861,0000,자양 호반써밋,월세,18.7400,202511,05,"1,000",93,7,2021,능동로 69,202512~202612,신규,-,,,officetel
2374,서울특별시 광진구 화양동,17-68,0017,0068,세종에버그린,전세,35.0000,202511,05,"27,000",0,6,2018,광나루로16길 19,202512~202712,신규,-,,,officetel
2375,서울특별시 광진구 화양동,94-9,0094,0009,화양동 프라하임,월세,40.1700,202511,05,"2,000",230,13,2022,능동로 165-1,202511~202611,신규,-,,,officetel
2376,서울특별시 광진구 화양동,111-12,0111,0012,빌리브 인테라스,월세,16.8800,202511,05,"21,000",10,17,2021,능동로 172,202512~202712,신규,-,,,officetel
2377,서울특별시 광진구 구의동,252-16,0252,0016,웰츠타워,월세,24.8200,202511,05,"1,000",91,19,2015,자양로 116,202511~202611,신규,-,,,officetel
2378,서울특별시 광진구 구의동,252-16,0252,0016,웰츠타워,월세,24.7500,202511,05,"1,000",83,4,2015,자양로 116,202511~202611,신규,-,,,officetel
2379,서울특별시 광진구 자양동,219-22,0219,0022,더 트윈1,월세,19.5700,202511,05,"15,000",10,3,2020,아차산로46가길 7,202512~202712,갱신,사용,"15,000",7,officetel
2380,서울특별시 광진구 능동,222-2,0222,0002,군자 아델리제,월세,22.9800,202511,05,"5,500",105,10,2019,천호대로 570,202512~202612,신규,-,,,officetel
2381,서울특별시 광진구 군자동,473-21,0473,0021,스테이 더 디자이너스 군자,월세,16.9400,202511,05,"2,000",85,4,2020,천호대로 538,202512~202712,갱신,-,"2,000",85,officetel
2382,서울특별시 광진구 군자동,355-1,0355,0001,동원데쟈뷰,전세,17.1600,202511,05,"19,800",0,3,2020,동일로 194,202512~202603,갱신,-,"20,500",0,officetel
2383,서울특별시 광진구 자양동,779,0779,0000,타워더모스트광진아크로텔,월세,26.3200,202511,05,"1,000",95,12,2014,아차산로 355,202601~202701,신규,-,,,officetel
2384,서울특별시 광진구 구의동,252-16,0252,0016,웰츠타워,월세,24.8200,202511,05,"1,000",87,13,2015,자양로 116,202512~202612,신규,-,,,officetel
2385,서울특별시 광진구 능동,222-2,0222,0002,군자 아델리제,월세,22.9800,202511,05,"5,500",109,12,2019,천호대로 570,202512~202712,신규,-,,,officetel
2386,서울특별시 광진구 화양동,111-88,0111,0088,신원리브웰 화양동 주상복합,전세,15.2700,202511,04,"19,800",0,11,2019,능동로 170,202512~202712,신규,-,,,officetel
2387,서울특별시 광진구 화양동,302-24,0302,0024,(302-24),월세,24.9000,202511,04,"2,000",65,4,2002,광나루로 454,202512~202712,신규,-,,,officetel
2388,서울특별시 광진구 광장동,120,0120,0000,주성아우라 오피스텔,월세,29.8300,202511,04,"1,000",68,3,2011,아차산로78길 33,202511~202611,신규,-,,,officetel
2389,서울특별시 광진구 군자동,91-1,0091,0001,뫼비우스,월세,37.4000,202511,04,"3,000",100,3,2019,동일로 294,202512~202712,신규,-,,,officetel
2390,서울특별시 광진구 화양동,17-92,0017,0092,세종에버그린,전세,35.0000,202511,04,"19,000",0,5,2018,광나루로16길 21,202512~202612,신규,-,,,officetel
2391,서울특별시 광진구 자양동,219-6,0219,0006,자양오피스텔,월세,19.8400,202511,04,"5,000",44,6,2003,아차산로46가길 19,202512~202712,신규,-,,,officetel
2392,서울특별시 광진구 중곡동,639-6,0639,0006,정익제이타워2차,월세,15.9300,202511,03,"17,000",15,9,2020,천호대로 537,202512~202712,신규,-,,,officetel
2393,서울특별시 광진구 군자동,473-1,0473,0001,(473-1),월세,16.6800,202511,03,"1,000",90,14,2019,천호대로 530,202512~202712,갱신,-,"1,000",85,officetel
2394,서울특별시 광진구 군자동,473-21,0473,0021,스테이 더 디자이너스 군자,월세,16.9400,202511,03,"15,000",32,14,2020,천호대로 538,202511~202611,신규,-,,,officetel
2395,서울특별시 광진구 자양동,854,0854,0000,광진트라팰리스,월세,63.8600,202511,03,"3,000",200,3,2006,뚝섬로34길 67,202512~202712,신규,-,,,officetel
2396,서울특별시 광진구 자양동,861,0861,0000,자양 호반써밋,월세,18.7400,202511,03,"13,000",52,15,2021,능동로 69,202512~202712,갱신,사용,"13,000",50,officetel
2397,서울특별시 광진구 자양동,779,0779,0000,타워더모스트광진아크로텔,월세,25.2100,202511,03,"1,000",95,8,2014,아차산로 355,202512~202612,신규,-,,,officetel
2398,서울특별시 광진구 능동,222-2,0222,0002,군자 아델리제,월세,17.6500,202511,03,"19,200",5,7,2019,천호대로 570,202512~202712,신규,-,,,officetel
2399,서울특별시 광진구 중곡동,157-17,0157,0017,리아리움더언타워,월세,15.4500,202511,03,500,78,4,2017,천호대로109길 9,202511~202611,신규,-,,,officetel
2400,서울특별시 광진구 화양동,193,0193,0000,하이뷰오피스텔,전세,18.4300,202511,03,"23,000",0,15,2020,광나루로 386,202601~202801,갱신,-,"23,000",0,officetel
2401,서울특별시 광진구 화양동,101-3,0101,0003,(101-3),월세,74.5500,202511,03,"1,000",65,3,2012,군자로6길 41,202511~202711,신규,-,,,officetel
2402,서울특별시 광진구 구의동,243-71,0243,0071,구의동 벨라로사 오피스텔,전세,22.3300,202511,03,"20,870",0,12,2019,아차산로 405,202512~202712,신규,-,,,officetel
2403,서울특별시 광진구 구의동,667,0667,0000,강변에스케이뷰,월세,28.0100,202511,03,"1,000",82,3,2017,아차산로 431,202511~202611,갱신,사용,"1,000",79,officetel
2404,서울특별시 광진구 군자동,473-1,0473,0001,(473-1),월세,18.1000,202511,02,"18,000",30,17,2019,천호대로 530,202512~202712,신규,-,,,officetel
2405,서울특별시 광진구 구의동,199-8,0199,0008,(199-8),월세,27.7400,202511,02,"1,000",95,5,2017,아차산로 480,202511~202611,갱신,-,"1,000",83,officetel
2406,서울특별시 광진구 군자동,473-21,0473,0021,스테이 더 디자이너스 군자,월세,16.9400,202511,01,"15,600",30,13,2020,천호대로 538,202511~202711,신규,-,,,officetel
2407,서울특별시 광진구 군자동,473-1,0473,0001,(473-1),월세,18.2000,202511,01,"10,000",52,4,2019,천호대로 530,202511~202711,신규,-,,,officetel
2408,서울특별시 광진구 화양동,174,0174,0000,건대 트레비앙 오피스텔,월세,18.6600,202511,01,"1,000",115,7,2023,광나루로 374,202511~202611,신규,-,,,officetel
2409,서울특별시 광진구 자양동,861,0861,0000,자양 호반써밋,월세,18.7400,202511,01,"1,000",120,20,2021,능동로 69,202601~202701,신규,-,,,officetel
2410,서울특별시 광진구 군자동,355-1,0355,0001,동원데쟈뷰,월세,17.1600,202511,01,"19,000",5,4,2020,동일로 194,202512~202712,신규,-,,,officetel
2411,서울특별시 광진구 군자동,473-21,0473,0021,스테이 더 디자이너스 군자,월세,16.9400,202511,01,"15,600",25,8,2020,천호대로 538,202512~202712,신규,-,,,officetel
2412,서울특별시 광진구 군자동,473-21,0473,0021,스테이 더 디자이너스 군자,월세,16.9400,202511,01,"15,600",32,12,2020,천호대로 538,202511~202709,신규,-,,,officetel
2413,서울특별시 광진구 자양동,779-3,0779,0003,금강태극빌,월세,30.9300,202511,01,"12,000",30,6,2005,아차산로 353,202512~202712,신규,-,,,officetel
2414,서울특별시 광진구 구의동,251-157,0251,0157,아델리아 구의타워,월세,18.7400,202511,01,"1,000",65,3,2010,자양로 156,202512~202612,신규,-,,,officetel
2415,서울특별시 광진구 중곡동,639-6,0639,0006,정익제이타워2차,월세,15.9300,202511,01,"1,000",90,14,2020,천호대로 537,202511~202611,신규,-,,,officetel
2416,서울특별시 광진구 중곡동,639-6,0639,0006,정익제이타워2차,월세,15.9300,202511,01,"3,000",67,4,2020,천호대로 537,202511~202611,갱신,-,"3,000",64,officetel
2417,서울특별시 광진구 중곡동,648-14,0648,0014,아지(AZ)0213,월세,20.8500,202511,01,"1,000",80,5,2015,능동로37길 6,202511~202611,신규,-,,,officetel
2418,서울특별시 광진구 자양동,861,0861,0000,자양 호반써밋,월세,18.7400,202511,01,"3,000",81,10,2021,능동로 69,202511~202611,갱신,-,"3,000",77,officetel
2419,서울특별시 광진구 화양동,19-40,0019,0040,(19-40),월세,29.5100,202510,31,"3,000",80,7,2012,광나루로14길 17,202511~202710,신규,-,,,officetel
2420,서울특별시 광진구 화양동,17-16,0017,0016,아스하임,월세,19.1300,202510,31,"10,000",57,8,2016,군자로 43,202512~202712,신규,-,,,officetel
2421,서울특별시 광진구 구의동,246-14,0246,0014,크레신타워3차,월세,25.3500,202510,31,"1,000",75,8,2006,아차산로 375,202511~202611,신규,-,,,officetel
2422,서울특별시 광진구 자양동,859,0859,0000,래미안프리미어팰리스,월세,58.4600,202510,31,"10,000",135,4,2017,아차산로 345,202602~202802,신규,-,,,officetel
2423,서울특별시 광진구 중곡동,639-6,0639,0006,정익제이타워2차,월세,15.9300,202510,31,"1,000",80,6,2020,천호대로 537,202511~202611,갱신,-,"1,000",77,officetel
2424,서울특별시 광진구 화양동,111-12,0111,0012,빌리브 인테라스,월세,16.8800,202510,30,"5,000",80,6,2021,능동로 172,202512~202612,갱신,-,"5,000",70,officetel
2425,서울특별시 광진구 화양동,21-22,0021,0022,케이타워 오피스텔 B,월세,18.8500,202510,30,"13,000",26,16,2013,동일로30길 23,202511~202711,갱신,-,"13,000",13,officetel
2426,서울특별시 광진구 화양동,21-20,0021,0020,광진캠퍼스시티,월세,16.0800,202510,30,"5,000",60,20,2017,동일로 178,202511~202711,신규,-,,,officetel
2427,서울특별시 광진구 자양동,767-4,0767,0004,자양오피스텔,월세,30.8700,202510,30,"8,000",10,5,1999,자양로 135,202512~202612,신규,-,,,officetel
2428,서울특별시 광진구 자양동,779,0779,0000,타워더모스트광진아크로텔,월세,23.9700,202510,30,"1,000",90,6,2014,아차산로 355,202511~202611,신규,-,,,officetel
2429,서울특별시 광진구 자양동,870,0870,0000,이스트폴,월세,32.1300,202510,30,"2,000",148,12,2025,아차산로 400,202511~202611,신규,-,,,officetel
2430,서울특별시 광진구 자양동,779,0779,0000,타워더모스트광진아크로텔,월세,25.2100,202510,30,"3,000",72,14,2014,아차산로 355,202510~202701,갱신,-,"3,000",72,officetel
2431,서울특별시 광진구 자양동,779,0779,0000,타워더모스트광진아크로텔,월세,27.1700,202510,30,"3,000",72,14,2014,아차산로 355,202510~202701,갱신,-,"3,000",72,officetel
2432,서울특별시 광진구 군자동,473-1,0473,0001,(473-1),월세,18.2000,202510,30,"18,000",9,15,2019,천호대로 530,202512~202712,갱신,-,"19,350",0,officetel
2433,서울특별시 광진구 화양동,193,0193,0000,하이뷰오피스텔,월세,18.5700,202510,30,"3,000",76,15,2020,광나루로 386,202511~202610,신규,-,,,officetel
2434,서울특별시 광진구 화양동,174,0174,0000,건대 트레비앙 오피스텔,전세,17.4600,202510,30,"21,000",0,3,2023,광나루로 374,202512~202712,갱신,-,"20,000",0,officetel
2435,서울특별시 광진구 화양동,174,0174,0000,건대 트레비앙 오피스텔,월세,17.4600,202510,30,"1,000",110,16,2023,광나루로 374,202511~202611,갱신,-,"1,000",110,officetel
2436,서울특별시 광진구 화양동,110-37,0110,0037,화양타워,월세,47.5600,202510,30,"3,000",110,5,1999,능동로19길 47,202511~202802,신규,-,,,officetel
2437,서울특별시 광진구 군자동,473-21,0473,0021,스테이 더 디자이너스 군자,전세,16.9400,202510,29,"19,150",0,9,2020,천호대로 538,202512~202712,갱신,사용,"21,700",0,officetel
2438,서울특별시 광진구 화양동,111-102,0111,0102,아스하임,월세,17.8000,202510,29,"1,000",88,7,2018,광나루로 382,202511~202711,신규,-,,,officetel
2439,서울특별시 광진구 화양동,132-75,0132,0075,엘리시안파크,월세,16.3600,202510,29,"1,000",80,3,2015,군자로 46,202510~202702,신규,-,,,officetel
2440,서울특별시 광진구 구의동,251-31,0251,0031,로젠스톤,월세,19.7100,202510,29,"13,000",21,4,2017,자양로 144,202512~202712,신규,-,,,officetel
2441,서울특별시 광진구 구의동,253-19,0253,0019,센트럴빌,월세,32.1900,202510,29,"1,000",73,5,2003,광나루로 486,202511~202711,신규,-,,,officetel
2442,서울특별시 광진구 중곡동,158-8,0158,0008,JS더빌,전세,22.3300,202510,29,"16,000",0,2,2009,능동로38길 15-4,202512~202712,신규,-,,,officetel
2443,서울특별시 광진구 능동,222-2,0222,0002,군자 아델리제,전세,17.6500,202510,29,"19,200",0,4,2019,천호대로 570,202511~202711,갱신,-,"19,800",0,officetel
2444,서울특별시 광진구 군자동,473-1,0473,0001,(473-1),월세,18.1300,202510,29,"2,000",95,10,2019,천호대로 530,202511~202611,신규,-,,,officetel
2445,서울특별시 광진구 능동,222-2,0222,0002,군자 아델리제,월세,17.6500,202510,28,"15,000",30,7,2019,천호대로 570,202512~202712,신규,-,,,officetel
2446,서울특별시 광진구 능동,222-2,0222,0002,군자 아델리제,월세,17.6500,202510,28,"14,000",35,6,2019,천호대로 570,202512~202712,신규,-,,,officetel
2447,서울특별시 광진구 화양동,21-22,0021,0022,케이타워 오피스텔 B,월세,18.8500,202510,28,"10,000",38,5,2013,동일로30길 23,202512~202712,신규,-,,,officetel
2448,서울특별시 광진구 자양동,227-7,0227,0007,더샵스타시티,월세,174.2400,202510,28,"10,000",550,17,2007,아차산로 262,202512~202712,갱신,사용,"10,000",570,officetel
2449,서울특별시 광진구 중곡동,158-31,0158,0031,홀가하우스,월세,22.6800,202510,28,300,100,11,2021,능동로38길 5-3,202511~202605,신규,-,,,officetel
2450,서울특별시 광진구 중곡동,639-6,0639,0006,정익제이타워2차,월세,15.9300,202510,27,"10,000",50,5,2020,천호대로 537,202512~202712,신규,-,,,officetel
2451,서울특별시 광진구 군자동,473-21,0473,0021,스테이 더 디자이너스 군자,월세,16.9400,202510,27,"1,000",85,7,2020,천호대로 538,202512~202612,신규,-,,,officetel
2452,서울특별시 광진구 구의동,253-19,0253,0019,센트럴빌,월세,32.1900,202510,27,"1,000",73,8,2003,광나루로 486,202512~202711,신규,-,,,officetel
2453,서울특별시 광진구 구의동,71-5,0071,0005,(71-5),월세,24.2100,202510,27,"1,000",85,8,2025,자양로 260,202512~202712,신규,-,,,officetel
2454,서울특별시 광진구 자양동,680-9,0680,0009,더 퍼스트 스테이,전세,34.1700,202510,27,"35,000",0,5,2019,자양로16길 12,202511~202711,신규,-,,,officetel
2455,서울특별시 광진구 화양동,21-23,0021,0023,케이타워 오피스텔 A,월세,19.9300,202510,27,"1,000",70,7,2013,광나루로14길 8,202512~202712,신규,-,,,officetel
2456,서울특별시 광진구 중곡동,639-4,0639,0004,정익제이타워1차,월세,16.2200,202510,27,"1,000",84,13,2018,천호대로 531-1,202511~202611,갱신,-,"1,000",80,officetel
2457,서울특별시 광진구 중곡동,639-4,0639,0004,정익제이타워1차,월세,16.3700,202510,27,"1,000",85,8,2018,천호대로 531-1,202511~202611,신규,-,,,officetel
2458,서울특별시 광진구 구의동,251-171,0251,0171,구의 에코하임,전세,45.3000,202510,26,"35,000",0,3,2025,아차산로49길 93,202601~202801,신규,-,,,officetel
2459,서울특별시 광진구 화양동,111-12,0111,0012,빌리브 인테라스,월세,16.8800,202510,25,"20,000",20,14,2021,능동로 172,202512~202712,신규,-,,,officetel
2460,서울특별시 광진구 화양동,21-20,0021,0020,광진캠퍼스시티,월세,16.0800,202510,25,"1,000",75,11,2017,동일로 178,202511~202611,신규,-,,,officetel
2461,서울특별시 광진구 군자동,473-1,0473,0001,(473-1),월세,18.1300,202510,25,"18,000",4,5,2019,천호대로 530,202511~202711,갱신,-,"18,300",0,officetel
2462,서울특별시 광진구 중곡동,639-6,0639,0006,정익제이타워2차,월세,15.9300,202510,25,"1,000",88,5,2020,천호대로 537,202511~202611,갱신,-,"1,000",84,officetel
2463,서울특별시 광진구 중곡동,157-17,0157,0017,리아리움더언타워,전세,17.4700,202510,25,"19,000",0,6,2017,천호대로109길 9,202512~202712,신규,-,,,officetel
2464,서울특별시 광진구 구의동,598-2,0598,0002,평강오피스텔,월세,25.5000,202510,25,"11,000",28,2,2003,구의강변로 27,202511~202711,갱신,-,"11,000",20,officetel
2465,서울특별시 광진구 화양동,21-22,0021,0022,케이타워 오피스텔 B,월세,18.8500,202510,25,"1,000",75,13,2013,동일로30길 23,202510~202610,신규,-,,,officetel
2466,서울특별시 광진구 화양동,21-23,0021,0023,케이타워 오피스텔 A,월세,19.7800,202510,25,"1,000",68,2,2013,광나루로14길 8,202512~202612,갱신,-,"1,000",65,officetel
2467,서울특별시 광진구 화양동,111-12,0111,0012,빌리브 인테라스,월세,16.8800,202510,25,"3,000",83,3,2021,능동로 172,202512~202612,신규,-,,,officetel
2468,서울특별시 광진구 중곡동,649-11,0649,0011,평강오피스텔,월세,28.4000,202510,24,300,100,5,2020,능동로37길 9,202511~202602,신규,-,,,officetel
2469,서울특별시 광진구 군자동,473-1,0473,0001,(473-1),월세,18.1300,202510,24,"5,500",65,7,2019,천호대로 530,202512~202612,신규,-,,,officetel
2470,서울특별시 광진구 화양동,21-22,0021,0022,케이타워 오피스텔 B,월세,18.8500,202510,24,"1,000",75,9,2013,동일로30길 23,202511~202711,신규,-,,,officetel
2471,서울특별시 광진구 화양동,21-23,0021,0023,케이타워 오피스텔 A,월세,19.9300,202510,24,"1,000",70,15,2013,광나루로14길 8,202510~202610,신규,-,,,officetel
2472,서울특별시 광진구 화양동,193,0193,0000,하이뷰오피스텔,월세,18.5700,202510,24,"1,000",83,13,2020,광나루로 386,202511~202611,신규,-,,,officetel
2473,서울특별시 광진구 화양동,21-20,0021,0020,광진캠퍼스시티,월세,17.4900,202510,24,"6,000",65,20,2017,동일로 178,202511~202711,신규,-,,,officetel
2474,서울특별시 광진구 자양동,680-12,0680,0012,큐브스테이트,전세,22.6500,202510,24,"21,000",0,3,2018,자양로16길 16,202511~202711,갱신,-,"20,125",0,officetel
2475,서울특별시 광진구 구의동,547-7,0547,0007,광진해모로리버뷰,월세,49.9200,202510,24,"7,000",70,1,2009,강변역로4길 56,202511~202711,신규,-,,,officetel
2476,서울특별시 광진구 구의동,252-16,0252,0016,웰츠타워,월세,24.8200,202510,24,"1,000",89,17,2015,자양로 116,202511~202611,신규,-,,,officetel
2477,서울특별시 광진구 구의동,251-157,0251,0157,아델리아 구의타워,월세,36.4100,202510,24,500,81,3,2010,자양로 156,202511~202611,갱신,-,500,79,officetel
2478,서울특별시 광진구 중곡동,157-17,0157,0017,리아리움더언타워,월세,17.4700,202510,24,"1,000",85,11,2017,천호대로109길 9,202512~202612,신규,-,,,officetel
2479,서울특별시 광진구 화양동,83-5,0083,0005,(83-5),월세,35.1800,202510,23,"1,000",55,6,2012,군자로6길 54,202511~202710,신규,-,,,officetel
2480,서울특별시 광진구 군자동,473-21,0473,0021,스테이 더 디자이너스 군자,월세,16.9400,202510,23,"2,000",83,4,2020,천호대로 538,202511~202711,신규,-,,,officetel
2481,서울특별시 광진구 중곡동,157-17,0157,0017,리아리움더언타워,월세,15.4500,202510,23,"2,000",75,8,2017,천호대로109길 9,202511~202711,신규,-,,,officetel
2482,서울특별시 광진구 구의동,251-171,0251,0171,구의 에코하임,전세,45.3000,202510,23,"35,000",0,2,2025,아차산로49길 93,202601~202801,신규,-,,,officetel
2483,서울특별시 광진구 중곡동,639-6,0639,0006,정익제이타워2차,월세,15.9300,202510,23,"2,000",85,13,2020,천호대로 537,202511~202711,신규,-,,,officetel
2484,서울특별시 광진구 화양동,21-20,0021,0020,광진캠퍼스시티,월세,24.3800,202510,23,"2,000",84,13,2017,동일로 178,202511~202611,신규,-,,,officetel
2485,서울특별시 광진구 자양동,779,0779,0000,타워더모스트광진아크로텔,월세,23.9700,202510,23,"1,000",95,10,2014,아차산로 355,202511~202611,신규,-,,,officetel
2486,서울특별시 광진구 구의동,243-71,0243,0071,구의동 벨라로사 오피스텔,월세,20.9400,202510,23,"19,250",4,8,2019,아차산로 405,202510~202710,갱신,-,"19,900",0,officetel
2487,서울특별시 광진구 화양동,18-9,0018,0009,화양 디펠리체,월세,20.4200,202510,23,"5,000",68,10,2019,광나루로 358,202511~202711,갱신,사용,"5,000",65,officetel
2488,서울특별시 광진구 구의동,243-13,0243,0013,리버 비스타 구의,전세,19.7900,202510,22,"19,500",0,12,2019,아차산로 417,202512~202712,신규,-,,,officetel
2489,서울특별시 광진구 화양동,193,0193,0000,하이뷰오피스텔,전세,18.4300,202510,22,"23,000",0,9,2020,광나루로 386,202511~202711,갱신,-,"22,000",0,officetel
2490,서울특별시 광진구 화양동,174,0174,0000,건대 트레비앙 오피스텔,전세,17.4600,202510,22,"22,000",0,16,2023,광나루로 374,202511~202711,신규,-,,,officetel
2491,서울특별시 광진구 자양동,870,0870,0000,이스트폴,월세,32.1300,202510,22,"2,000",145,20,2025,아차산로 400,202510~202610,신규,-,,,officetel
2492,서울특별시 광진구 중곡동,639-6,0639,0006,정익제이타워2차,월세,15.9300,202510,22,"1,000",82,12,2020,천호대로 537,202511~202611,신규,-,,,officetel
2493,서울특별시 광진구 군자동,473-1,0473,0001,(473-1),월세,18.1300,202510,22,"19,000",10,12,2019,천호대로 530,202511~202711,갱신,-,"19,000",10,officetel
2494,서울특별시 광진구 구의동,243-13,0243,0013,리버 비스타 구의,전세,19.7900,202510,22,"20,500",0,12,2019,아차산로 417,202512~202712,신규,-,,,officetel
2495,서울특별시 광진구 구의동,243-71,0243,0071,구의동 벨라로사 오피스텔,전세,20.9400,202510,22,"19,910",0,8,2019,아차산로 405,202512~202712,신규,-,,,officetel
2496,서울특별시 광진구 구의동,251-157,0251,0157,아델리아 구의타워,월세,18.7400,202510,22,"1,000",65,3,2010,자양로 156,202511~202611,신규,-,,,officetel
2497,서울특별시 광진구 군자동,473-21,0473,0021,스테이 더 디자이너스 군자,월세,16.9400,202510,21,"1,000",90,5,2020,천호대로 538,202510~202710,신규,-,,,officetel
2498,서울특별시 광진구 중곡동,639-6,0639,0006,정익제이타워2차,월세,15.9300,202510,21,"3,000",75,3,2020,천호대로 537,202512~202612,신규,-,,,officetel
2499,서울특별시 광진구 구의동,246-14,0246,0014,크레신타워3차,월세,25.3500,202510,21,"1,000",75,9,2006,아차산로 375,202512~202612,신규,-,,,officetel
2500,서울특별시 광진구 중곡동,639-6,0639,0006,정익제이타워2차,월세,15.9300,202510,21,"2,000",85,12,2020,천호대로 537,202511~202711,신규,-,,,officetel
2501,서울특별시 광진구 구의동,76-1,0076,0001,그랜드파크 오피스텔,월세,19.4000,202510,21,"1,000",78,7,2017,천호대로 666,202511~202611,신규,-,,,officetel
2502,서울특별시 광진구 구의동,243-71,0243,0071,구의동 벨라로사 오피스텔,월세,20.9400,202510,21,"20,000",15,10,2019,아차산로 405,202512~202712,신규,-,,,officetel
2503,서울특별시 광진구 구의동,76-1,0076,0001,그랜드파크 오피스텔,월세,32.6400,202510,20,"15,000",50,6,2017,천호대로 666,202511~202703,신규,-,,,officetel
2504,서울특별시 광진구 군자동,355-1,0355,0001,동원데쟈뷰,월세,17.1600,202510,20,"2,000",90,5,2020,동일로 194,202510~202610,신규,-,,,officetel
2505,서울특별시 광진구 구의동,246-14,0246,0014,크레신타워3차,전세,46.3600,202510,19,"25,350",0,15,2006,아차산로 375,202512~202712,신규,-,,,officetel
2506,서울특별시 광진구 화양동,116-2,0116,0002,화양동 동도센트리움 캠퍼스파크,전세,21.2600,202510,18,"21,500",0,6,2019,광나루로 370,202512~202712,신규,-,,,officetel
2507,서울특별시 광진구 화양동,193,0193,0000,하이뷰오피스텔,전세,18.5700,202510,18,"23,000",0,7,2020,광나루로 386,202512~202711,신규,-,,,officetel
2508,서울특별시 광진구 화양동,193,0193,0000,하이뷰오피스텔,전세,18.5700,202510,18,"23,000",0,7,2020,광나루로 386,202512~202711,신규,-,,,officetel
2509,서울특별시 광진구 화양동,193,0193,0000,하이뷰오피스텔,월세,18.5700,202510,18,"1,000",83,10,2020,광나루로 386,202511~202611,신규,-,,,officetel
2510,서울특별시 광진구 화양동,21-20,0021,0020,광진캠퍼스시티,월세,16.0800,202510,18,"1,000",68,8,2017,동일로 178,202512~202701,갱신,-,"1,000",65,officetel
2511,서울특별시 광진구 광장동,108,0108,0000,효성리버카운티,월세,24.0400,202510,18,"1,000",55,4,2003,아차산로78길 56,202510~202610,신규,-,,,officetel
2512,서울특별시 광진구 광장동,108,0108,0000,효성리버카운티,월세,24.0400,202510,18,"1,000",60,3,2003,아차산로78길 56,202511~202611,신규,-,,,officetel
2513,서울특별시 광진구 군자동,355-1,0355,0001,동원데쟈뷰,전세,17.1600,202510,18,"18,900",0,7,2020,동일로 194,202511~202711,갱신,-,"18,000",0,officetel
2514,서울특별시 광진구 화양동,111-12,0111,0012,빌리브 인테라스,월세,16.8800,202510,17,"20,700",13,6,2021,능동로 172,202512~202712,신규,-,,,officetel
2515,서울특별시 광진구 구의동,199-14,0199,0014,(199-14),월세,37.2600,202510,17,"14,000",15,3,2001,광나루로54길 20,202512~202712,신규,-,,,officetel
2516,서울특별시 광진구 능동,222-7,0222,0007,(222-7),전세,20.9400,202510,17,"16,170",0,4,2017,능동로36길 29,202511~202711,신규,-,,,officetel
2517,서울특별시 광진구 구의동,243-13,0243,0013,리버 비스타 구의,전세,20.8700,202510,17,"19,950",0,4,2019,아차산로 417,202511~202711,갱신,-,"19,000",0,officetel
2518,서울특별시 광진구 광장동,120,0120,0000,주성아우라 오피스텔,월세,29.8300,202510,17,"1,000",68,1,2011,아차산로78길 33,202510~202610,신규,-,,,officetel
2519,서울특별시 광진구 자양동,870,0870,0000,이스트폴,월세,32.1300,202510,17,"2,000",148,13,2025,아차산로 400,202511~202611,신규,-,,,officetel
2520,서울특별시 광진구 자양동,870,0870,0000,이스트폴,월세,32.1300,202510,17,"2,000",148,14,2025,아차산로 400,202510~202610,신규,-,,,officetel
2521,서울특별시 광진구 자양동,870,0870,0000,이스트폴,월세,32.1300,202510,17,"2,000",151,20,2025,아차산로 400,202510~202610,신규,-,,,officetel
2522,서울특별시 광진구 자양동,779,0779,0000,타워더모스트광진아크로텔,월세,23.9700,202510,17,"1,000",85,9,2014,아차산로 355,202510~202604,갱신,사용,"1,000",81,officetel
2523,서울특별시 광진구 중곡동,639-6,0639,0006,정익제이타워2차,월세,15.9300,202510,17,"1,000",90,13,2020,천호대로 537,202510~202710,신규,-,,,officetel
2524,서울특별시 광진구 구의동,251-34,0251,0034,신도브래뉴오피스텔,월세,20.0800,202510,17,"1,000",53,3,2003,자양로 138,202511~202611,갱신,-,"1,000",50,officetel
2525,서울특별시 광진구 구의동,252-16,0252,0016,웰츠타워,월세,24.7500,202510,17,"1,000",85,10,2015,자양로 116,202511~202611,신규,-,,,officetel
2526,서울특별시 광진구 중곡동,648-14,0648,0014,아지(AZ)0213,월세,20.4400,202510,16,"1,000",63,5,2015,능동로37길 6,202510~202610,갱신,-,"1,000",60,officetel
2527,서울특별시 광진구 화양동,21-20,0021,0020,광진캠퍼스시티,월세,17.4900,202510,16,"1,000",66,4,2017,동일로 178,202511~202611,신규,-,,,officetel
2528,서울특별시 광진구 화양동,193,0193,0000,하이뷰오피스텔,월세,18.4300,202510,16,"19,950",10,4,2020,광나루로 386,202510~202710,갱신,사용,"19,000",10,officetel
2529,서울특별시 광진구 자양동,779,0779,0000,타워더모스트광진아크로텔,월세,26.3200,202510,16,"2,000",80,15,2014,아차산로 355,202511~202611,갱신,-,"2,000",75,officetel
2530,서울특별시 광진구 구의동,252-16,0252,0016,웰츠타워,월세,29.8900,202510,16,"1,000",108,19,2015,자양로 116,202510~202610,신규,-,,,officetel
2531,서울특별시 광진구 군자동,355-1,0355,0001,동원데쟈뷰,전세,17.1600,202510,16,"20,000",0,9,2020,동일로 194,202511~202711,갱신,-,"20,475",0,officetel
2532,서울특별시 광진구 자양동,779,0779,0000,타워더모스트광진아크로텔,월세,23.9700,202510,16,"10,000",50,8,2014,아차산로 355,202512~202612,신규,-,,,officetel
2533,서울특별시 광진구 중곡동,158-4,0158,0004,(158-4),월세,55.8800,202510,16,"10,000",130,7,2012,천호대로109길 15,202512~202712,신규,-,,,officetel
2534,서울특별시 광진구 화양동,174,0174,0000,건대 트레비앙 오피스텔,전세,17.4600,202510,16,"21,800",0,9,2023,광나루로 374,202510~202710,갱신,사용,"21,800",0,officetel
2535,서울특별시 광진구 구의동,252-16,0252,0016,웰츠타워,월세,43.6100,202510,15,"1,000",142,14,2015,자양로 116,202510~202610,신규,-,,,officetel
2536,서울특별시 광진구 화양동,21-22,0021,0022,케이타워 오피스텔 B,월세,18.8500,202510,15,"1,000",74,10,2013,동일로30길 23,202511~202611,갱신,-,"1,000",70,officetel
2537,서울특별시 광진구 화양동,193,0193,0000,하이뷰오피스텔,월세,18.5700,202510,15,500,92,8,2020,광나루로 386,202510~202610,갱신,-,500,88,officetel
2538,서울특별시 광진구 자양동,608-21,0608,0021,제이원하이텔,월세,23.9400,202510,15,"10,000",40,6,2004,자양번영로 34,202511~202711,신규,-,,,officetel
2539,서울특별시 광진구 자양동,861,0861,0000,자양 호반써밋,월세,21.3800,202510,15,"1,000",112,5,2021,능동로 69,202510~202710,신규,-,,,officetel
2540,서울특별시 광진구 구의동,199-14,0199,0014,(199-14),월세,32.8500,202510,15,"14,000",8,5,2001,광나루로54길 20,202511~202711,신규,-,,,officetel
2541,서울특별시 광진구 중곡동,158-8,0158,0008,JS더빌,전세,22.3300,202510,14,"16,000",0,3,2009,능동로38길 15-4,202511~202711,신규,-,,,officetel
2542,서울특별시 광진구 화양동,94-9,0094,0009,화양동 프라하임,월세,26.8500,202510,14,"1,000",170,6,2022,능동로 165-1,202510~202610,신규,-,,,officetel
2543,서울특별시 광진구 화양동,193,0193,0000,하이뷰오피스텔,월세,18.5700,202510,14,"1,000",90,8,2020,광나루로 386,202510~202710,신규,-,,,officetel
2544,서울특별시 광진구 중곡동,158-18,0158,0018,마인하임158,전세,26.0000,202510,14,"25,000",0,4,2018,능동로40길 10-5,202512~202712,신규,-,,,officetel
2545,서울특별시 광진구 중곡동,157-6,0157,0006,아스하임,전세,16.7300,202510,14,"20,000",0,6,2019,천호대로 559,202512~202712,신규,-,,,officetel
2546,서울특별시 광진구 군자동,473-1,0473,0001,(473-1),월세,18.1000,202510,14,"3,000",83,8,2019,천호대로 530,202512~202612,갱신,사용,"3,000",75,officetel
2547,서울특별시 광진구 화양동,111-35,0111,0035,정익제이타워2차,월세,17.6100,202510,14,"1,000",100,6,2021,광나루로18길 15-1,202512~202612,신규,-,,,officetel
2548,서울특별시 광진구 자양동,227-7,0227,0007,더샵스타시티,월세,116.0200,202510,14,"80,000",80,9,2007,아차산로 262,202511~202711,신규,-,,,officetel
2549,서울특별시 광진구 화양동,174,0174,0000,건대 트레비앙 오피스텔,전세,17.4600,202510,14,"21,000",0,15,2023,광나루로 374,202512~202712,갱신,사용,"20,000",0,officetel
2550,서울특별시 광진구 구의동,589-10,0589,0010,구의아크로리버,월세,18.9900,202510,13,"1,000",60,4,2004,구의강변로 64,202511~202610,신규,-,,,officetel
2551,서울특별시 광진구 군자동,473-1,0473,0001,(473-1),월세,18.1000,202510,13,"18,000",15,9,2019,천호대로 530,202511~202711,갱신,-,"19,000",10,officetel
2552,서울특별시 광진구 광장동,396-13,0396,0013,(396-13),전세,95.2600,202510,13,"69,500",0,6,2000,천호대로 796,202512~202712,갱신,-,"65,000",0,officetel
2553,서울특별시 광진구 구의동,252-16,0252,0016,웰츠타워,월세,24.8200,202510,13,"1,000",90,14,2015,자양로 116,202511~202611,신규,-,,,officetel
2554,서울특별시 광진구 자양동,870,0870,0000,이스트폴,월세,32.1300,202510,13,"2,000",145,11,2025,아차산로 400,202510~202610,신규,-,,,officetel
2555,서울특별시 광진구 능동,222-2,0222,0002,군자 아델리제,월세,17.6500,202510,13,"18,600",10,3,2019,천호대로 570,202512~202712,갱신,사용,"20,700",0,officetel
2556,서울특별시 광진구 중곡동,639-4,0639,0004,정익제이타워1차,월세,16.3700,202510,12,"15,900",20,14,2018,천호대로 531-1,202512~202712,신규,-,,,officetel
2557,서울특별시 광진구 군자동,473-1,0473,0001,(473-1),월세,18.0800,202510,11,"18,000",10,6,2019,천호대로 530,202510~202710,신규,-,,,officetel
2558,서울특별시 광진구 화양동,21-23,0021,0023,케이타워 오피스텔 A,월세,19.9300,202510,11,"12,000",35,14,2013,광나루로14길 8,202511~202711,신규,-,,,officetel
2559,서울특별시 광진구 구의동,199-14,0199,0014,(199-14),월세,37.2600,202510,11,"1,000",80,4,2001,광나루로54길 20,202601~202801,갱신,사용,"1,000",80,officetel
2560,서울특별시 광진구 군자동,355-1,0355,0001,동원데쟈뷰,월세,17.1600,202510,11,"6,000",62,9,2020,동일로 194,202511~202711,신규,-,,,officetel
2561,서울특별시 광진구 중곡동,157-6,0157,0006,아스하임,월세,16.7300,202510,11,"1,000",90,7,2019,천호대로 559,202511~202611,신규,-,,,officetel
2562,서울특별시 광진구 화양동,3-60,0003,0060,몽몽공장,월세,56.8700,202510,11,100,67,5,2020,능동로13길 10-9,202510~202602,신규,-,,,officetel
2563,서울특별시 광진구 중곡동,41-33,0041,0033,비버리캐슬,월세,28.1200,202510,11,"7,500",35,6,2004,능동로 366,202511~202711,신규,-,,,officetel
2564,서울특별시 광진구 구의동,243-13,0243,0013,리버 비스타 구의,월세,21.0000,202510,10,"1,000",85,12,2019,아차산로 417,202510~202610,갱신,사용,"3,000",66,officetel
2565,서울특별시 광진구 화양동,302-24,0302,0024,(302-24),월세,24.9000,202510,10,"1,000",67,2,2002,광나루로 454,202510~202710,갱신,사용,"1,000",62,officetel
2566,서울특별시 광진구 화양동,193,0193,0000,하이뷰오피스텔,전세,18.5200,202510,10,"21,500",0,10,2020,광나루로 386,202512~202712,신규,-,,,officetel
2567,서울특별시 광진구 화양동,116-2,0116,0002,화양동 동도센트리움 캠퍼스파크,월세,16.8300,202510,10,"13,000",28,6,2019,광나루로 370,202512~202712,신규,-,,,officetel
2568,서울특별시 광진구 화양동,21-20,0021,0020,광진캠퍼스시티,월세,16.0800,202510,10,500,70,17,2017,동일로 178,202510~202610,갱신,-,500,67,officetel
2569,서울특별시 광진구 중곡동,157-17,0157,0017,리아리움더언타워,전세,17.4700,202510,10,"20,000",0,10,2017,천호대로109길 9,202511~202711,신규,-,,,officetel
2570,서울특별시 광진구 중곡동,639-6,0639,0006,정익제이타워2차,월세,15.9300,202510,10,"1,000",75,2,2020,천호대로 537,202510~202610,신규,-,,,officetel
2571,서울특별시 광진구 능동,222-7,0222,0007,(222-7),월세,31.7400,202510,10,"8,300",74,4,2017,능동로36길 29,202512~202711,신규,-,,,officetel
2572,서울특별시 광진구 구의동,633-4,0633,0004,진성파크뷰,월세,32.0600,202510,10,"3,000",160,6,2022,광나루로30길 3,202510~202710,신규,-,,,officetel
2573,서울특별시 광진구 자양동,779,0779,0000,타워더모스트광진아크로텔,월세,22.7600,202510,10,"18,400",3,20,2014,아차산로 355,202511~202711,신규,-,,,officetel
2574,서울특별시 광진구 중곡동,190-3,0190,0003,위너스텔,월세,18.1500,202510,06,500,52,4,2003,동일로 418,202510~202610,갱신,-,500,51,officetel
2575,서울특별시 광진구 자양동,779,0779,0000,타워더모스트광진아크로텔,월세,23.9700,202510,03,"1,000",95,11,2014,아차산로 355,202511~202711,신규,-,,,officetel
2576,서울특별시 광진구 구의동,199-8,0199,0008,(199-8),월세,24.9200,202510,03,"1,000",84,6,2017,아차산로 480,202511~202711,신규,-,,,officetel
2577,서울특별시 광진구 구의동,76-1,0076,0001,그랜드파크 오피스텔,월세,21.5600,202510,03,"1,000",78,4,2017,천호대로 666,202511~202711,신규,-,,,officetel
2578,서울특별시 광진구 자양동,219-6,0219,0006,자양오피스텔,월세,46.4100,202510,03,"5,000",82,2,2003,아차산로46가길 19,202511~202710,신규,-,,,officetel
2579,서울특별시 광진구 중곡동,41-33,0041,0033,비버리캐슬,월세,28.1200,202510,02,"10,000",40,3,2004,능동로 366,202511~202711,신규,-,,,officetel
2580,서울특별시 광진구 중곡동,639-6,0639,0006,정익제이타워2차,월세,15.9300,202510,02,"1,000",84,14,2020,천호대로 537,202510~202610,신규,-,,,officetel
2581,서울특별시 광진구 화양동,21-20,0021,0020,광진캠퍼스시티,월세,16.0800,202510,02,"3,000",65,10,2017,동일로 178,202510~202610,신규,-,,,officetel
2582,서울특별시 광진구 화양동,94-9,0094,0009,화양동 프라하임,전세,26.8500,202510,02,"34,000",0,13,2022,능동로 165-1,202511~202711,신규,-,,,officetel
2583,서울특별시 광진구 화양동,111-12,0111,0012,빌리브 인테라스,월세,16.8800,202510,02,"20,500",15,12,2021,능동로 172,202510~202610,신규,-,,,officetel
2584,서울특별시 광진구 구의동,199-14,0199,0014,(199-14),월세,35.3400,202510,02,"14,000",10,4,2001,광나루로54길 20,202512~202712,갱신,-,"13,550",5,officetel
2585,서울특별시 광진구 자양동,779,0779,0000,타워더모스트광진아크로텔,월세,23.9700,202510,02,"1,000",89,7,2014,아차산로 355,202512~202612,갱신,-,"1,000",85,officetel
2586,서울특별시 광진구 구의동,199-14,0199,0014,(199-14),월세,35.2200,202510,02,"8,000",38,4,2001,광나루로54길 20,202512~202712,갱신,-,"7,780",30,officetel
2587,서울특별시 광진구 자양동,680-2,0680,0002,안틸리아 자양,월세,25.9800,202510,01,"4,360",21,4,2022,자양로 92,202510~202709,갱신,-,103,45,officetel
2588,서울특별시 광진구 군자동,473-1,0473,0001,(473-1),월세,18.1000,202510,01,"18,000",9,10,2019,천호대로 530,202511~202711,갱신,-,"19,350",0,officetel
2589,서울특별시 광진구 화양동,21-20,0021,0020,광진캠퍼스시티,월세,16.0800,202510,01,"1,000",70,8,2017,동일로 178,202510~202609,신규,-,,,officetel
2590,서울특별시 광진구 화양동,21-20,0021,0020,광진캠퍼스시티,월세,17.4900,202510,01,"1,000",75,13,2017,동일로 178,202510~202610,신규,-,,,officetel
2591,서울특별시 광진구 중곡동,639-6,0639,0006,정익제이타워2차,월세,15.9300,202510,01,"10,950",43,7,2020,천호대로 537,202512~202712,신규,-,,,officetel
2592,서울특별시 광진구 자양동,779,0779,0000,타워더모스트광진아크로텔,전세,23.9700,202509,30,"18,300",0,10,2014,아차산로 355,202511~202711,신규,-,,,officetel
2593,서울특별시 광진구 구의동,251-157,0251,0157,아델리아 구의타워,월세,18.7400,202509,30,"1,000",65,6,2010,자양로 156,202510~202610,갱신,-,"1,000",62,officetel
2594,서울특별시 광진구 자양동,680-2,0680,0002,안틸리아 자양,월세,25.9800,202509,30,"4,643",19,5,2022,자양로 92,202510~202709,갱신,-,"4,640",18,officetel
2595,서울특별시 광진구 자양동,680-2,0680,0002,안틸리아 자양,월세,25.4600,202509,30,"5,273",19,3,2022,자양로 92,202510~202709,갱신,-,"5,270",17,officetel
2596,서울특별시 광진구 자양동,680-2,0680,0002,안틸리아 자양,월세,25.4600,202509,30,103,19,3,2022,자양로 92,202510~202709,갱신,-,100,43,officetel
2597,서울특별시 광진구 자양동,870,0870,0000,이스트폴,월세,32.1300,202509,30,"2,000",151,20,2025,아차산로 400,202511~202611,신규,-,,,officetel
2598,서울특별시 광진구 구의동,252-16,0252,0016,웰츠타워,월세,20.9700,202509,30,"1,000",77,11,2015,자양로 116,202510~202610,신규,-,,,officetel
2599,서울특별시 광진구 자양동,870,0870,0000,이스트폴,월세,32.1300,202509,30,"2,000",154,20,2025,아차산로 400,202510~202610,신규,-,,,officetel
2600,서울특별시 광진구 군자동,473-1,0473,0001,(473-1),월세,18.1300,202509,30,"18,000",9,3,2019,천호대로 530,202510~202710,갱신,-,"19,350",0,officetel
2601,서울특별시 광진구 구의동,218-12,0218,0012,다성리버텔,월세,33.9700,202509,30,"1,000",82,3,2002,아차산로 452,202510~202609,신규,-,,,officetel
2602,서울특별시 광진구 화양동,21-20,0021,0020,광진캠퍼스시티,월세,16.0800,202509,30,"1,000",70,5,2017,동일로 178,202509~202609,신규,-,,,officetel
